order_id,supplier_id,item_id,item_category,order_quantity,order_value,region,order_date,promised_date,receipt_date,promised_lead_time,actual_delivery_days,delay_days,historical_avg_delay,historical_late_rate,defect_rate,supplier_risk_class,late_delivery,predicted_late_delivery,risk_score,risk_category,risk_rank,risk_score_percent
PO012621,SUP033,P00127,Structure,5,1995.75,SITE03,2023-08-14,2023-11-11,2023-11-20,89,98,9,6.28,0.9659,0.0023,High,1,1,1.0,High,1,100.0
PO028890,SUP033,P00294,Cabin,8,24045.36,SITE06,2023-07-24,2023-10-26,2023-10-31,94,99,5,6.29,0.9647,0.0024,High,1,1,0.9986944444444444,High,2,99.87
PO016301,SUP033,P00164,Engine,13,18752.89,SITE04,2023-03-20,2023-06-25,2023-06-29,97,101,4,6.22,0.9549,0.0033,High,1,1,0.998611111111111,High,3,99.86
PO028817,SUP033,P00294,Cabin,20,60113.4,SITE04,2022-01-03,2022-04-25,2022-05-04,112,121,9,8.5,1.0,0.0,High,1,1,0.9983333333333333,High,4,99.83
PO025642,SUP033,P00264,Structure,3,11077.71,SITE03,2023-06-19,2023-09-22,2023-09-27,95,100,5,6.21,0.9618,0.0026,High,1,1,0.9980952380952381,High,5,99.81
PO028783,SUP033,P00294,Cabin,14,42079.38,SITE02,2023-08-14,2023-11-20,2023-11-22,98,100,2,6.31,0.9664,0.0023,High,1,1,0.9971491228070175,High,6,99.71
PO024829,SUP033,P00256,Fasteners,14,60166.54,SITE06,2023-05-15,2023-08-13,2023-08-17,90,94,4,6.14,0.9592,0.0029,High,1,1,0.9968333333333333,High,7,99.68
PO028771,SUP033,P00294,Cabin,7,21039.69,SITE01,2024-10-14,2025-01-24,2025-01-31,102,109,7,6.08,0.9626,0.002,High,1,1,0.9964444444444445,High,8,99.64
PO028893,SUP033,P00294,Cabin,22,66124.74,SITE06,2024-01-29,2024-05-07,2024-05-10,99,102,3,6.29,0.9644,0.0023,High,1,1,0.996204678362573,High,9,99.62
PO012850,SUP033,P00129,Hydraulics,3,1038.42,SITE01,2024-03-11,2024-05-30,2024-05-31,80,81,1,6.26,0.9657,0.0022,High,1,1,0.9961507936507937,High,10,99.62
PO006098,SUP033,P00061,Structure,4,771.76,SITE01,2024-02-12,2024-04-30,2024-05-06,78,84,6,6.27,0.9645,0.0023,High,1,1,0.9959126984126984,High,11,99.59
PO028884,SUP033,P00294,Cabin,43,129243.81,SITE06,2023-01-23,2023-04-29,2023-05-05,96,102,6,6.24,0.9528,0.0032,High,1,1,0.9957205882352942,High,12,99.57
PO016275,SUP033,P00164,Engine,10,14425.3,SITE02,2023-03-27,2023-07-05,2023-07-11,100,106,6,6.18,0.9557,0.0033,High,1,1,0.9947777777777778,High,13,99.48
PO016339,SUP033,P00164,Engine,16,23080.48,SITE06,2023-03-27,2023-06-28,2023-07-09,93,104,11,6.18,0.9559,0.0033,High,1,1,0.9945833333333334,High,14,99.46
PO028836,SUP033,P00294,Cabin,22,66124.74,SITE04,2023-08-21,2023-11-30,2023-12-10,101,111,10,6.32,0.9668,0.0022,High,1,1,0.9944269005847955,High,15,99.44
PO012886,SUP033,P00129,Hydraulics,4,1384.56,SITE06,2024-01-01,2024-03-27,2024-04-02,86,92,6,6.31,0.9625,0.0024,High,1,1,0.9934404761904764,High,16,99.34
PO024792,SUP033,P00256,Fasteners,9,38678.49,SITE04,2023-06-26,2023-09-19,2023-09-22,85,88,3,6.22,0.9626,0.0026,High,1,1,0.9927777777777779,High,17,99.28
PO016300,SUP033,P00164,Engine,9,12982.77,SITE04,2023-02-27,2023-05-26,2023-06-01,88,94,6,6.21,0.9533,0.0032,High,1,1,0.9926507936507936,High,18,99.27
PO024759,SUP033,P00256,Fasteners,8,34380.88,SITE02,2023-06-26,2023-09-16,2023-09-27,82,93,11,6.21,0.9624,0.0026,High,1,1,0.9920000000000001,High,19,99.2
PO025633,SUP033,P00264,Structure,2,7385.14,SITE02,2023-04-10,2023-07-06,2023-07-15,87,96,9,6.21,0.957,0.0032,High,1,1,0.9912301587301584,High,20,99.12
PO028748,SUP033,P00294,Cabin,10,30056.7,SITE01,2022-06-13,2022-09-10,2022-09-22,89,101,12,6.46,0.9663,0.0115,High,1,1,0.9908333333333333,High,21,99.08
PO024832,SUP033,P00256,Fasteners,11,47273.71,SITE06,2023-11-20,2024-02-19,2024-02-29,91,101,10,6.3,0.9631,0.0024,High,1,1,0.9907602339181287,High,22,99.08
PO028769,SUP033,P00294,Cabin,10,30056.7,SITE01,2024-04-22,2024-08-09,2024-08-13,109,113,4,6.22,0.9672,0.0021,High,1,1,0.9907444238873471,High,23,99.07
PO012692,SUP033,P00127,Structure,36,14369.4,SITE06,2023-10-09,2024-01-11,2024-01-18,94,101,7,6.3,0.9635,0.0021,High,1,1,0.989952380952381,High,24,99.0
PO028750,SUP033,P00294,Cabin,7,21039.69,SITE01,2022-08-08,2022-11-10,2022-11-18,94,102,8,6.24,0.9675,0.0065,High,1,1,0.9898214285714285,High,25,98.98
PO028779,SUP033,P00294,Cabin,20,60113.4,SITE02,2023-04-03,2023-07-07,2023-07-12,95,100,5,6.21,0.9567,0.0032,High,1,1,0.9898039215686274,High,26,98.98
PO024795,SUP033,P00256,Fasteners,20,85952.2,SITE04,2024-01-08,2024-04-09,2024-04-11,92,94,2,6.29,0.963,0.0024,High,1,1,0.9896491228070176,High,27,98.96
PO012578,SUP033,P00127,Structure,9,3592.35,SITE01,2022-07-18,2022-10-10,2022-10-16,84,90,6,6.44,0.9712,0.0077,High,1,1,0.9895997474747474,High,28,98.96
PO028898,SUP033,P00294,Cabin,16,48090.72,SITE06,2024-07-01,2024-10-02,2024-10-13,93,104,11,6.21,0.9676,0.0019,High,1,1,0.9888888888888888,High,29,98.89
PO024827,SUP033,P00256,Fasteners,19,81654.59,SITE06,2023-03-20,2023-06-23,2023-06-29,95,101,6,6.21,0.9552,0.0033,High,1,1,0.9886388888888888,High,30,98.86
PO012624,SUP033,P00127,Structure,4,1596.6,SITE03,2024-10-07,2024-12-26,2025-01-03,80,88,8,6.09,0.9622,0.002,High,1,1,0.9886111111111112,High,31,98.86
PO025666,SUP033,P00264,Structure,5,18462.85,SITE06,2023-04-24,2023-07-28,2023-07-31,95,98,3,6.18,0.9579,0.0031,High,1,1,0.9884166666666666,High,32,98.84
PO024743,SUP033,P00256,Fasteners,14,60166.54,SITE01,2023-07-31,2023-10-25,2023-10-31,86,92,6,6.26,0.9651,0.0024,High,1,1,0.9883888888888889,High,33,98.84
PO016302,SUP033,P00164,Engine,15,21637.95,SITE04,2023-06-05,2023-09-20,2023-09-26,107,113,6,6.17,0.9607,0.0028,High,1,1,0.9875555555555555,High,34,98.76
PO006100,SUP033,P00061,Structure,4,771.76,SITE01,2024-07-08,2024-10-08,2024-10-13,92,97,5,6.22,0.9677,0.0019,High,1,1,0.9872619047619048,High,35,98.73
PO025651,SUP033,P00264,Structure,5,18462.85,SITE04,2024-02-19,2024-05-20,2024-05-27,91,98,7,6.26,0.965,0.0022,High,1,1,0.9869444444444446,High,36,98.69
PO016343,SUP033,P00164,Engine,11,15867.83,SITE06,2024-04-08,2024-07-01,2024-07-08,84,91,7,6.25,0.9665,0.0021,High,1,1,0.9867499999999999,High,37,98.68
PO012674,SUP033,P00127,Structure,28,11176.2,SITE06,2022-07-25,2022-10-21,2022-10-23,88,90,2,6.38,0.9732,0.0072,High,1,1,0.9864271284271285,High,38,98.64
PO024819,SUP033,P00256,Fasteners,25,107440.25,SITE06,2022-02-14,2022-05-12,2022-05-23,87,98,11,7.3,1.0,0.0,High,1,1,0.985095238095238,High,39,98.51
PO025662,SUP033,P00264,Structure,3,11077.71,SITE06,2022-10-03,2023-01-02,2023-01-09,91,98,7,6.25,0.9608,0.0046,High,1,1,0.9842301587301587,High,40,98.42
PO006099,SUP033,P00061,Structure,5,964.7,SITE01,2024-05-20,2024-08-11,2024-08-19,83,91,8,6.23,0.9684,0.002,High,1,1,0.9836785714285713,High,41,98.37
PO028849,SUP033,P00294,Cabin,16,48090.72,SITE04,2024-08-05,2024-11-02,2024-11-09,89,96,7,6.15,0.967,0.0019,High,1,1,0.9836023391812866,High,42,98.36
PO012848,SUP033,P00129,Hydraulics,2,692.28,SITE01,2022-10-03,2023-01-04,2023-01-06,93,95,2,6.23,0.9595,0.0046,High,1,1,0.9830555555555556,High,43,98.31
PO024833,SUP033,P00256,Fasteners,4,17190.44,SITE06,2024-01-01,2024-03-27,2024-03-31,86,90,4,6.3,0.9627,0.0024,High,1,1,0.9829126984126985,High,44,98.29
PO028806,SUP033,P00294,Cabin,9,27051.03,SITE03,2023-09-18,2023-12-31,2024-01-08,104,112,8,6.33,0.9677,0.0022,High,1,1,0.9823805993061311,High,45,98.24
PO006093,SUP033,P00061,Structure,5,964.7,SITE01,2022-12-12,2023-03-17,2023-03-21,95,99,4,6.31,0.9548,0.0041,High,1,1,0.9818484848484849,High,46,98.18
PO028766,SUP033,P00294,Cabin,18,54102.06,SITE01,2023-12-18,2024-03-18,2024-03-22,91,95,4,6.32,0.9621,0.0023,High,1,1,0.9807046783625735,High,47,98.07
PO012599,SUP033,P00127,Structure,16,6386.4,SITE02,2023-01-30,2023-04-21,2023-04-30,81,90,9,6.24,0.953,0.0032,High,1,1,0.9801111111111112,High,48,98.01
PO016262,SUP033,P00164,Engine,5,7212.65,SITE01,2023-04-17,2023-07-23,2023-07-24,97,98,1,6.21,0.9573,0.0031,High,1,1,0.9796507936507937,High,49,97.97
PO025638,SUP033,P00264,Structure,3,11077.71,SITE02,2024-11-11,2025-02-10,2025-02-19,91,100,9,6.1,0.9634,0.0019,High,1,1,0.979642021720969,High,50,97.96
PO012849,SUP033,P00129,Hydraulics,4,1384.56,SITE01,2023-01-23,2023-04-17,2023-04-21,84,88,4,6.25,0.9522,0.0032,High,1,1,0.9789682539682538,High,51,97.9
PO024781,SUP033,P00256,Fasteners,24,103142.64,SITE04,2022-03-14,2022-06-21,2022-06-28,99,106,7,7.08,1.0,0.0,High,1,1,0.9788928571428571,High,52,97.89
PO028856,SUP033,P00294,Cabin,10,30056.7,SITE05,2022-06-20,2022-09-16,2022-09-22,88,94,6,6.51,0.9684,0.01,High,1,1,0.9782222222222223,High,53,97.82
PO024753,SUP033,P00256,Fasteners,12,51571.32,SITE02,2022-07-11,2022-10-12,2022-10-21,93,102,9,6.42,0.9706,0.008,High,1,1,0.9767705026455027,High,54,97.68
PO028764,SUP033,P00294,Cabin,14,42079.38,SITE01,2023-09-25,2024-01-08,2024-01-16,105,113,8,6.31,0.9658,0.0022,High,1,1,0.9756408332242598,High,55,97.56
PO028853,SUP033,P00294,Cabin,5,15028.35,SITE05,2022-02-21,2022-06-15,2022-06-24,114,123,9,7.53,1.0,0.0,High,1,1,0.9749787234042554,High,56,97.5
PO012883,SUP033,P00129,Hydraulics,2,692.28,SITE06,2022-10-03,2022-12-27,2023-01-07,85,96,11,6.2,0.9597,0.0046,High,1,1,0.9740555555555557,High,57,97.41
PO006094,SUP033,P00061,Structure,6,1157.64,SITE01,2023-01-23,2023-04-23,2023-05-03,90,100,10,6.23,0.952,0.0032,High,1,1,0.9717460317460317,High,58,97.17
PO012672,SUP033,P00127,Structure,5,1995.75,SITE05,2024-10-21,2025-01-15,2025-01-23,86,94,8,6.09,0.9628,0.002,High,1,1,0.9713910256410256,High,59,97.14
PO028822,SUP033,P00294,Cabin,14,42079.38,SITE04,2022-05-16,2022-08-30,2022-09-05,106,112,6,6.65,0.9744,0.0,High,1,1,0.9697307692307692,High,60,96.97
PO028883,SUP033,P00294,Cabin,4,12022.68,SITE06,2023-01-09,2023-05-04,2023-05-06,115,117,2,6.27,0.9556,0.0035,High,1,1,0.9695999327575617,High,61,96.96
PO025650,SUP033,P00264,Structure,6,22155.42,SITE04,2023-02-20,2023-05-13,2023-05-19,82,88,6,6.23,0.9526,0.0033,High,1,1,0.9691388888888889,High,62,96.91
PO025667,SUP033,P00264,Structure,23,84929.11,SITE06,2023-05-15,2023-07-30,2023-08-07,76,84,8,6.13,0.9593,0.0029,High,1,1,0.9691111111111111,High,63,96.91
PO012583,SUP033,P00127,Structure,7,2794.05,SITE01,2023-09-04,2023-11-21,2023-11-28,78,85,7,6.33,0.9672,0.0022,High,1,1,0.9688941798941799,High,64,96.89
PO016295,SUP033,P00164,Engine,17,24523.01,SITE04,2022-04-11,2022-07-21,2022-07-23,101,103,2,6.64,1.0,0.0,High,1,1,0.96851443001443,High,65,96.85
PO028866,SUP033,P00294,Cabin,7,21039.69,SITE05,2023-10-09,2024-01-18,2024-01-30,101,113,12,6.3,0.9637,0.0021,High,1,1,0.9682499999999998,High,66,96.82
PO012698,SUP033,P00127,Structure,20,7983.0,SITE06,2024-07-08,2024-10-01,2024-10-09,85,93,8,6.21,0.9677,0.0019,High,1,1,0.9681881977671452,High,67,96.82
PO012847,SUP033,P00129,Hydraulics,4,1384.56,SITE01,2022-03-14,2022-06-09,2022-06-15,87,93,6,7.11,1.0,0.0,High,1,1,0.967530303030303,High,68,96.75
PO025660,SUP033,P00264,Structure,3,11077.71,SITE06,2022-08-01,2022-10-30,2022-10-29,90,89,-1,6.33,0.9748,0.007,High,0,1,0.9664999999999999,High,69,96.65
PO024736,SUP033,P00256,Fasteners,11,47273.71,SITE01,2022-10-03,2023-01-01,2023-01-08,90,97,7,6.23,0.96,0.0046,High,1,1,0.9662037037037036,High,70,96.62
PO012671,SUP033,P00127,Structure,9,3592.35,SITE05,2024-09-23,2024-12-21,2024-12-24,89,92,3,6.09,0.9617,0.002,High,1,1,0.9654029304029305,High,71,96.54
PO024785,SUP033,P00256,Fasteners,11,47273.71,SITE04,2023-01-09,2023-04-16,2023-04-21,97,102,5,6.27,0.9552,0.0035,High,1,1,0.9647880116959064,High,72,96.48
PO028826,SUP033,P00294,Cabin,19,57107.73,SITE04,2022-10-03,2023-01-07,2023-01-12,96,101,5,6.25,0.961,0.0046,High,1,1,0.9644126984126984,High,73,96.44
PO012638,SUP033,P00127,Structure,45,17961.75,SITE04,2023-01-16,2023-04-04,2023-04-15,78,89,11,6.25,0.9558,0.0033,High,1,1,0.9635634920634921,High,74,96.36
PO016315,SUP033,P00164,Engine,6,8655.18,SITE04,2024-07-22,2024-10-25,2024-10-29,95,99,4,6.19,0.9683,0.0019,High,1,1,0.9631666666666668,High,75,96.32
PO012651,SUP033,P00127,Structure,40,15966.0,SITE04,2024-04-15,2024-07-04,2024-07-10,80,86,6,6.24,0.9667,0.0021,High,1,1,0.962980158730159,High,76,96.3
PO012629,SUP033,P00127,Structure,23,9180.45,SITE04,2022-03-14,2022-06-17,2022-06-22,95,100,5,7.16,1.0,0.0,High,1,1,0.9622525252525255,High,77,96.23
PO012887,SUP033,P00129,Hydraulics,2,692.28,SITE06,2024-03-04,2024-05-15,2024-05-18,72,75,3,6.27,0.9653,0.0022,High,1,1,0.9610793650793649,High,78,96.11
PO024761,SUP033,P00256,Fasteners,7,30083.27,SITE02,2023-09-25,2023-12-25,2023-12-25,91,91,0,6.32,0.9683,0.0022,High,0,1,0.9602361111111111,High,79,96.02
PO006105,SUP033,P00061,Structure,2,385.88,SITE02,2024-03-25,2024-06-08,2024-06-14,75,81,6,6.25,0.9662,0.0021,High,1,1,0.959222222222222,High,80,95.92
PO012872,SUP033,P00129,Hydraulics,2,692.28,SITE04,2024-11-11,2025-02-03,2025-02-09,84,90,6,6.11,0.9633,0.0019,High,1,1,0.9584979019518494,High,81,95.85
PO028865,SUP033,P00294,Cabin,19,57107.73,SITE05,2023-09-25,2024-01-07,2024-01-06,104,103,-1,6.31,0.9659,0.0022,High,0,1,0.9584291930126195,High,82,95.84
PO012628,SUP033,P00127,Structure,18,7184.7,SITE04,2022-02-14,2022-05-13,2022-05-19,88,94,6,7.43,1.0,0.0,High,1,1,0.9550303030303032,High,83,95.5
PO012858,SUP033,P00129,Hydraulics,4,1384.56,SITE02,2024-12-09,2025-02-27,2025-03-09,80,90,10,6.09,0.9643,0.0019,High,1,1,0.9548754873294348,High,84,95.49
PO028869,SUP033,P00294,Cabin,8,24045.36,SITE05,2024-06-10,2024-09-16,2024-09-26,98,108,10,6.24,0.9689,0.002,High,1,1,0.9541785714285717,High,85,95.42
PO028772,SUP033,P00294,Cabin,7,21039.69,SITE01,2024-10-28,2025-02-12,2025-02-18,107,113,6,6.11,0.9631,0.002,High,1,1,0.9533279297534616,High,86,95.33
PO016274,SUP033,P00164,Engine,3,4327.59,SITE02,2022-10-24,2023-01-25,2023-02-05,93,104,11,6.31,0.9595,0.0049,High,1,1,0.9516666666666669,High,87,95.17
PO028791,SUP033,P00294,Cabin,22,66124.74,SITE02,2024-05-20,2024-08-26,2024-09-03,98,106,8,6.23,0.9685,0.002,High,1,1,0.9478333333333334,High,88,94.78
PO028867,SUP033,P00294,Cabin,8,24045.36,SITE05,2023-11-27,2024-02-28,2024-03-05,93,99,6,6.31,0.9637,0.0024,High,1,1,0.9466917989417988,High,89,94.67
PO012862,SUP033,P00129,Hydraulics,1,346.14,SITE03,2024-01-08,2024-04-03,2024-04-12,86,95,9,6.3,0.9628,0.0024,High,1,1,0.944929894179894,High,90,94.49
PO012642,SUP033,P00127,Structure,28,11176.2,SITE04,2023-10-23,2024-01-17,2024-01-25,86,94,8,6.32,0.9642,0.0023,High,1,1,0.9443456450956451,High,91,94.43
PO028774,SUP033,P00294,Cabin,6,18034.02,SITE02,2022-05-30,2022-09-18,2022-09-23,111,116,5,6.52,0.9639,0.0131,High,1,1,0.9431255488010807,High,92,94.31
PO016280,SUP033,P00164,Engine,1,1442.53,SITE02,2024-09-09,2024-11-29,2024-11-27,81,79,-2,6.09,0.9628,0.0021,High,0,1,0.9424933862433863,High,93,94.25
PO016320,SUP033,P00164,Engine,13,18752.89,SITE05,2022-10-17,2023-01-22,2023-02-01,97,107,10,6.29,0.9576,0.0053,High,1,1,0.9419307081807081,High,94,94.19
PO024751,SUP033,P00256,Fasteners,6,25785.66,SITE02,2022-04-25,2022-07-21,2022-07-23,87,89,2,6.67,1.0,0.0,High,1,1,0.9407460317460321,High,95,94.07
PO028815,SUP033,P00294,Cabin,7,21039.69,SITE03,2024-09-16,2025-01-02,2025-01-09,108,115,7,6.08,0.9616,0.0021,High,1,1,0.9392880746809978,High,96,93.93
PO012664,SUP033,P00127,Structure,10,3991.5,SITE05,2022-09-26,2022-12-19,2022-12-27,84,92,8,6.28,0.9655,0.0047,High,1,1,0.9390894383394384,High,97,93.91
PO006102,SUP033,P00061,Structure,1,192.94,SITE02,2023-05-29,2023-08-30,2023-09-05,93,99,6,6.15,0.9601,0.0028,High,1,1,0.9373293650793649,High,98,93.73
PO024801,SUP033,P00256,Fasteners,8,34380.88,SITE05,2022-04-25,2022-07-30,2022-08-12,96,109,13,6.6,1.0,0.0,High,1,1,0.9372922077922077,High,99,93.73
PO024825,SUP033,P00256,Fasteners,9,38678.49,SITE06,2022-11-28,2023-02-23,2023-02-24,87,88,1,6.29,0.9536,0.0043,High,1,1,0.9342812776891724,High,100,93.43
PO025664,SUP033,P00264,Structure,13,48003.41,SITE06,2022-12-05,2023-02-23,2023-03-05,80,90,10,6.29,0.9545,0.0043,High,1,1,0.9337463450292398,High,101,93.37
PO025632,SUP033,P00264,Structure,3,11077.71,SITE02,2022-04-18,2022-07-14,2022-07-19,87,92,5,6.55,1.0,0.0,High,1,1,0.931673767752715,High,102,93.17
PO012863,SUP033,P00129,Hydraulics,5,1730.7,SITE04,2022-04-04,2022-06-26,2022-06-28,83,85,2,6.82,1.0,0.0,High,1,1,0.9311176046176045,High,103,93.11
PO028827,SUP033,P00294,Cabin,18,54102.06,SITE04,2022-10-17,2023-02-01,2023-02-09,107,115,8,6.3,0.9586,0.0053,High,1,1,0.930897800055695,High,104,93.09
PO006128,SUP033,P00061,Structure,3,578.82,SITE05,2024-11-18,2025-02-11,2025-02-16,85,90,5,6.11,0.9635,0.0019,High,1,1,0.9295489203778676,High,105,92.95
PO028839,SUP033,P00294,Cabin,32,96181.44,SITE04,2023-11-20,2024-03-05,2024-03-06,106,107,1,6.31,0.9632,0.0024,High,1,1,0.9295102339181286,High,106,92.95
PO012659,SUP033,P00127,Structure,54,21554.1,SITE04,2024-11-04,2025-01-24,2025-01-30,81,87,6,6.11,0.9632,0.0019,High,1,1,0.925135153589101,High,107,92.51
PO024754,SUP033,P00256,Fasteners,17,73059.37,SITE02,2022-12-05,2023-03-07,2023-03-15,92,100,8,6.28,0.9543,0.0043,High,1,1,0.9228409217488165,High,108,92.28
PO025641,SUP033,P00264,Structure,5,18462.85,SITE03,2022-12-19,2023-03-12,2023-03-16,83,87,4,6.28,0.9522,0.0038,High,1,1,0.9223075396825394,High,109,92.23
PO012865,SUP033,P00129,Hydraulics,15,5192.1,SITE04,2022-09-12,2022-12-19,2023-01-01,98,111,13,6.3,0.9699,0.0054,High,1,1,0.9214722222222222,High,110,92.15
PO006138,SUP033,P00061,Structure,14,2701.16,SITE06,2023-07-17,2023-09-25,2023-10-01,70,76,6,6.24,0.9637,0.0024,High,1,1,0.9213888888888888,High,111,92.14
PO016330,SUP033,P00164,Engine,5,7212.65,SITE05,2024-09-23,2024-12-19,2024-12-27,87,95,8,6.08,0.9618,0.002,High,1,1,0.9211952584452585,High,112,92.12
PO012852,SUP033,P00129,Hydraulics,6,2076.84,SITE02,2022-01-31,2022-05-08,2022-05-16,97,105,8,7.33,1.0,0.0,High,1,1,0.9211572871572872,High,113,92.12
PO024782,SUP033,P00256,Fasteners,13,55868.93,SITE04,2022-09-19,2022-12-12,2022-12-17,84,89,5,6.31,0.9645,0.0054,High,1,1,0.9208448900027848,High,114,92.08
PO012632,SUP033,P00127,Structure,27,10777.05,SITE04,2022-06-13,2022-09-12,2022-09-21,91,100,9,6.43,0.9659,0.0115,High,1,1,0.9207380952380952,High,115,92.07
PO024783,SUP033,P00256,Fasteners,6,25785.66,SITE04,2022-11-28,2023-03-02,2023-03-08,94,100,6,6.3,0.9534,0.0043,High,1,1,0.9189867724867724,High,116,91.9
PO024813,SUP033,P00256,Fasteners,12,51571.32,SITE05,2024-05-13,2024-08-02,2024-08-08,81,87,6,6.2,0.9681,0.002,High,1,1,0.9137632275132277,High,117,91.38
PO024844,SUP033,P00256,Fasteners,16,68761.76,SITE06,2024-12-16,2025-03-14,2025-03-24,88,98,10,6.11,0.9648,0.002,High,1,1,0.9096836219336221,High,118,90.97
PO028952,SUP014,P00295,Structure,17,5443.57,SITE04,2022-08-22,2022-09-25,2022-09-25,34,34,0,2.66,0.7391,0.0014,Medium,0,1,0.9055952115952118,High,119,90.56
PO012655,SUP033,P00127,Structure,27,10777.05,SITE04,2024-06-24,2024-09-14,2024-09-19,82,87,5,6.22,0.9672,0.0019,High,1,1,0.8970031328320802,High,120,89.7
PO023575,SUP013,P00240,Electrical,6,6674.64,SITE05,2024-04-29,2024-06-12,2024-06-10,44,42,-2,2.4,0.6867,0.0015,Medium,0,1,0.8933013878961457,High,121,89.33
PO024811,SUP033,P00256,Fasteners,7,30083.27,SITE05,2023-08-14,2023-11-16,2023-11-24,94,102,8,6.29,0.9661,0.0023,High,1,1,0.8898465608465608,High,122,88.98
PO012657,SUP033,P00127,Structure,21,8382.15,SITE04,2024-07-29,2024-10-25,2024-10-26,88,89,1,6.17,0.9667,0.0019,High,1,1,0.8896896407685881,High,123,88.97
PO016321,SUP033,P00164,Engine,8,11540.24,SITE05,2022-12-26,2023-03-20,2023-03-26,84,90,6,6.26,0.9533,0.0037,High,1,1,0.8890001526251524,High,124,88.9
PO028850,SUP033,P00294,Cabin,42,126238.14,SITE04,2024-12-09,2025-04-03,2025-04-09,115,121,6,6.1,0.9645,0.0019,High,1,1,0.8870844835518752,High,125,88.71
PO024817,SUP033,P00256,Fasteners,11,47273.71,SITE05,2024-12-16,2025-03-20,2025-03-29,94,103,9,6.1,0.9647,0.002,High,1,1,0.8869785954785956,High,126,88.7
PO026611,SUP023,P00271,Cabin,9,41544.81,SITE06,2022-10-10,2022-12-24,2022-12-30,75,81,6,2.83,0.7727,0.0048,Medium,1,1,0.886147554259357,High,127,88.61
PO017860,SUP025,P00181,Structure,9,8960.85,SITE05,2024-03-25,2024-05-05,2024-05-04,41,40,-1,2.5,0.6786,0.0014,Medium,0,1,0.8789793674351762,High,128,87.9
PO000878,SUP002,P00006,Cabin,32,21291.52,SITE06,2024-11-18,2025-01-28,2025-02-03,71,77,6,2.59,0.7171,0.001,Medium,1,1,0.8762375470208532,High,129,87.62
PO026565,SUP023,P00271,Cabin,5,23080.45,SITE02,2023-07-17,2023-09-25,2023-09-24,70,69,-1,2.57,0.7338,0.0039,Medium,0,1,0.8759704060764333,High,130,87.6
PO022886,SUP002,P00231,Cabin,76,47757.64,SITE06,2023-05-01,2023-07-15,2023-07-18,75,78,3,2.48,0.6951,0.0014,Medium,1,1,0.8755165306930485,High,131,87.55
PO024752,SUP033,P00256,Fasteners,3,12892.83,SITE02,2022-06-20,2022-08-30,2022-09-03,71,75,4,6.55,0.9677,0.01,High,1,1,0.8752281746031747,High,132,87.52
PO019848,SUP006,P00202,Engine,4,1293.6,SITE05,2024-08-12,2024-10-20,2024-10-23,69,72,3,2.49,0.6824,0.0012,Medium,1,1,0.8726923022545232,High,133,87.27
PO009651,SUP003,P00097,Hydraulics,6,4211.76,SITE03,2022-03-07,2022-04-19,2022-04-25,43,49,6,2.32,0.6429,0.0,Medium,1,1,0.8722225108111816,High,134,87.22
PO024440,SUP013,P00251,Hydraulics,6,11827.14,SITE05,2024-01-01,2024-02-13,2024-02-19,43,49,6,2.41,0.6868,0.0016,Medium,1,1,0.8679920929460404,High,135,86.8
PO001039,SUP018,P00008,Avionics,8,2317.28,SITE03,2023-01-02,2023-02-21,2023-02-21,50,50,0,2.15,0.6771,0.0016,Medium,0,1,0.866008749159524,High,136,86.6
PO007117,SUP006,P00072,Fasteners,8,46210.56,SITE01,2022-04-18,2022-06-08,2022-06-10,51,53,2,2.61,0.6696,0.0,Medium,1,1,0.8642487202587021,High,137,86.42
PO023485,SUP013,P00239,Structure,16,4369.6,SITE06,2023-08-21,2023-10-09,2023-10-15,49,55,6,2.4,0.6806,0.0016,Medium,1,1,0.8614203480390338,High,138,86.14
PO011030,SUP039,P00111,Cabin,16,127221.44,SITE05,2024-09-09,2024-10-28,2024-10-27,49,48,-1,2.46,0.7029,0.0027,Medium,0,1,0.8609529435705906,High,139,86.1
PO008531,SUP039,P00085,Cabin,9,51364.89,SITE05,2024-07-08,2024-08-27,2024-08-29,50,52,2,2.4,0.6825,0.0023,Medium,1,1,0.8594296218487394,High,140,85.94
PO005210,SUP027,P00054,Fasteners,11,44659.67,SITE06,2024-11-11,2024-12-21,2024-12-19,40,38,-2,2.44,0.6891,0.0009,Medium,0,1,0.8563812555185693,High,141,85.64
PO026589,SUP023,P00271,Cabin,7,32312.63,SITE04,2022-12-26,2023-03-05,2023-03-06,69,70,1,3.09,0.8068,0.005,Medium,1,1,0.8561711872581879,High,142,85.62
PO019939,SUP024,P00203,Fasteners,16,20946.56,SITE04,2023-06-19,2023-08-22,2023-08-20,64,62,-2,2.31,0.6618,0.0016,Medium,0,1,0.8541864054338949,High,143,85.42
PO026607,SUP023,P00271,Cabin,6,27696.54,SITE05,2024-08-12,2024-10-17,2024-10-24,66,73,7,2.63,0.7344,0.0036,Medium,1,1,0.8533450096218862,High,144,85.33
PO002945,SUP023,P00030,Hydraulics,16,4719.36,SITE04,2022-10-17,2022-12-01,2022-12-03,45,47,2,2.88,0.7761,0.0047,Medium,1,1,0.8515917905682467,High,145,85.16
PO012614,SUP033,P00127,Structure,3,1197.45,SITE03,2022-05-02,2022-07-22,2022-07-29,81,88,7,6.74,1.0,0.0,High,1,1,0.8515633718133716,High,146,85.16
PO029497,SUP003,P00299,Fasteners,14,9694.58,SITE05,2023-04-17,2023-05-24,2023-05-27,37,40,3,2.26,0.636,0.0,Medium,1,1,0.8514099939597686,High,147,85.14
PO026557,SUP023,P00271,Cabin,9,41544.81,SITE01,2024-07-29,2024-10-04,2024-10-08,67,71,4,2.63,0.7364,0.0036,Medium,1,1,0.8497384357684514,High,148,84.97
PO007169,SUP006,P00072,Fasteners,11,63539.52,SITE04,2023-07-17,2023-09-07,2023-09-09,52,54,2,2.49,0.669,0.001,Medium,1,1,0.8481537997127006,High,149,84.82
PO013622,SUP040,P00138,LandingGear,5,11897.05,SITE02,2023-01-16,2023-02-21,2023-02-20,36,35,-1,2.23,0.6652,0.0023,Medium,0,1,0.8478067045467319,High,150,84.78
PO028976,SUP014,P00295,Structure,41,13128.61,SITE04,2024-09-09,2024-10-10,2024-10-16,31,37,6,2.49,0.6924,0.0007,Medium,1,1,0.8477501673832765,High,151,84.78
PO023571,SUP013,P00240,Electrical,3,3337.32,SITE05,2023-07-03,2023-08-14,2023-08-14,42,42,0,2.41,0.6826,0.0018,Medium,0,1,0.8475154800081849,High,152,84.75
PO016225,SUP027,P00163,Avionics,13,3833.96,SITE06,2022-02-28,2022-04-12,2022-04-09,43,40,-3,2.74,0.7353,0.0,Medium,0,1,0.8470520731813045,High,153,84.71
PO012670,SUP033,P00127,Structure,3,1197.45,SITE05,2024-09-02,2024-11-26,2024-12-02,85,91,6,6.13,0.9659,0.0018,High,1,1,0.8460145288434762,High,154,84.6
PO023198,SUP005,P00237,Structure,5,957.65,SITE04,2024-09-09,2024-10-20,2024-10-24,41,45,4,2.37,0.6641,0.0003,Medium,1,1,0.8459924312615489,High,155,84.6
PO004768,SUP006,P00048,Fasteners,6,8304.18,SITE06,2023-04-03,2023-06-08,2023-06-09,66,67,1,2.47,0.6653,0.0007,Medium,1,1,0.8448400951049205,High,156,84.48
PO022888,SUP002,P00231,Cabin,62,38960.18,SITE06,2023-07-03,2023-09-15,2023-09-16,74,75,1,2.5,0.6965,0.0012,Medium,1,1,0.8448045690968156,High,157,84.48
PO005187,SUP027,P00054,Fasteners,17,69019.49,SITE06,2023-01-30,2023-03-10,2023-03-12,39,41,2,2.57,0.7011,0.0004,Medium,1,1,0.843612378792365,High,158,84.36
PO009742,SUP013,P00098,Electrical,2,2096.04,SITE05,2024-03-11,2024-04-23,2024-04-25,43,45,2,2.4,0.6837,0.0016,Medium,1,1,0.8429653088517335,High,159,84.3
PO000692,SUP002,P00006,Cabin,14,9315.04,SITE01,2022-07-04,2022-09-13,2022-09-17,71,75,4,2.37,0.6644,0.0005,Medium,1,1,0.8421267882656949,High,160,84.21
PO018735,SUP002,P00191,LandingGear,18,19826.46,SITE04,2024-08-12,2024-10-12,2024-10-18,61,67,6,2.54,0.7081,0.001,Medium,1,1,0.8410249708287687,High,161,84.1
PO000870,SUP002,P00006,Cabin,20,13307.2,SITE06,2024-06-10,2024-08-16,2024-08-16,67,67,0,2.55,0.7077,0.001,Medium,0,1,0.8409435167426744,High,162,84.09
PO007894,SUP027,P00080,Cabin,21,55555.92,SITE04,2023-02-27,2023-04-14,2023-04-19,46,51,5,2.52,0.6911,0.0004,Medium,1,1,0.8401325268665184,High,163,84.01
PO028112,SUP018,P00286,Electrical,2,7707.46,SITE05,2024-02-05,2024-03-15,2024-03-18,39,42,3,2.28,0.6796,0.0012,Medium,1,1,0.839808778303394,High,164,83.98
PO006904,SUP027,P00070,Electrical,7,5235.51,SITE03,2023-07-10,2023-08-06,2023-08-13,27,34,7,2.52,0.6912,0.0005,Medium,1,1,0.8392651646266448,High,165,83.93
PO015019,SUP025,P00151,Hydraulics,2,1939.18,SITE05,2023-11-13,2023-12-26,2023-12-29,43,46,3,2.54,0.685,0.0016,Medium,1,1,0.8379550322707452,High,166,83.8
PO019028,SUP025,P00194,Structure,8,2946.72,SITE03,2023-10-02,2023-11-10,2023-11-10,39,39,0,2.52,0.6831,0.0018,Medium,0,1,0.8375843061390749,High,167,83.76
PO000670,SUP024,P00005,Cabin,69,91077.24,SITE06,2023-10-02,2023-12-11,2023-12-15,70,74,4,2.39,0.666,0.0014,Medium,1,1,0.8372052665178967,High,168,83.72
PO000679,SUP024,P00005,Cabin,34,44878.64,SITE06,2024-07-01,2024-09-11,2024-09-12,72,73,1,2.45,0.6745,0.0012,Medium,1,1,0.8369167741758997,High,169,83.69
PO011712,SUP014,P00119,Electrical,3,19440.72,SITE04,2023-06-19,2023-07-22,2023-07-26,33,37,4,2.4,0.6961,0.0009,Medium,1,1,0.836908560443031,High,170,83.69
PO019469,SUP026,P00199,Cabin,27,29390.85,SITE02,2023-03-20,2023-05-28,2023-05-29,69,70,1,2.33,0.6934,0.0011,Medium,1,1,0.8368195754104977,High,171,83.68
PO005157,SUP027,P00054,Fasteners,24,97439.28,SITE04,2024-01-01,2024-02-10,2024-02-10,40,40,0,2.52,0.693,0.0005,Medium,0,1,0.835995908337241,High,172,83.6
PO025264,SUP013,P00260,Hydraulics,7,9204.79,SITE05,2023-06-19,2023-08-08,2023-08-10,50,52,2,2.4,0.6809,0.0016,Medium,1,1,0.8349345759545987,High,173,83.49
PO006900,SUP027,P00070,Electrical,7,5235.51,SITE03,2023-03-13,2023-04-11,2023-04-12,29,30,1,2.52,0.6925,0.0004,Medium,1,1,0.8344380472995272,High,174,83.44
PO009292,SUP025,P00092,Avionics,6,1563.6,SITE05,2024-06-10,2024-07-20,2024-07-19,40,39,-1,2.51,0.685,0.0014,Medium,0,1,0.834060311543394,High,175,83.41
PO011713,SUP014,P00119,Electrical,6,38881.44,SITE04,2023-07-24,2023-08-27,2023-08-29,34,36,2,2.41,0.6982,0.0008,Medium,1,1,0.8335279026817762,High,176,83.35
PO002963,SUP023,P00030,Hydraulics,13,3834.48,SITE04,2024-07-29,2024-09-14,2024-09-18,47,51,4,2.63,0.7362,0.0036,Medium,1,1,0.8334417144961894,High,177,83.34
PO026096,SUP009,P00267,Cabin,37,8061.93,SITE06,2023-07-17,2023-09-15,2023-09-14,60,59,-1,2.24,0.6842,0.0015,Medium,0,1,0.8332471815298805,High,178,83.32
PO001898,SUP027,P00018,Cabin,10,11533.9,SITE03,2023-04-10,2023-05-28,2023-05-28,48,48,0,2.53,0.6901,0.0004,Medium,0,1,0.8330029818154217,High,179,83.3
PO019083,SUP025,P00194,Structure,4,1473.36,SITE05,2024-01-29,2024-03-08,2024-03-12,39,43,4,2.53,0.6848,0.0015,Medium,1,1,0.832935017371456,High,180,83.29
PO029496,SUP003,P00299,Fasteners,6,4154.82,SITE05,2023-03-13,2023-04-22,2023-04-22,40,40,0,2.28,0.6389,0.0,Medium,0,1,0.8311884638257717,High,181,83.12
PO018094,SUP016,P00184,Avionics,8,3391.92,SITE05,2022-01-10,2022-02-25,2022-02-28,46,49,3,2.75,0.75,0.0,Medium,1,1,0.830636485289033,High,182,83.06
PO029291,SUP006,P00298,Avionics,18,5493.6,SITE03,2023-05-01,2023-07-01,2023-07-02,61,62,1,2.45,0.6594,0.001,Medium,1,1,0.8301195702457446,High,183,83.01
PO004942,SUP013,P00051,LandingGear,3,26862.93,SITE06,2024-09-02,2024-10-10,2024-10-07,38,35,-3,2.43,0.6917,0.0015,Medium,0,1,0.8290871778113161,High,184,82.91
PO019883,SUP024,P00203,Fasteners,16,20946.56,SITE02,2022-01-10,2022-03-12,2022-03-12,61,61,0,2.31,0.4615,0.0,Medium,0,1,0.8284240083878639,High,185,82.84
PO024441,SUP013,P00251,Hydraulics,2,3942.38,SITE05,2024-04-15,2024-05-31,2024-05-29,46,44,-2,2.41,0.6878,0.0015,Medium,0,1,0.827944303577599,High,186,82.79
PO007120,SUP006,P00072,Fasteners,4,23105.28,SITE01,2022-09-05,2022-10-28,2022-10-25,53,50,-3,2.43,0.6641,0.0007,Medium,0,1,0.82759917403886,High,187,82.76
PO012662,SUP033,P00127,Structure,13,5188.95,SITE05,2022-04-04,2022-06-13,2022-06-21,70,78,8,6.79,1.0,0.0,High,1,1,0.8273219373219376,High,188,82.73
PO004696,SUP006,P00048,Fasteners,6,8304.18,SITE03,2022-01-24,2022-03-20,2022-03-21,55,56,1,2.32,0.5455,0.0,Medium,1,1,0.8266983466534825,High,189,82.67
PO011199,SUP018,P00114,LandingGear,9,35909.64,SITE04,2024-02-19,2024-03-27,2024-03-27,37,37,0,2.28,0.6825,0.0012,Medium,0,1,0.8264493673339133,High,190,82.64
PO005198,SUP027,P00054,Fasteners,15,60899.55,SITE06,2024-01-08,2024-02-17,2024-02-21,40,44,4,2.52,0.692,0.0007,Medium,1,1,0.8262637875156128,High,191,82.63
PO003498,SUP014,P00037,Electrical,2,13242.1,SITE04,2024-06-24,2024-07-30,2024-07-31,36,37,1,2.42,0.6841,0.0007,Medium,1,1,0.8256255536861131,High,192,82.56
PO028100,SUP018,P00286,Electrical,8,30829.84,SITE04,2022-04-11,2022-05-16,2022-05-18,35,37,2,2.21,0.6721,0.0,Medium,1,1,0.8251359183635381,High,193,82.51
PO027574,SUP003,P00280,Cabin,7,10063.9,SITE02,2023-06-19,2023-08-10,2023-08-15,52,57,5,2.28,0.6505,0.0,Medium,1,1,0.8247992741314324,High,194,82.48
PO026043,SUP009,P00267,Cabin,31,6754.59,SITE04,2024-12-09,2025-02-10,2025-02-11,63,64,1,2.33,0.6947,0.0015,Medium,1,1,0.8247500419043089,High,195,82.48
PO012756,SUP014,P00128,Fasteners,5,5512.25,SITE03,2023-10-30,2023-12-19,2023-12-24,50,55,5,2.52,0.7048,0.0008,Medium,1,1,0.8239590790586345,High,196,82.4
PO026571,SUP023,P00271,Cabin,9,41544.81,SITE03,2022-11-07,2023-01-15,2023-01-22,69,76,7,2.91,0.8,0.0063,Medium,1,1,0.8236171023920276,High,197,82.36
PO003225,SUP024,P00033,Hydraulics,20,5537.4,SITE04,2024-12-23,2025-02-14,2025-02-18,53,57,4,2.45,0.6769,0.001,Medium,1,1,0.8229997139418981,High,198,82.3
PO011842,SUP013,P00120,Fasteners,17,22693.81,SITE05,2024-07-29,2024-09-16,2024-09-20,49,53,4,2.43,0.6931,0.0014,Medium,1,1,0.8223657243998481,High,199,82.24
PO020738,SUP005,P00212,Fasteners,4,4243.76,SITE03,2024-04-29,2024-06-19,2024-06-23,51,55,4,2.4,0.6637,0.0003,Medium,1,1,0.8202023872249735,High,200,82.02
PO000877,SUP002,P00006,Cabin,14,9315.04,SITE06,2024-11-11,2025-01-16,2025-01-20,66,70,4,2.58,0.7155,0.001,Medium,1,1,0.8191139529761619,High,201,81.91
PO001923,SUP027,P00018,Cabin,40,46135.6,SITE04,2022-06-27,2022-08-09,2022-08-13,43,47,4,2.74,0.7371,0.0,Medium,1,1,0.8190563640472929,High,202,81.91
PO029516,SUP003,P00299,Fasteners,7,4847.29,SITE06,2022-02-21,2022-04-02,2022-04-07,40,45,5,2.08,0.6,0.0,Medium,1,1,0.818772065897066,High,203,81.88
PO005137,SUP027,P00054,Fasteners,23,93379.31,SITE04,2022-08-29,2022-10-06,2022-10-08,38,40,2,2.66,0.7091,0.0003,Medium,1,1,0.8186595684344538,High,204,81.87
PO017930,SUP005,P00182,Engine,6,2231.88,SITE04,2023-05-08,2023-07-05,2023-07-09,58,62,4,2.53,0.6965,0.0,Medium,1,1,0.8180001648095699,High,205,81.8
PO019085,SUP025,P00194,Structure,8,2946.72,SITE05,2024-06-10,2024-07-23,2024-07-21,43,41,-2,2.48,0.6776,0.0014,Medium,0,1,0.8170838789768395,High,206,81.71
PO022724,SUP002,P00231,Cabin,6,3770.34,SITE01,2022-09-12,2022-11-24,2022-11-24,73,73,0,2.47,0.6768,0.0007,Medium,0,1,0.8170828220842339,High,207,81.71
PO006955,SUP027,P00070,Electrical,2,1495.86,SITE05,2023-06-26,2023-07-22,2023-07-24,26,28,2,2.53,0.6914,0.0005,Medium,1,1,0.8169160778834692,High,208,81.69
PO002145,SUP013,P00020,Hydraulics,2,590.8,SITE02,2022-11-28,2023-01-16,2023-01-19,49,52,3,2.45,0.6841,0.0008,Medium,1,1,0.8167558573542137,High,209,81.68
PO004416,SUP018,P00046,Avionics,21,3656.52,SITE01,2023-11-06,2024-01-01,2024-01-03,56,58,2,2.31,0.6893,0.0014,Medium,1,1,0.8165962016929263,High,210,81.66
PO023335,SUP040,P00238,Cabin,29,20271.29,SITE06,2023-05-22,2023-07-11,2023-07-16,50,55,5,2.24,0.6499,0.002,Medium,1,1,0.8164891861243969,High,211,81.65
PO028961,SUP014,P00295,Structure,42,13448.82,SITE04,2023-07-10,2023-08-07,2023-08-08,28,29,1,2.4,0.695,0.0008,Medium,1,1,0.8162032727471488,High,212,81.62
PO004138,SUP014,P00042,Fasteners,7,15671.74,SITE05,2024-06-17,2024-07-27,2024-07-24,40,37,-3,2.41,0.6843,0.0007,Medium,0,1,0.815033137397278,High,213,81.5
PO029134,SUP002,P00297,LandingGear,11,13843.61,SITE03,2023-04-17,2023-06-04,2023-06-11,48,55,7,2.49,0.6949,0.0015,Medium,1,1,0.814743515395771,High,214,81.47
PO005055,SUP027,P00052,Electrical,11,12936.77,SITE06,2024-07-15,2024-08-13,2024-08-12,29,28,-1,2.48,0.6906,0.0009,Medium,0,1,0.8147407789077751,High,215,81.47
PO028089,SUP018,P00286,Electrical,4,15414.92,SITE01,2024-03-25,2024-05-04,2024-05-09,40,45,5,2.25,0.6832,0.0011,Medium,1,1,0.8146756929297276,High,216,81.47
PO009741,SUP013,P00098,Electrical,1,1048.02,SITE05,2024-01-08,2024-02-20,2024-02-22,43,45,2,2.42,0.6879,0.0017,Medium,1,1,0.8143624639368678,High,217,81.44
PO023317,SUP040,P00238,Cabin,12,8388.12,SITE05,2024-08-19,2024-10-12,2024-10-21,54,63,9,2.28,0.6595,0.0017,Medium,1,1,0.8142983902551486,High,218,81.43
PO010074,SUP021,P00101,Cabin,54,57692.52,SITE04,2022-06-06,2022-08-11,2022-08-12,66,67,1,2.23,0.7188,0.0,Medium,1,1,0.8133672382510986,High,219,81.34
PO011012,SUP039,P00111,Cabin,7,55659.38,SITE04,2023-02-20,2023-04-14,2023-04-16,53,55,2,2.62,0.7009,0.0,Medium,1,1,0.8133221145849534,High,220,81.33
PO000860,SUP002,P00006,Cabin,22,14637.92,SITE06,2023-05-22,2023-08-04,2023-08-04,74,74,0,2.46,0.6954,0.0014,Medium,0,1,0.8130968680294127,High,221,81.31
PO019061,SUP025,P00194,Structure,9,3315.06,SITE04,2023-09-11,2023-10-18,2023-10-24,37,43,6,2.51,0.6783,0.0018,Medium,1,1,0.812474392248787,High,222,81.25
PO011810,SUP013,P00120,Fasteners,13,17354.09,SITE04,2024-03-04,2024-04-20,2024-04-18,47,45,-2,2.4,0.6846,0.0016,Medium,0,1,0.8122879476934116,High,223,81.23
PO028090,SUP018,P00286,Electrical,5,19268.65,SITE01,2024-07-08,2024-08-20,2024-08-22,43,45,2,2.25,0.6902,0.0014,Medium,1,1,0.8121046571871796,High,224,81.21
PO005199,SUP027,P00054,Fasteners,14,56839.58,SITE06,2024-01-22,2024-02-29,2024-03-06,38,44,6,2.51,0.6916,0.0007,Medium,1,1,0.811750069983145,High,225,81.18
PO019054,SUP025,P00194,Structure,17,6261.78,SITE04,2023-07-10,2023-08-16,2023-08-14,37,35,-2,2.58,0.6821,0.002,Medium,0,1,0.8116536805873332,High,226,81.17
PO011144,SUP025,P00112,Hydraulics,17,3854.41,SITE06,2024-12-09,2025-02-07,2025-02-11,60,64,4,2.47,0.686,0.0017,Medium,1,1,0.8111761144443408,High,227,81.12
PO007896,SUP027,P00080,Cabin,21,55555.92,SITE04,2023-04-17,2023-05-31,2023-05-31,44,44,0,2.55,0.6924,0.0005,Medium,0,1,0.8110214157554074,High,228,81.1
PO004651,SUP006,P00048,Fasteners,20,27680.6,SITE01,2024-01-01,2024-02-28,2024-03-01,58,60,2,2.47,0.6689,0.0011,Medium,1,1,0.8108438940890365,High,229,81.08
PO026605,SUP023,P00271,Cabin,5,23080.45,SITE05,2023-11-27,2024-02-04,2024-02-04,69,69,0,2.61,0.7414,0.0029,Medium,0,1,0.8102069056778998,High,230,81.02
PO002743,SUP016,P00027,Avionics,4,3402.92,SITE05,2024-02-05,2024-03-22,2024-03-28,46,52,6,2.4,0.6581,0.0034,Medium,1,1,0.8093562791136195,High,231,80.94
PO024998,SUP038,P00257,Cabin,10,10578.7,SITE05,2024-03-11,2024-05-08,2024-05-10,58,60,2,2.31,0.6662,0.0014,Medium,1,1,0.8092012133896376,High,232,80.92
PO002325,SUP015,P00024,Fasteners,3,22906.11,SITE04,2023-07-03,2023-08-15,2023-08-17,43,45,2,2.39,0.7005,0.0022,Medium,1,1,0.8087087022468828,High,233,80.87
PO021102,SUP024,P00215,Fasteners,15,34301.85,SITE06,2023-05-08,2023-07-11,2023-07-13,64,66,2,2.34,0.6667,0.0011,Medium,1,1,0.8085001565878532,High,234,80.85
PO022896,SUP002,P00231,Cabin,15,9425.85,SITE06,2024-04-29,2024-07-10,2024-07-12,72,74,2,2.54,0.7064,0.001,Medium,1,1,0.808173787152408,High,235,80.82
PO023184,SUP005,P00237,Structure,4,766.12,SITE03,2023-10-30,2023-12-15,2023-12-13,46,44,-2,2.4,0.657,0.0004,Medium,0,1,0.808130883390931,High,236,80.81
PO015375,SUP013,P00155,Avionics,9,34161.57,SITE04,2023-05-15,2023-07-02,2023-07-03,48,49,1,2.43,0.6765,0.0012,Medium,1,1,0.8081213976462258,High,237,80.81
PO009929,SUP040,P00100,Avionics,53,25802.52,SITE06,2022-02-07,2022-03-23,2022-03-26,44,47,3,2.43,0.7174,0.0,Medium,1,1,0.8078736260438054,High,238,80.79
PO017988,SUP005,P00183,Avionics,5,15402.9,SITE04,2022-06-27,2022-08-16,2022-08-22,50,56,6,2.47,0.6747,0.0,Medium,1,1,0.8073387872817303,High,239,80.73
PO009598,SUP026,P00096,Engine,2,968.58,SITE03,2022-02-07,2022-04-03,2022-04-05,55,57,2,2.59,0.6667,0.0,Medium,1,1,0.8073052074208895,High,240,80.73
PO012800,SUP014,P00128,Fasteners,14,15434.3,SITE05,2022-06-06,2022-07-21,2022-07-27,45,51,6,2.72,0.7563,0.0018,Medium,1,1,0.8071700584662289,High,241,80.72
PO001884,SUP027,P00018,Cabin,19,21914.41,SITE02,2024-09-09,2024-10-26,2024-10-26,47,47,0,2.46,0.6902,0.0009,Medium,0,1,0.8065145075374273,High,242,80.65
PO001041,SUP018,P00008,Avionics,28,8110.48,SITE03,2023-01-23,2023-03-20,2023-04-01,56,68,12,2.17,0.6912,0.0016,Medium,1,1,0.8064636621234225,High,243,80.65
PO000847,SUP002,P00006,Cabin,64,42583.04,SITE06,2022-04-25,2022-07-06,2022-07-08,72,74,2,2.41,0.6977,0.0017,Medium,1,1,0.8064023557629694,High,244,80.64
PO016604,SUP015,P00169,Structure,2,1629.02,SITE02,2023-12-11,2024-01-25,2024-01-31,45,51,6,2.43,0.6986,0.0023,Medium,1,1,0.8063539145210806,High,245,80.64
PO005338,SUP027,P00056,Cabin,14,16215.5,SITE03,2024-09-16,2024-11-02,2024-11-03,47,48,1,2.46,0.6899,0.0009,Medium,1,1,0.8059930777761058,High,246,80.6
PO006054,SUP014,P00060,Cabin,11,6012.49,SITE05,2024-07-15,2024-09-08,2024-09-09,55,56,1,2.42,0.686,0.0006,Medium,1,1,0.8051788305131281,High,247,80.52
PO000863,SUP002,P00006,Cabin,22,14637.92,SITE06,2023-10-23,2023-12-27,2024-01-02,65,71,6,2.55,0.6996,0.001,Medium,1,1,0.805109816157143,High,248,80.51
PO020725,SUP005,P00212,Fasteners,3,3182.82,SITE03,2022-01-17,2022-03-11,2022-03-15,53,57,4,2.17,0.5833,0.0,Medium,1,1,0.8042947433649335,High,249,80.43
PO024864,SUP038,P00257,Cabin,28,29620.36,SITE01,2024-07-22,2024-09-12,2024-09-13,52,53,1,2.34,0.6711,0.0013,Medium,1,1,0.8041612690251082,High,250,80.42
PO006912,SUP027,P00070,Electrical,7,5235.51,SITE03,2024-08-26,2024-09-22,2024-09-28,27,33,6,2.47,0.6924,0.0009,Medium,1,1,0.8039204804114054,High,251,80.39
PO023307,SUP040,P00238,Cabin,7,4893.07,SITE05,2022-01-17,2022-03-08,2022-03-10,50,52,2,2.19,0.6774,0.0,Medium,1,1,0.8033488722842389,High,252,80.33
PO026614,SUP023,P00271,Cabin,4,18464.36,SITE06,2023-07-24,2023-09-28,2023-10-03,66,71,5,2.55,0.7203,0.0039,Medium,1,1,0.803214595173721,High,253,80.32
PO001920,SUP027,P00018,Cabin,35,40368.65,SITE04,2022-03-14,2022-04-27,2022-04-29,44,46,2,2.55,0.7045,0.0,Medium,1,1,0.8022599275316185,High,254,80.23
PO007856,SUP027,P00080,Cabin,15,39682.8,SITE02,2024-10-28,2024-12-16,2024-12-16,49,49,0,2.46,0.6928,0.0009,Medium,0,1,0.8014411653131264,High,255,80.14
PO028622,SUP014,P00291,Hydraulics,4,5497.12,SITE05,2024-02-26,2024-04-14,2024-04-20,48,54,6,2.43,0.69,0.0007,Medium,1,1,0.8008406379195853,High,256,80.08
PO002966,SUP023,P00030,Hydraulics,15,4424.4,SITE04,2024-10-14,2024-12-04,2024-12-07,51,54,3,2.66,0.7375,0.0032,Medium,1,1,0.8007326639091205,High,257,80.07
PO017189,SUP006,P00175,Cabin,52,47141.64,SITE04,2024-03-25,2024-05-26,2024-05-24,62,60,-2,2.48,0.6736,0.0011,Medium,0,1,0.8005162455749802,High,258,80.05
PO000826,SUP002,P00006,Cabin,9,5988.24,SITE05,2023-02-13,2023-04-27,2023-05-03,73,79,6,2.51,0.6965,0.0008,Medium,1,1,0.8004749920861033,High,259,80.05
PO009060,SUP039,P00090,Avionics,4,1135.0,SITE02,2023-05-01,2023-06-05,2023-06-08,35,38,3,2.68,0.7143,0.0,Medium,1,1,0.8004412026587441,High,260,80.04
PO000540,SUP024,P00005,Cabin,15,19799.4,SITE02,2024-03-11,2024-05-15,2024-05-12,65,62,-3,2.47,0.6753,0.0012,Medium,0,1,0.8004173276466979,High,261,80.04
PO004544,SUP018,P00046,Avionics,18,3134.16,SITE06,2023-03-27,2023-05-23,2023-05-25,57,59,2,2.24,0.7049,0.0013,Medium,1,1,0.8000424530898758,High,262,80.0
PO019058,SUP025,P00194,Structure,13,4788.42,SITE04,2023-08-07,2023-09-14,2023-09-16,38,40,2,2.57,0.6826,0.002,Medium,1,1,0.8000123458657942,High,263,80.0
PO008368,SUP009,P00084,Avionics,17,11872.29,SITE03,2022-04-04,2022-05-25,2022-05-28,51,54,3,2.29,0.6607,0.0,Medium,1,1,0.7999824056859624,High,264,80.0
PO004454,SUP018,P00046,Avionics,16,2785.92,SITE03,2023-02-20,2023-04-14,2023-04-18,53,57,4,2.23,0.6982,0.0014,Medium,1,1,0.7998620208423913,High,265,79.99
PO019888,SUP024,P00203,Fasteners,17,22255.72,SITE02,2022-04-25,2022-06-20,2022-06-23,56,59,3,2.31,0.6429,0.0018,Medium,1,1,0.7996960652976223,High,266,79.97
PO027764,SUP021,P00281,Fasteners,5,50527.9,SITE06,2023-01-30,2023-04-09,2023-04-15,69,75,6,2.43,0.7299,0.0007,Medium,1,1,0.7995037580131455,High,267,79.95
PO011862,SUP013,P00120,Fasteners,26,34708.18,SITE06,2023-02-06,2023-03-27,2023-03-27,49,49,0,2.45,0.6787,0.0011,Medium,0,1,0.7990286122720005,High,268,79.9
PO024943,SUP038,P00257,Cabin,72,76166.64,SITE04,2022-11-14,2023-01-15,2023-01-22,62,69,7,2.22,0.6585,0.001,Medium,1,1,0.7988674239034101,High,269,79.89
PO019424,SUP026,P00199,Cabin,16,17416.8,SITE01,2022-06-20,2022-08-20,2022-08-27,61,68,7,2.6,0.75,0.0009,Medium,1,1,0.7985774925555355,High,270,79.86
PO019080,SUP025,P00194,Structure,4,1473.36,SITE05,2023-05-22,2023-07-03,2023-07-01,42,40,-2,2.54,0.673,0.002,Medium,0,1,0.7981986019445035,High,271,79.82
PO016484,SUP023,P00167,Avionics,3,1092.84,SITE01,2024-05-20,2024-07-13,2024-07-14,54,55,1,2.66,0.75,0.0033,Medium,1,1,0.7977505886736281,High,272,79.78
PO023257,SUP040,P00238,Cabin,12,8388.12,SITE03,2022-05-09,2022-06-24,2022-06-28,46,50,4,2.19,0.6478,0.0027,Medium,1,1,0.7976625659697754,High,273,79.77
PO029183,SUP002,P00297,LandingGear,9,11326.59,SITE05,2022-04-25,2022-06-16,2022-06-17,52,53,1,2.39,0.6966,0.0017,Medium,1,1,0.7973398150761235,High,274,79.73
PO027621,SUP003,P00280,Cabin,68,97763.6,SITE04,2022-07-18,2022-09-13,2022-09-20,57,64,7,2.05,0.5941,0.0,Medium,1,1,0.7969312735234287,High,275,79.69
PO010027,SUP021,P00101,Cabin,35,37393.3,SITE02,2024-06-24,2024-08-24,2024-08-29,61,66,5,2.52,0.7073,0.0012,Medium,1,1,0.7967638318472373,High,276,79.68
PO009658,SUP003,P00097,Hydraulics,8,5615.68,SITE03,2024-06-10,2024-07-21,2024-07-22,41,42,1,2.27,0.6519,0.0001,Medium,1,1,0.7966601636063094,High,277,79.67
PO029108,SUP002,P00297,LandingGear,4,5034.04,SITE01,2023-04-24,2023-06-17,2023-06-21,54,58,4,2.48,0.6917,0.0014,Medium,1,1,0.7965089301332863,High,278,79.65
PO004765,SUP006,P00048,Fasteners,15,20760.45,SITE06,2022-09-19,2022-11-29,2022-12-01,71,73,2,2.45,0.6654,0.0007,Medium,1,1,0.7964796874867172,High,279,79.65
PO004713,SUP006,P00048,Fasteners,20,27680.6,SITE04,2022-09-05,2022-11-17,2022-11-15,73,71,-2,2.44,0.6667,0.0007,Medium,0,1,0.7960569481073084,High,280,79.61
PO015881,SUP015,P00159,Structure,3,1123.68,SITE05,2023-09-11,2023-10-20,2023-10-21,39,40,1,2.35,0.6908,0.0026,Medium,1,1,0.7956706253107853,High,281,79.57
PO028608,SUP014,P00291,Hydraulics,6,8245.68,SITE04,2023-07-03,2023-08-13,2023-08-14,41,42,1,2.4,0.6923,0.0008,Medium,1,1,0.7954173002539889,High,282,79.54
PO019775,SUP038,P00201,Cabin,9,12193.47,SITE05,2022-07-25,2022-09-10,2022-09-14,47,51,4,2.21,0.6758,0.0008,Medium,1,1,0.7950599632927068,High,283,79.51
PO020772,SUP005,P00212,Fasteners,25,26523.5,SITE04,2024-05-13,2024-07-05,2024-07-10,53,58,5,2.39,0.6686,0.0003,Medium,1,1,0.79481577701042,High,284,79.48
PO026602,SUP023,P00271,Cabin,3,13848.27,SITE05,2023-05-29,2023-08-11,2023-08-10,74,73,-1,2.69,0.7769,0.0033,Medium,0,1,0.7947273286100873,High,285,79.47
PO000607,SUP024,P00005,Cabin,15,19799.4,SITE04,2024-03-11,2024-05-14,2024-05-17,64,67,3,2.47,0.6742,0.0012,Medium,1,1,0.7944250531146693,High,286,79.44
PO007127,SUP006,P00072,Fasteners,14,80868.48,SITE01,2024-03-18,2024-05-01,2024-04-29,44,42,-2,2.47,0.6724,0.0011,Medium,0,1,0.7942780219780219,High,287,79.43
PO016220,SUP027,P00163,Avionics,9,2654.28,SITE05,2024-03-11,2024-04-20,2024-04-22,40,42,2,2.53,0.6958,0.0007,Medium,1,1,0.7941033795059268,High,288,79.41
PO020696,SUP005,P00212,Fasteners,11,11670.34,SITE01,2022-10-03,2022-11-16,2022-11-13,44,41,-3,2.54,0.6727,0.0,Medium,0,1,0.7935701082123495,High,289,79.36
PO027760,SUP021,P00281,Fasteners,13,131372.54,SITE06,2022-04-25,2022-06-24,2022-06-25,60,61,1,2.48,0.7083,0.0,Medium,1,1,0.7935527178079322,High,290,79.36
PO029520,SUP003,P00299,Fasteners,14,9694.58,SITE06,2022-04-25,2022-06-02,2022-06-07,38,43,5,2.4,0.6034,0.0,Medium,1,1,0.7934840137418737,High,291,79.35
PO015351,SUP013,P00155,Avionics,4,15182.92,SITE01,2022-05-23,2022-07-07,2022-07-09,45,47,2,2.16,0.6486,0.0009,Medium,1,1,0.793235364801219,High,292,79.32
PO007370,SUP006,P00076,Structure,5,6046.95,SITE01,2022-12-26,2023-02-18,2023-02-20,54,56,2,2.46,0.664,0.0007,Medium,1,1,0.7924051152740412,High,293,79.24
PO015673,SUP024,P00158,Structure,4,7533.12,SITE01,2022-01-17,2022-03-12,2022-03-17,54,59,5,2.29,0.5714,0.0,Medium,1,1,0.7922785552244661,High,294,79.23
PO026041,SUP009,P00267,Cabin,24,5229.36,SITE04,2024-11-11,2025-01-05,2025-01-10,55,60,5,2.32,0.6923,0.0014,Medium,1,1,0.7916653477294804,High,295,79.17
PO002951,SUP023,P00030,Hydraulics,14,4129.44,SITE04,2023-06-26,2023-08-16,2023-08-13,51,48,-3,2.59,0.75,0.0041,Medium,0,1,0.7916192143956705,High,296,79.16
PO026473,SUP006,P00270,Electrical,4,13183.24,SITE02,2022-10-03,2022-11-28,2022-11-27,56,55,-1,2.47,0.6735,0.0007,Medium,0,1,0.7914838298831435,High,297,79.15
PO015000,SUP025,P00151,Hydraulics,5,4847.95,SITE04,2022-07-11,2022-08-20,2022-08-23,40,43,3,2.34,0.6526,0.001,Medium,1,1,0.791170141344978,High,298,79.12
PO021096,SUP024,P00215,Fasteners,11,25154.69,SITE06,2022-06-06,2022-08-06,2022-08-09,61,64,3,2.4,0.6711,0.0017,Medium,1,1,0.790847696634302,High,299,79.08
PO009752,SUP013,P00098,Electrical,9,9432.18,SITE06,2023-10-02,2023-11-11,2023-11-12,40,41,1,2.4,0.6877,0.0014,Medium,1,1,0.7906863660546142,High,300,79.07
PO019999,SUP024,P00203,Fasteners,25,32729.0,SITE06,2023-01-02,2023-03-15,2023-03-17,72,74,2,2.28,0.6577,0.0011,Medium,1,1,0.7906007744507731,High,301,79.06
PO026015,SUP009,P00267,Cabin,17,3704.13,SITE04,2022-12-26,2023-02-28,2023-02-28,64,64,0,2.28,0.6941,0.0013,Medium,0,1,0.7903925502849048,High,302,79.04
PO006027,SUP014,P00060,Cabin,39,21317.01,SITE05,2022-06-06,2022-07-31,2022-08-01,55,56,1,2.74,0.7521,0.0018,Medium,1,1,0.7902287942077414,High,303,79.02
PO000673,SUP024,P00005,Cabin,108,142555.68,SITE06,2024-01-15,2024-03-19,2024-03-18,64,63,-1,2.4,0.6672,0.0012,Medium,0,1,0.7900015004855568,High,304,79.0
PO023573,SUP013,P00240,Electrical,3,3337.32,SITE05,2023-10-16,2023-11-29,2023-11-30,44,45,1,2.4,0.6867,0.0014,Medium,1,1,0.789856911425539,High,305,78.99
PO002979,SUP023,P00030,Hydraulics,6,1769.76,SITE05,2024-10-14,2024-12-06,2024-12-08,53,55,2,2.66,0.7385,0.0032,Medium,1,1,0.7897823021067122,High,306,78.98
PO022891,SUP002,P00231,Cabin,25,15709.75,SITE06,2023-10-30,2024-01-21,2024-01-26,83,88,5,2.57,0.7013,0.001,Medium,1,1,0.7893505375877912,High,307,78.94
PO020709,SUP005,P00212,Fasteners,6,6365.64,SITE02,2022-03-28,2022-05-25,2022-05-26,58,59,1,2.64,0.6889,0.0,Medium,1,1,0.7893364776388355,High,308,78.93
PO025241,SUP013,P00260,Hydraulics,3,3944.91,SITE04,2022-02-21,2022-04-13,2022-04-11,51,49,-2,2.0,0.6719,0.0,Medium,0,1,0.788812175781392,High,309,78.88
PO017970,SUP005,P00183,Avionics,8,24644.64,SITE02,2022-04-11,2022-05-25,2022-05-26,44,45,1,2.45,0.6531,0.0,Medium,1,1,0.7887879754605298,High,310,78.88
PO010345,SUP018,P00103,Fasteners,28,36145.2,SITE06,2023-04-17,2023-05-30,2023-06-01,43,45,2,2.22,0.6985,0.0012,Medium,1,1,0.7887138036683307,High,311,78.87
PO028971,SUP014,P00295,Structure,37,11847.77,SITE04,2024-04-29,2024-05-27,2024-05-28,28,29,1,2.44,0.6899,0.0006,Medium,1,1,0.7884269400184167,High,312,78.84
PO005105,SUP027,P00054,Fasteners,4,16239.88,SITE01,2023-08-21,2023-10-02,2023-10-03,42,43,1,2.49,0.6906,0.0006,Medium,1,1,0.7879470700595703,High,313,78.79
PO004492,SUP018,P00046,Avionics,24,4178.88,SITE04,2023-10-09,2023-11-25,2023-12-02,47,54,7,2.33,0.6959,0.0014,Medium,1,1,0.7879018322665035,High,314,78.79
PO015889,SUP015,P00159,Structure,8,2996.48,SITE05,2024-10-28,2024-12-07,2024-12-07,40,40,0,2.57,0.6992,0.0019,Medium,0,1,0.787435813240767,High,315,78.74
PO002983,SUP023,P00030,Hydraulics,11,3244.56,SITE06,2022-07-04,2022-08-19,2022-08-21,46,48,2,2.98,0.7857,0.0038,Medium,1,1,0.7873788415923996,High,316,78.74
PO023381,SUP013,P00239,Structure,4,1092.4,SITE02,2024-10-14,2024-12-01,2024-12-04,48,51,3,2.41,0.686,0.0015,Medium,1,1,0.7872539447810969,High,317,78.73
PO000800,SUP002,P00006,Cabin,17,11311.12,SITE04,2024-04-01,2024-06-05,2024-06-06,65,66,1,2.57,0.7048,0.001,Medium,1,1,0.7869852731512907,High,318,78.7
PO018106,SUP016,P00184,Avionics,8,3391.92,SITE05,2023-11-13,2023-12-27,2024-01-01,44,49,5,2.4,0.6557,0.0036,Medium,1,1,0.7868346707529202,High,319,78.68
PO029177,SUP002,P00297,LandingGear,16,20136.16,SITE04,2024-08-26,2024-10-19,2024-10-25,54,60,6,2.53,0.7059,0.001,Medium,1,1,0.7865550735827709,High,320,78.66
PO021820,SUP021,P00222,Fasteners,3,7461.81,SITE01,2023-06-26,2023-08-22,2023-08-22,57,57,0,2.55,0.7276,0.0015,Medium,0,1,0.786478079625781,High,321,78.65
PO012594,SUP033,P00127,Structure,4,1596.6,SITE02,2022-05-23,2022-08-18,2022-08-23,87,92,5,6.65,0.9747,0.0,High,1,1,0.7863086913086913,High,322,78.63
PO005358,SUP027,P00056,Cabin,25,28956.25,SITE04,2024-02-19,2024-04-02,2024-03-30,43,40,-3,2.55,0.6971,0.0007,Medium,0,1,0.7860149897545964,High,323,78.6
PO025233,SUP013,P00260,Hydraulics,7,9204.79,SITE03,2023-10-30,2023-12-15,2023-12-20,46,51,5,2.41,0.6891,0.0015,Medium,1,1,0.7859978625504772,High,324,78.6
PO026613,SUP023,P00271,Cabin,2,9232.18,SITE06,2023-06-19,2023-08-25,2023-08-25,67,67,0,2.61,0.7559,0.0042,Medium,0,1,0.7858398336772352,High,325,78.58
PO015004,SUP025,P00151,Hydraulics,5,4847.95,SITE04,2023-04-17,2023-06-06,2023-06-10,50,54,4,2.55,0.6667,0.0007,Medium,1,1,0.7856809601609365,High,326,78.57
PO010137,SUP021,P00101,Cabin,63,67307.94,SITE06,2022-07-04,2022-09-09,2022-09-12,67,70,3,2.2,0.7105,0.0,Medium,1,1,0.7856537564628041,High,327,78.57
PO010215,SUP016,P00102,Electrical,6,6427.5,SITE06,2024-04-01,2024-05-03,2024-05-05,32,34,2,2.47,0.6745,0.0032,Medium,1,1,0.7848703703703702,High,328,78.49
PO024808,SUP033,P00256,Fasteners,4,17190.44,SITE05,2022-12-19,2023-03-09,2023-03-17,80,88,8,6.27,0.9519,0.0038,High,1,1,0.7848564814814813,High,329,78.49
PO019073,SUP025,P00194,Structure,9,3315.06,SITE05,2022-01-17,2022-02-27,2022-03-03,41,45,4,2.29,0.7143,0.0,Medium,1,1,0.784783580177739,High,330,78.48
PO013676,SUP040,P00138,LandingGear,10,23794.1,SITE05,2023-07-31,2023-09-05,2023-09-09,36,40,4,2.3,0.6625,0.002,Medium,1,1,0.7846849565584194,High,331,78.47
PO023267,SUP040,P00238,Cabin,5,3495.05,SITE03,2023-07-10,2023-08-31,2023-09-02,52,54,2,2.31,0.6661,0.0021,Medium,1,1,0.7846820633441759,High,332,78.47
PO000864,SUP002,P00006,Cabin,44,29275.84,SITE06,2023-11-27,2024-02-10,2024-02-09,75,74,-1,2.58,0.7019,0.0012,Medium,0,1,0.7843958886791949,High,333,78.44
PO000682,SUP024,P00005,Cabin,52,68637.92,SITE06,2024-09-02,2024-11-04,2024-11-06,63,65,2,2.5,0.68,0.0011,Medium,1,1,0.7843594524614356,High,334,78.44
PO022890,SUP002,P00231,Cabin,34,21365.26,SITE06,2023-08-14,2023-10-23,2023-10-27,70,74,4,2.5,0.6918,0.0011,Medium,1,1,0.784228271808417,High,335,78.42
PO003003,SUP023,P00030,Hydraulics,12,3539.52,SITE06,2024-09-23,2024-11-14,2024-11-15,52,53,1,2.7,0.746,0.0033,Medium,1,1,0.7842265130567379,High,336,78.42
PO004683,SUP006,P00048,Fasteners,12,16608.36,SITE02,2024-03-18,2024-05-15,2024-05-15,58,58,0,2.47,0.6728,0.0011,Medium,0,1,0.7840116467601652,High,337,78.4
PO008375,SUP009,P00084,Avionics,10,6983.7,SITE03,2023-02-13,2023-04-18,2023-04-18,64,64,0,2.29,0.7025,0.0011,Medium,0,1,0.7839850028464361,High,338,78.4
PO005193,SUP027,P00054,Fasteners,29,117739.13,SITE06,2023-07-10,2023-08-14,2023-08-16,35,37,2,2.53,0.6908,0.0005,Medium,1,1,0.7837422840172431,High,339,78.37
PO024970,SUP038,P00257,Cabin,86,90976.82,SITE04,2024-11-11,2025-01-13,2025-01-17,63,67,4,2.32,0.671,0.0014,Medium,1,1,0.7835728906197236,High,340,78.36
PO019682,SUP038,P00201,Cabin,10,13548.3,SITE01,2023-11-06,2023-12-27,2024-01-01,51,56,5,2.25,0.6566,0.0016,Medium,1,1,0.7834038829669684,High,341,78.34
PO000803,SUP002,P00006,Cabin,45,29941.2,SITE04,2024-06-17,2024-08-15,2024-08-17,59,61,2,2.55,0.7057,0.001,Medium,1,1,0.7831905044104315,High,342,78.32
PO019563,SUP026,P00199,Cabin,6,6531.3,SITE05,2023-02-13,2023-04-23,2023-04-25,69,71,2,2.32,0.6923,0.0009,Medium,1,1,0.7826660314295094,High,343,78.27
PO011804,SUP013,P00120,Fasteners,21,28033.53,SITE04,2023-06-12,2023-07-25,2023-07-27,43,45,2,2.4,0.6788,0.0015,Medium,1,1,0.7824246684419623,High,344,78.24
PO021625,SUP021,P00219,Avionics,2,4774.54,SITE03,2024-05-13,2024-06-29,2024-07-05,47,53,6,2.5,0.7077,0.0011,Medium,1,1,0.7817051204349771,High,345,78.17
PO002930,SUP023,P00030,Hydraulics,5,1474.8,SITE03,2023-05-22,2023-07-10,2023-07-08,49,47,-2,2.71,0.7815,0.0033,Medium,0,1,0.7816398247996031,High,346,78.16
PO003307,SUP021,P00034,Fasteners,10,6845.8,SITE06,2023-08-28,2023-10-26,2023-10-28,59,61,2,2.55,0.7253,0.0013,Medium,1,1,0.7815519245402522,High,347,78.16
PO004174,SUP014,P00042,Fasteners,10,22388.2,SITE06,2024-11-04,2024-12-25,2024-12-22,51,48,-3,2.49,0.6931,0.0007,Medium,0,1,0.781342121824147,High,348,78.13
PO004530,SUP018,P00046,Avionics,29,5049.48,SITE06,2022-01-31,2022-03-25,2022-03-23,53,51,-2,1.15,0.45,0.0,Medium,0,1,0.7812820198050132,High,349,78.13
PO001107,SUP018,P00008,Avionics,26,7531.16,SITE06,2022-02-07,2022-04-04,2022-04-09,56,61,5,1.13,0.4348,0.0,Medium,1,1,0.7806074130073956,High,350,78.06
PO019900,SUP024,P00203,Fasteners,14,18328.24,SITE02,2024-09-16,2024-11-15,2024-11-15,60,60,0,2.5,0.6788,0.0011,Medium,0,1,0.7805312634558267,High,351,78.05
PO028596,SUP014,P00291,Hydraulics,8,10994.24,SITE04,2022-01-03,2022-02-20,2022-02-21,48,49,1,3.25,0.75,0.0,Medium,1,1,0.7803785334560442,High,352,78.04
PO028085,SUP018,P00286,Electrical,7,26976.11,SITE01,2022-08-29,2022-10-11,2022-10-14,43,46,3,2.21,0.6963,0.0019,Medium,1,1,0.7803432889536601,High,353,78.03
PO006432,SUP038,P00065,Fasteners,9,12758.49,SITE02,2023-12-18,2024-02-01,2024-02-06,45,50,5,2.27,0.6641,0.0015,Medium,1,1,0.7802234338860564,High,354,78.02
PO004672,SUP006,P00048,Fasteners,23,31832.69,SITE02,2023-03-27,2023-06-12,2023-06-16,77,81,4,2.47,0.6681,0.0007,Medium,1,1,0.7799552416146619,High,355,78.0
PO026074,SUP009,P00267,Cabin,15,3268.35,SITE05,2024-08-19,2024-10-14,2024-10-16,56,58,2,2.28,0.6886,0.0015,Medium,1,1,0.7799113275461428,High,356,77.99
PO007391,SUP006,P00076,Structure,4,4837.56,SITE03,2022-09-05,2022-11-02,2022-11-07,58,63,5,2.42,0.6615,0.0007,Medium,1,1,0.779862084647215,High,357,77.99
PO029137,SUP002,P00297,LandingGear,5,6292.55,SITE03,2023-07-24,2023-09-09,2023-09-08,47,46,-1,2.49,0.6949,0.0012,Medium,0,1,0.7796928941230986,High,358,77.97
PO022398,SUP027,P00226,Hydraulics,4,4539.48,SITE04,2023-06-26,2023-08-04,2023-08-10,39,45,6,2.53,0.6913,0.0005,Medium,1,1,0.7792660761893286,High,359,77.93
PO004136,SUP014,P00042,Fasteners,3,6716.46,SITE05,2024-01-01,2024-02-10,2024-02-18,40,48,8,2.45,0.6954,0.0007,Medium,1,1,0.7790234972355182,High,360,77.9
PO027787,SUP003,P00282,Electrical,6,16524.0,SITE04,2022-06-06,2022-07-10,2022-07-13,34,37,3,2.26,0.6,0.0,Medium,1,1,0.7789569584357815,High,361,77.9
PO026519,SUP006,P00270,Electrical,4,13183.24,SITE05,2023-09-11,2023-10-28,2023-10-31,47,50,3,2.49,0.6703,0.0011,Medium,1,1,0.7789126701185526,High,362,77.89
PO023596,SUP013,P00240,Electrical,36,40047.84,SITE06,2023-06-26,2023-08-05,2023-08-07,40,42,2,2.4,0.6807,0.0018,Medium,1,1,0.7787978989840831,High,363,77.88
PO000851,SUP002,P00006,Cabin,56,37260.16,SITE06,2022-08-01,2022-10-02,2022-10-03,62,63,1,2.42,0.6747,0.0005,Medium,1,1,0.7787625714559323,High,364,77.88
PO018102,SUP016,P00184,Avionics,12,5087.88,SITE05,2023-06-26,2023-08-09,2023-08-09,44,44,0,2.37,0.6599,0.0041,Medium,0,1,0.7785377783783163,High,365,77.85
PO000496,SUP024,P00005,Cabin,17,22439.32,SITE01,2023-07-10,2023-09-07,2023-09-06,59,58,-1,2.33,0.6635,0.0015,Medium,0,1,0.7785078052384178,High,366,77.85
PO012768,SUP014,P00128,Fasteners,15,16536.75,SITE04,2022-05-23,2022-07-03,2022-07-06,41,44,3,2.74,0.7358,0.0019,Medium,1,1,0.7784933868795851,High,367,77.85
PO021918,SUP021,P00222,Fasteners,17,42283.59,SITE06,2023-09-04,2023-11-01,2023-11-03,58,60,2,2.58,0.7331,0.0013,Medium,1,1,0.7784271695274415,High,368,77.84
PO006931,SUP027,P00070,Electrical,11,8227.23,SITE04,2023-10-23,2023-11-18,2023-11-18,26,26,0,2.51,0.6904,0.0006,Medium,0,1,0.77839697615162,High,369,77.84
PO003222,SUP024,P00033,Hydraulics,10,2768.7,SITE04,2024-09-23,2024-11-05,2024-11-11,43,49,6,2.49,0.6769,0.0011,Medium,1,1,0.7781855187821068,High,370,77.82
PO011175,SUP018,P00114,LandingGear,7,27929.72,SITE01,2023-06-05,2023-07-19,2023-07-24,44,49,5,2.26,0.7003,0.0011,Medium,1,1,0.778153691252152,High,371,77.82
PO026017,SUP009,P00267,Cabin,20,4357.8,SITE04,2023-02-20,2023-04-19,2023-04-20,58,59,1,2.32,0.704,0.0011,Medium,1,1,0.777845646824413,High,372,77.78
PO027185,SUP014,P00275,Engine,6,6237.54,SITE06,2024-11-18,2024-12-31,2024-12-29,43,41,-2,2.49,0.6936,0.0007,Medium,0,1,0.7777744730897903,High,373,77.78
PO009739,SUP013,P00098,Electrical,4,4192.08,SITE05,2023-10-16,2023-11-29,2023-12-07,44,52,8,2.39,0.6868,0.0014,Medium,1,1,0.7776596333949276,High,374,77.77
PO009210,SUP024,P00091,Electrical,8,13694.4,SITE06,2022-01-03,2022-02-15,2022-02-12,43,40,-3,1.0,0.3333,0.0,Medium,0,1,0.7775622727893609,High,375,77.76
PO023311,SUP040,P00238,Cabin,11,7689.11,SITE05,2023-02-06,2023-04-04,2023-04-08,57,61,4,2.2,0.6609,0.0023,Medium,1,1,0.7774444508934295,High,376,77.74
PO005916,SUP014,P00060,Cabin,10,5465.9,SITE01,2024-08-12,2024-10-07,2024-10-08,56,57,1,2.46,0.6878,0.0007,Medium,1,1,0.7774073805290551,High,377,77.74
PO019698,SUP038,P00201,Cabin,9,12193.47,SITE02,2023-05-15,2023-07-06,2023-07-12,52,58,6,2.3,0.6652,0.0011,Medium,1,1,0.7773756142050523,High,378,77.74
PO026528,SUP006,P00270,Electrical,17,56028.77,SITE06,2022-11-14,2022-12-27,2022-12-25,43,41,-2,2.52,0.6736,0.0009,Medium,0,1,0.7769682213677939,High,379,77.7
PO023527,SUP013,P00240,Electrical,14,15574.16,SITE03,2022-02-07,2022-03-17,2022-03-18,38,39,1,1.84,0.7045,0.0,Medium,1,1,0.776967810426015,High,380,77.7
PO018565,SUP038,P00189,Fasteners,15,32597.85,SITE04,2024-07-22,2024-09-09,2024-09-08,49,48,-1,2.35,0.6716,0.0013,Medium,0,1,0.7769224180723069,High,381,77.69
PO002749,SUP016,P00027,Avionics,36,30626.28,SITE06,2022-01-31,2022-03-20,2022-03-25,48,53,5,2.47,0.7333,0.0,Medium,1,1,0.7769062283634174,High,382,77.69
PO028981,SUP014,P00295,Structure,11,3522.31,SITE05,2022-04-11,2022-05-13,2022-05-14,32,33,1,2.7,0.725,0.0028,Medium,1,1,0.7762929131319238,High,383,77.63
PO026100,SUP009,P00267,Cabin,75,16341.75,SITE06,2023-09-18,2023-11-17,2023-11-19,60,62,2,2.2,0.6806,0.002,Medium,1,1,0.776242742709966,High,384,77.62
PO016638,SUP015,P00169,Structure,4,3258.04,SITE04,2024-03-04,2024-04-17,2024-04-19,44,46,2,2.52,0.7079,0.0021,Medium,1,1,0.7760258929402102,High,385,77.6
PO023323,SUP040,P00238,Cabin,27,18873.27,SITE06,2022-02-21,2022-04-10,2022-04-14,48,52,4,2.45,0.7101,0.0,Medium,1,1,0.7759811491538982,High,386,77.6
PO009263,SUP025,P00092,Avionics,7,1824.2,SITE03,2024-06-03,2024-07-29,2024-07-30,56,57,1,2.51,0.6829,0.0014,Medium,1,1,0.7759649992236449,High,387,77.6
PO016599,SUP015,P00169,Structure,4,3258.04,SITE02,2022-03-07,2022-04-13,2022-04-18,37,42,5,1.92,0.7692,0.0,Medium,1,1,0.7758931320792732,High,388,77.59
PO009561,SUP013,P00095,Engine,2,1089.7,SITE05,2023-07-10,2023-09-12,2023-09-14,64,66,2,2.41,0.6804,0.0017,Medium,1,1,0.7758772890083957,High,389,77.59
PO023462,SUP013,P00239,Structure,8,2184.8,SITE05,2024-07-22,2024-09-12,2024-09-18,52,58,6,2.42,0.6919,0.0014,Medium,1,1,0.7758711559987617,High,390,77.59
PO006064,SUP014,P00060,Cabin,21,11478.39,SITE06,2022-09-19,2022-11-12,2022-11-09,54,51,-3,2.62,0.7476,0.0011,Medium,0,1,0.7758042634515372,High,391,77.58
PO019110,SUP025,P00194,Structure,17,6261.78,SITE06,2023-12-25,2024-02-03,2024-02-08,40,45,5,2.5,0.6894,0.0016,Medium,1,1,0.7754679942201114,High,392,77.55
PO025218,SUP013,P00260,Hydraulics,3,3944.91,SITE02,2023-06-26,2023-08-12,2023-08-17,47,52,5,2.4,0.6806,0.0018,Medium,1,1,0.775303385320372,High,393,77.53
PO026090,SUP009,P00267,Cabin,32,6972.48,SITE06,2023-03-06,2023-05-06,2023-05-04,61,59,-2,2.32,0.7043,0.001,Medium,0,1,0.7745979125877032,High,394,77.46
PO000711,SUP002,P00006,Cabin,14,9315.04,SITE01,2024-11-04,2025-01-10,2025-01-14,67,71,4,2.57,0.7139,0.001,Medium,1,1,0.7745929768491141,High,395,77.46
PO017774,SUP025,P00181,Structure,9,8960.85,SITE01,2022-12-19,2023-02-01,2023-02-07,44,50,6,2.4,0.642,0.001,Medium,1,1,0.7744670458022698,High,396,77.45
PO020742,SUP005,P00212,Fasteners,7,7426.58,SITE03,2024-11-11,2024-12-27,2024-12-29,46,48,2,2.37,0.6635,0.0002,Medium,1,1,0.7737605297997354,High,397,77.38
PO022591,SUP040,P00228,Fasteners,3,24215.43,SITE05,2024-10-28,2024-12-10,2024-12-11,43,44,1,2.28,0.6582,0.0016,Medium,1,1,0.7736078346742212,High,398,77.36
PO009100,SUP039,P00090,Avionics,5,1418.75,SITE05,2024-08-26,2024-10-03,2024-10-06,38,41,3,2.43,0.6952,0.0028,Medium,1,1,0.7735455623266055,High,399,77.35
PO019592,SUP026,P00199,Cabin,58,63135.9,SITE06,2022-10-24,2022-12-28,2022-12-28,65,65,0,2.34,0.6971,0.0009,Medium,0,1,0.7734269098477519,High,400,77.34
PO009668,SUP003,P00097,Hydraulics,5,3509.8,SITE04,2023-07-03,2023-08-16,2023-08-24,44,52,8,2.27,0.6519,0.0,Medium,1,1,0.7734252266981244,High,401,77.34
PO009977,SUP021,P00101,Cabin,16,17094.08,SITE01,2023-02-13,2023-04-16,2023-04-20,62,66,4,2.47,0.7278,0.0007,Medium,1,1,0.7733658089111444,High,402,77.34
PO029531,SUP003,P00299,Fasteners,12,8309.64,SITE06,2023-01-30,2023-03-11,2023-03-21,40,50,10,2.24,0.6178,0.0,Medium,1,1,0.7732920804028814,High,403,77.33
PO001106,SUP018,P00008,Avionics,25,7241.5,SITE06,2022-01-24,2022-03-22,2022-03-24,57,59,2,1.33,0.4667,0.0,Medium,1,1,0.7731444753602473,High,404,77.31
PO028109,SUP018,P00286,Electrical,3,11561.19,SITE05,2022-05-30,2022-07-02,2022-07-06,33,37,4,2.43,0.7283,0.0025,Medium,1,1,0.7729329615588809,High,405,77.29
PO005152,SUP027,P00054,Fasteners,12,48719.64,SITE04,2023-08-14,2023-09-22,2023-09-22,39,39,0,2.5,0.6928,0.0006,Medium,0,1,0.7728578741143329,High,406,77.29
PO004924,SUP013,P00051,LandingGear,2,17908.62,SITE04,2023-01-09,2023-02-18,2023-02-21,40,43,3,2.42,0.683,0.0009,Medium,1,1,0.7728417444698322,High,407,77.28
PO005073,SUP006,P00053,Engine,2,1002.3,SITE03,2024-11-11,2025-01-14,2025-01-15,64,65,1,2.51,0.6894,0.0012,Medium,1,1,0.7728138879935104,High,408,77.28
PO003793,SUP026,P00040,Structure,16,2664.16,SITE01,2024-05-20,2024-07-20,2024-07-28,61,69,8,2.4,0.6957,0.0012,Medium,1,1,0.7727606714234896,High,409,77.28
PO019826,SUP006,P00202,Engine,3,970.2,SITE01,2024-09-02,2024-11-07,2024-11-05,66,64,-2,2.5,0.6875,0.0012,Medium,0,1,0.7727589331695806,High,410,77.28
PO002183,SUP015,P00021,Hydraulics,2,830.74,SITE01,2023-09-11,2023-10-28,2023-10-25,47,44,-3,2.34,0.6923,0.0026,Medium,0,1,0.7726135099239885,High,411,77.26
PO029118,SUP002,P00297,LandingGear,8,10068.08,SITE02,2023-04-10,2023-06-05,2023-06-09,56,60,4,2.5,0.6991,0.0015,Medium,1,1,0.7726134738998003,High,412,77.26
PO005949,SUP014,P00060,Cabin,23,12571.57,SITE02,2024-10-07,2024-12-02,2024-12-07,56,61,5,2.49,0.6935,0.0008,Medium,1,1,0.7725839660974657,High,413,77.26
PO016588,SUP015,P00169,Structure,6,4887.06,SITE01,2023-08-14,2023-09-19,2023-09-21,36,38,2,2.32,0.6894,0.0021,Medium,1,1,0.7724062259756349,High,414,77.24
PO018764,SUP002,P00191,LandingGear,12,13217.64,SITE06,2022-10-17,2022-12-16,2022-12-20,60,64,4,2.48,0.6889,0.0006,Medium,1,1,0.772268174522261,High,415,77.23
PO015399,SUP013,P00155,Avionics,6,22774.38,SITE06,2024-10-14,2024-11-28,2024-11-26,45,43,-2,2.41,0.6866,0.0015,Medium,0,1,0.7721224817970647,High,416,77.21
PO000666,SUP024,P00005,Cabin,46,60718.16,SITE06,2023-04-24,2023-06-21,2023-06-26,58,63,5,2.32,0.6631,0.0011,Medium,1,1,0.772089382918733,High,417,77.21
PO004747,SUP006,P00048,Fasteners,16,22144.48,SITE05,2022-11-21,2023-01-23,2023-01-30,63,70,7,2.5,0.6686,0.0009,Medium,1,1,0.771844243173686,High,418,77.18
PO008446,SUP009,P00084,Avionics,8,5586.96,SITE06,2022-07-25,2022-09-14,2022-09-21,51,58,7,2.46,0.748,0.002,Medium,1,1,0.7717704687634659,High,419,77.18
PO004948,SUP027,P00052,Electrical,5,5880.35,SITE01,2022-12-05,2023-01-02,2023-01-04,28,30,2,2.61,0.7026,0.0004,Medium,1,1,0.7717637287107451,High,420,77.18
PO023972,SUP009,P00245,LandingGear,12,14944.2,SITE05,2022-09-26,2022-11-06,2022-11-10,41,45,4,2.33,0.7239,0.0018,Medium,1,1,0.7716332272138746,High,421,77.16
PO019079,SUP025,P00194,Structure,7,2578.38,SITE05,2023-05-01,2023-06-03,2023-06-11,33,41,8,2.55,0.676,0.0007,Medium,1,1,0.7714544278714964,High,422,77.15
PO023327,SUP040,P00238,Cabin,20,13980.2,SITE06,2022-05-09,2022-07-03,2022-07-02,55,54,-1,2.2,0.65,0.0027,Medium,0,1,0.7711120824602087,High,423,77.11
PO021101,SUP024,P00215,Fasteners,19,43449.01,SITE06,2023-03-20,2023-05-20,2023-05-23,61,64,3,2.33,0.6686,0.0012,Medium,1,1,0.7709475158070799,High,424,77.09
PO027600,SUP003,P00280,Cabin,13,18690.1,SITE03,2022-11-14,2023-01-03,2023-01-08,50,55,5,2.21,0.5977,0.0,Medium,1,1,0.7707779925138961,High,425,77.08
PO006981,SUP027,P00070,Electrical,21,15706.53,SITE06,2023-06-19,2023-07-15,2023-07-20,26,31,5,2.54,0.6912,0.0005,Medium,1,1,0.7706285890190759,High,426,77.06
PO004145,SUP014,P00042,Fasteners,15,33582.3,SITE06,2022-06-13,2022-07-25,2022-07-28,42,45,3,2.73,0.7521,0.0017,Medium,1,1,0.7705098254804974,High,427,77.05
PO009627,SUP026,P00096,Engine,3,1452.87,SITE06,2024-10-21,2025-01-09,2025-01-09,80,80,0,2.49,0.7042,0.0011,Medium,0,1,0.7702986214778094,High,428,77.03
PO024215,SUP027,P00248,Avionics,11,2860.55,SITE04,2023-05-22,2023-07-03,2023-07-04,42,43,1,2.52,0.6873,0.0004,Medium,1,1,0.7700643069430877,High,429,77.01
PO016166,SUP027,P00163,Avionics,14,4128.88,SITE03,2024-05-13,2024-06-23,2024-06-22,41,40,-1,2.51,0.6898,0.0008,Medium,0,1,0.7698656414386278,High,430,76.99
PO026465,SUP006,P00270,Electrical,13,42845.53,SITE01,2024-01-08,2024-03-09,2024-03-16,61,68,7,2.48,0.6698,0.0011,Medium,1,1,0.7698548576921002,High,431,76.99
PO024939,SUP038,P00257,Cabin,39,41256.93,SITE04,2022-04-18,2022-06-07,2022-06-08,50,51,1,2.18,0.6818,0.0,Medium,1,1,0.7693878351904668,High,432,76.94
PO003006,SUP023,P00030,Hydraulics,9,2654.64,SITE06,2024-12-02,2025-01-18,2025-01-21,47,50,3,2.68,0.7343,0.003,Medium,1,1,0.7687591803757721,High,433,76.88
PO009215,SUP024,P00091,Electrical,10,17118.0,SITE06,2022-08-01,2022-09-11,2022-09-14,41,44,3,2.27,0.6383,0.0011,Medium,1,1,0.7687187576282313,High,434,76.87
PO002980,SUP023,P00030,Hydraulics,22,6489.12,SITE06,2022-01-03,2022-02-25,2022-02-25,53,53,0,0.0,0.0,0.0,Medium,0,1,0.7685857450960346,High,435,76.86
PO023609,SUP013,P00240,Electrical,27,30035.88,SITE06,2024-07-22,2024-08-29,2024-08-31,38,40,2,2.43,0.6928,0.0014,Medium,1,1,0.7685399919377746,High,436,76.85
PO016224,SUP027,P00163,Avionics,29,8552.68,SITE06,2022-02-14,2022-03-30,2022-04-02,44,47,3,2.93,0.7778,0.0,Medium,1,1,0.7685221050609244,High,437,76.85
PO000921,SUP040,P00007,Fasteners,9,23986.98,SITE03,2024-05-27,2024-07-12,2024-07-13,46,47,1,2.27,0.6563,0.0019,Medium,1,1,0.768409207149689,High,438,76.84
PO004784,SUP006,P00048,Fasteners,24,33216.72,SITE06,2024-08-26,2024-10-22,2024-10-27,57,62,5,2.49,0.6857,0.0012,Medium,1,1,0.7682924125294244,High,439,76.83
PO023347,SUP040,P00238,Cabin,29,20271.29,SITE06,2024-05-13,2024-07-03,2024-07-02,51,50,-1,2.27,0.6545,0.0019,Medium,0,1,0.768250911749395,High,440,76.83
PO009735,SUP013,P00098,Electrical,4,4192.08,SITE04,2024-04-22,2024-06-08,2024-06-06,47,45,-2,2.4,0.6874,0.0015,Medium,0,1,0.7682384346711554,High,441,76.82
PO001880,SUP027,P00018,Cabin,26,29988.14,SITE02,2024-06-24,2024-08-08,2024-08-10,45,47,2,2.49,0.6886,0.0009,Medium,1,1,0.768107430930668,High,442,76.81
PO028519,SUP002,P00290,LandingGear,6,6989.76,SITE03,2024-04-22,2024-06-09,2024-06-11,48,50,2,2.55,0.7078,0.001,Medium,1,1,0.7679964929250643,High,443,76.8
PO000994,SUP018,P00008,Avionics,6,1737.96,SITE01,2022-09-19,2022-11-07,2022-11-09,49,51,2,2.23,0.7014,0.0017,Medium,1,1,0.7678143520160128,High,444,76.78
PO002907,SUP023,P00030,Hydraulics,3,884.88,SITE01,2022-07-18,2022-09-10,2022-09-07,54,51,-3,2.87,0.8,0.0034,Medium,0,1,0.7673044656484809,High,445,76.73
PO020558,SUP009,P00209,Avionics,11,2348.39,SITE06,2023-02-06,2023-03-30,2023-04-03,52,56,4,2.28,0.7059,0.0011,Medium,1,1,0.767067540113024,High,446,76.71
PO011841,SUP013,P00120,Fasteners,8,10679.44,SITE05,2024-07-22,2024-09-14,2024-09-14,54,54,0,2.43,0.6917,0.0014,Medium,0,1,0.766963735625901,High,447,76.7
PO014990,SUP025,P00151,Hydraulics,3,2908.77,SITE03,2023-02-13,2023-04-01,2023-04-02,47,48,1,2.57,0.6634,0.0008,Medium,1,1,0.7669601433243816,High,448,76.7
PO026477,SUP006,P00270,Electrical,9,29662.29,SITE02,2024-04-15,2024-05-30,2024-06-03,45,49,4,2.49,0.677,0.0011,Medium,1,1,0.7669494020310488,High,449,76.69
PO006434,SUP038,P00065,Fasteners,6,8505.66,SITE02,2024-03-18,2024-05-01,2024-05-06,44,49,5,2.31,0.6667,0.0013,Medium,1,1,0.7669110466880421,High,450,76.69
PO015165,SUP026,P00153,Fasteners,31,70099.99,SITE06,2022-11-14,2023-01-25,2023-01-23,72,70,-2,2.32,0.6944,0.0008,Medium,0,1,0.7668671800937634,High,451,76.69
PO021643,SUP021,P00219,Avionics,7,16710.89,SITE06,2022-02-28,2022-04-24,2022-04-27,55,58,3,2.21,0.625,0.0,Medium,1,1,0.7667982631573046,High,452,76.68
PO015021,SUP025,P00151,Hydraulics,7,6787.13,SITE05,2024-11-18,2025-01-02,2025-01-04,45,47,2,2.48,0.687,0.0017,Medium,1,1,0.7661950377415665,High,453,76.62
PO004753,SUP006,P00048,Fasteners,15,20760.45,SITE05,2024-01-08,2024-03-05,2024-03-05,57,57,0,2.48,0.6711,0.0011,Medium,0,1,0.7661165850952318,High,454,76.61
PO026066,SUP009,P00267,Cabin,18,3922.02,SITE05,2023-11-06,2024-01-02,2024-01-04,57,59,2,2.2,0.6791,0.0018,Medium,1,1,0.7660914490527392,High,455,76.61
PO013502,SUP038,P00137,Fasteners,6,4764.66,SITE03,2022-06-20,2022-08-15,2022-08-17,56,58,2,2.12,0.6763,0.0,Medium,1,1,0.7660440673419603,High,456,76.6
PO028103,SUP018,P00286,Electrical,5,19268.65,SITE04,2024-07-22,2024-08-30,2024-09-04,39,44,5,2.26,0.6913,0.0014,Medium,1,1,0.7658298248659698,High,457,76.58
PO000782,SUP002,P00006,Cabin,46,30606.56,SITE04,2022-06-06,2022-08-15,2022-08-17,70,72,2,2.36,0.686,0.0009,Medium,1,1,0.7658033308075436,High,458,76.58
PO004723,SUP006,P00048,Fasteners,21,29064.63,SITE04,2023-05-08,2023-07-10,2023-07-11,63,64,1,2.44,0.6595,0.001,Medium,1,1,0.7655573731265505,High,459,76.56
PO017182,SUP006,P00175,Cabin,96,87030.72,SITE04,2023-05-08,2023-06-30,2023-07-06,53,59,6,2.43,0.6589,0.001,Medium,1,1,0.765496019599243,High,460,76.55
PO010319,SUP018,P00103,Fasteners,10,12909.0,SITE05,2022-07-04,2022-08-12,2022-08-15,39,42,3,2.32,0.7358,0.0017,Medium,1,1,0.7654531205750293,High,461,76.55
PO000781,SUP002,P00006,Cabin,31,20626.16,SITE04,2022-05-09,2022-07-13,2022-07-17,65,69,4,2.48,0.7041,0.0013,Medium,1,1,0.7654246766021253,High,462,76.54
PO000865,SUP002,P00006,Cabin,26,17299.36,SITE06,2024-01-08,2024-03-27,2024-03-28,79,80,1,2.57,0.7025,0.0011,Medium,1,1,0.7654046027510414,High,463,76.54
PO022849,SUP002,P00231,Cabin,17,10682.63,SITE05,2022-09-26,2022-12-08,2022-12-05,73,70,-3,2.5,0.6872,0.0006,Medium,0,1,0.7650982739665244,High,464,76.51
PO002914,SUP023,P00030,Hydraulics,4,1179.84,SITE02,2022-02-14,2022-04-03,2022-04-05,48,50,2,2.17,0.5,0.0,Medium,1,1,0.7650740792512326,High,465,76.51
PO000696,SUP002,P00006,Cabin,6,3992.16,SITE01,2022-10-31,2023-01-11,2023-01-14,72,75,3,2.43,0.6864,0.0009,Medium,1,1,0.7650231925898201,High,466,76.5
PO029001,SUP014,P00295,Structure,12,3842.52,SITE06,2022-08-08,2022-09-10,2022-09-10,33,33,0,2.63,0.7341,0.0015,Medium,0,1,0.7643191741044365,High,467,76.43
PO005897,SUP014,P00060,Cabin,16,8745.44,SITE01,2022-06-13,2022-07-24,2022-07-29,41,46,5,2.73,0.7541,0.0017,Medium,1,1,0.7639774446550341,High,468,76.4
PO000896,SUP040,P00007,Fasteners,15,39978.3,SITE02,2022-05-30,2022-07-10,2022-07-14,41,45,4,2.16,0.6425,0.0024,Medium,1,1,0.7639565473632901,High,469,76.4
PO028580,SUP014,P00291,Hydraulics,7,9619.96,SITE02,2023-12-11,2024-01-30,2024-02-01,50,52,2,2.46,0.6951,0.0008,Medium,1,1,0.7638169845452454,High,470,76.38
PO027668,SUP003,P00280,Cabin,7,10063.9,SITE05,2023-10-09,2023-12-14,2023-12-14,66,66,0,2.31,0.6605,0.0002,Medium,0,1,0.7637370564249188,High,471,76.37
PO029122,SUP002,P00297,LandingGear,9,11326.59,SITE02,2024-06-10,2024-08-04,2024-08-04,55,55,0,2.54,0.7059,0.001,Medium,0,1,0.7636914167974866,High,472,76.37
PO024442,SUP013,P00251,Hydraulics,3,5913.57,SITE05,2024-09-16,2024-10-31,2024-10-30,45,44,-1,2.43,0.6927,0.0015,Medium,0,1,0.7633419786268085,High,473,76.33
PO009676,SUP003,P00097,Hydraulics,6,4211.76,SITE04,2024-07-15,2024-08-28,2024-08-29,44,45,1,2.27,0.6538,0.0003,Medium,1,1,0.7633095611137086,High,474,76.33
PO023976,SUP009,P00245,LandingGear,8,9962.8,SITE05,2023-01-02,2023-02-08,2023-02-10,37,39,2,2.27,0.6937,0.0013,Medium,1,1,0.7631870580324066,High,475,76.32
PO005493,SUP013,P00057,Avionics,26,3072.68,SITE03,2023-05-22,2023-07-18,2023-07-21,57,60,3,2.42,0.6758,0.0012,Medium,1,1,0.7630307598719361,High,476,76.3
PO011148,SUP015,P00113,Engine,1,4031.3,SITE01,2024-03-25,2024-05-15,2024-05-19,51,55,4,2.53,0.7134,0.002,Medium,1,1,0.762885332662803,High,477,76.29
PO004118,SUP014,P00042,Fasteners,8,17910.56,SITE04,2024-03-04,2024-04-14,2024-04-17,41,44,3,2.44,0.6905,0.0007,Medium,1,1,0.7627613712824065,High,478,76.28
PO026522,SUP006,P00270,Electrical,10,32958.1,SITE05,2024-09-02,2024-10-27,2024-11-01,55,60,5,2.5,0.6868,0.0012,Medium,1,1,0.7627022499277881,High,479,76.27
PO018685,SUP002,P00191,LandingGear,4,4405.88,SITE02,2023-12-04,2024-02-03,2024-02-02,61,60,-1,2.59,0.7035,0.0012,Medium,0,1,0.7625097749975777,High,480,76.25
PO001951,SUP027,P00018,Cabin,6,6920.34,SITE05,2022-01-17,2022-03-06,2022-03-08,48,50,2,3.46,0.9231,0.0,Medium,1,1,0.7623723966665142,High,481,76.24
PO013542,SUP038,P00137,Fasteners,39,30970.29,SITE04,2024-01-22,2024-03-06,2024-03-10,44,48,4,2.29,0.6632,0.0014,Medium,1,1,0.7623497670630021,High,482,76.23
PO019024,SUP025,P00194,Structure,7,2578.38,SITE03,2023-01-30,2023-03-12,2023-03-21,41,50,9,2.54,0.6616,0.0009,Medium,1,1,0.7621551386161743,High,483,76.22
PO005506,SUP013,P00057,Avionics,24,2836.32,SITE03,2024-03-11,2024-05-06,2024-05-08,56,58,2,2.4,0.6834,0.0016,Medium,1,1,0.7621530465222046,High,484,76.22
PO001852,SUP027,P00018,Cabin,29,33448.31,SITE01,2024-06-17,2024-08-01,2024-08-02,45,46,1,2.5,0.6878,0.0009,Medium,1,1,0.7617351447044161,High,485,76.17
PO022909,SUP021,P00232,Engine,3,2009.73,SITE01,2024-07-29,2024-10-07,2024-10-14,70,77,7,2.51,0.7075,0.0011,Medium,1,1,0.7617200268369454,High,486,76.17
PO005909,SUP014,P00060,Cabin,9,4919.31,SITE01,2024-01-08,2024-02-23,2024-02-22,46,45,-1,2.45,0.6926,0.0007,Medium,0,1,0.7615662632246882,High,487,76.16
PO022647,SUP040,P00230,Avionics,3,945.63,SITE01,2023-04-17,2023-06-13,2023-06-18,57,62,5,2.2,0.6541,0.0022,Medium,1,1,0.7615106736886754,High,488,76.15
PO025268,SUP013,P00260,Hydraulics,3,3944.91,SITE05,2024-08-12,2024-09-24,2024-09-23,43,42,-1,2.43,0.6947,0.0015,Medium,0,1,0.7614268702712753,High,489,76.14
PO016226,SUP027,P00163,Avionics,21,6193.32,SITE06,2022-03-21,2022-05-07,2022-05-11,47,51,4,2.45,0.701,0.0,Medium,1,1,0.7613915633290548,High,490,76.14
PO013500,SUP038,P00137,Fasteners,6,4764.66,SITE03,2022-03-07,2022-04-19,2022-04-18,43,42,-1,2.06,0.7021,0.0,Medium,0,1,0.761380423612217,High,491,76.14
PO011806,SUP013,P00120,Fasteners,11,14684.23,SITE04,2023-10-30,2023-12-15,2023-12-20,46,51,5,2.4,0.6878,0.0015,Medium,1,1,0.7613367342425331,High,492,76.13
PO013612,SUP040,P00138,LandingGear,11,26173.51,SITE01,2023-03-27,2023-04-27,2023-05-01,31,35,4,2.19,0.6581,0.0023,Medium,1,1,0.7612459614365387,High,493,76.12
PO000557,SUP024,P00005,Cabin,14,18479.44,SITE03,2022-10-17,2023-01-01,2023-01-06,76,81,5,2.21,0.6437,0.0013,Medium,1,1,0.7610826033991565,High,494,76.11
PO003304,SUP021,P00034,Fasteners,8,5476.64,SITE06,2023-04-03,2023-05-30,2023-05-30,57,57,0,2.5,0.7255,0.0006,Medium,0,1,0.76091354164846,High,495,76.09
PO018113,SUP016,P00184,Avionics,16,6783.84,SITE06,2022-01-03,2022-02-21,2022-02-20,49,48,-1,1.5,0.5,0.0,Medium,0,1,0.7607040366115274,High,496,76.07
PO017126,SUP006,P00175,Cabin,10,9065.7,SITE02,2024-09-23,2024-12-01,2024-12-04,69,72,3,2.5,0.6878,0.0012,Medium,1,1,0.7605862099068096,High,497,76.06
PO009743,SUP013,P00098,Electrical,2,2096.04,SITE05,2024-09-09,2024-10-19,2024-10-22,40,43,3,2.43,0.6911,0.0015,Medium,1,1,0.7602146279173132,High,498,76.02
PO023980,SUP009,P00245,LandingGear,14,17434.9,SITE05,2024-05-27,2024-07-03,2024-07-08,37,42,5,2.23,0.6768,0.0016,Medium,1,1,0.7601672994545693,High,499,76.02
PO023585,SUP013,P00240,Electrical,16,17799.04,SITE06,2022-09-05,2022-10-14,2022-10-15,39,40,1,2.31,0.6716,0.0012,Medium,1,1,0.7600734334849171,High,500,76.01
PO005185,SUP027,P00054,Fasteners,20,81199.4,SITE06,2022-11-14,2022-12-23,2022-12-27,39,43,4,2.64,0.708,0.0004,Medium,1,1,0.7600548983895112,High,501,76.01
PO019596,SUP026,P00199,Cabin,15,16328.25,SITE06,2023-04-24,2023-07-04,2023-07-02,71,69,-2,2.38,0.6948,0.001,Medium,0,1,0.7599271328887809,High,502,75.99
PO000762,SUP002,P00006,Cabin,30,19960.8,SITE03,2023-07-17,2023-09-24,2023-09-24,69,69,0,2.52,0.7002,0.0012,Medium,0,1,0.7599058532850863,High,503,75.99
PO000912,SUP040,P00007,Fasteners,19,50639.18,SITE03,2022-04-25,2022-06-10,2022-06-08,46,44,-2,2.21,0.6434,0.0032,Medium,0,1,0.7598666224777488,High,504,75.99
PO005134,SUP027,P00054,Fasteners,19,77139.43,SITE04,2022-01-31,2022-03-07,2022-03-06,35,34,-1,3.0,0.8077,0.0,Medium,0,1,0.7596062372812373,High,505,75.96
PO023372,SUP013,P00239,Structure,9,2457.9,SITE02,2022-06-20,2022-08-12,2022-08-13,53,54,1,2.1,0.6313,0.0012,Medium,1,1,0.7595042000310334,High,506,75.95
PO011151,SUP015,P00113,Engine,1,4031.3,SITE02,2023-07-31,2023-09-19,2023-09-20,50,51,1,2.34,0.6916,0.0021,Medium,1,1,0.759384137007257,High,507,75.94
PO010060,SUP021,P00101,Cabin,28,29914.64,SITE03,2024-08-19,2024-10-26,2024-10-27,68,69,1,2.49,0.6982,0.0011,Medium,1,1,0.7591458849988334,High,508,75.91
PO017521,SUP006,P00178,Fasteners,3,2517.27,SITE02,2022-03-21,2022-05-15,2022-05-14,55,54,-1,2.78,0.6742,0.0,Medium,0,1,0.7590832913463349,High,509,75.91
PO005602,SUP013,P00057,Avionics,32,3781.76,SITE06,2024-12-02,2025-02-03,2025-02-06,63,66,3,2.43,0.687,0.0015,Medium,1,1,0.7584924778867124,High,510,75.85
PO004913,SUP013,P00051,LandingGear,5,44771.55,SITE02,2024-09-16,2024-10-26,2024-10-27,40,41,1,2.43,0.6913,0.0015,Medium,1,1,0.7583258617646409,High,511,75.83
PO003178,SUP024,P00033,Hydraulics,9,2491.83,SITE03,2022-01-24,2022-03-17,2022-03-20,52,55,3,2.3,0.5926,0.0,Medium,1,1,0.7582936597190233,High,512,75.83
PO024858,SUP038,P00257,Cabin,20,21157.4,SITE01,2023-05-01,2023-06-15,2023-06-19,45,49,4,2.27,0.6636,0.0011,Medium,1,1,0.7582687147599435,High,513,75.83
PO004691,SUP006,P00048,Fasteners,18,24912.54,SITE02,2024-09-16,2024-11-17,2024-11-17,62,62,0,2.5,0.6883,0.0012,Medium,0,1,0.7582515764408762,High,514,75.83
PO013487,SUP038,P00137,Fasteners,12,9529.32,SITE02,2023-08-21,2023-10-09,2023-10-07,49,47,-2,2.29,0.6686,0.001,Medium,0,1,0.7581377512988472,High,515,75.81
PO021622,SUP021,P00219,Avionics,5,11936.35,SITE03,2023-06-26,2023-08-15,2023-08-15,50,50,0,2.56,0.7306,0.0015,Medium,0,1,0.7581202317806306,High,516,75.81
PO024854,SUP038,P00257,Cabin,14,14810.18,SITE01,2022-09-05,2022-10-28,2022-11-01,53,57,4,2.26,0.6757,0.001,Medium,1,1,0.7580698774612961,High,517,75.81
PO017946,SUP005,P00182,Engine,4,1487.92,SITE05,2023-05-22,2023-07-14,2023-07-18,53,57,4,2.53,0.699,0.0,Medium,1,1,0.7580578536689648,High,518,75.81
PO003299,SUP021,P00034,Fasteners,7,4792.06,SITE06,2022-07-04,2022-09-03,2022-09-05,61,63,2,2.26,0.726,0.0,Medium,1,1,0.757830426444016,High,519,75.78
PO016150,SUP027,P00163,Avionics,35,10322.2,SITE03,2022-02-21,2022-04-06,2022-04-10,44,48,4,2.73,0.7288,0.0,Medium,1,1,0.7577689377188186,High,520,75.78
PO029489,SUP003,P00299,Fasteners,16,11079.52,SITE05,2022-05-02,2022-06-08,2022-06-09,37,38,1,2.4,0.6032,0.0,Medium,1,1,0.7577444567192314,High,521,75.77
PO011483,SUP038,P00116,Cabin,43,125726.41,SITE04,2022-10-17,2022-12-12,2022-12-13,56,57,1,2.2,0.6549,0.001,Medium,1,1,0.7573360191356566,High,522,75.73
PO001867,SUP027,P00018,Cabin,6,6920.34,SITE02,2023-10-16,2023-11-30,2023-12-04,45,49,4,2.49,0.6894,0.0006,Medium,1,1,0.7572815414769798,High,523,75.73
PO017916,SUP005,P00182,Engine,3,1115.94,SITE03,2022-02-21,2022-04-15,2022-04-19,53,57,4,2.64,0.6364,0.0,Medium,1,1,0.7572712455167208,High,524,75.73
PO012837,SUP014,P00128,Fasteners,7,7717.15,SITE06,2023-11-20,2024-01-05,2024-01-09,46,50,4,2.48,0.6959,0.0008,Medium,1,1,0.7570250650670973,High,525,75.7
PO010151,SUP021,P00101,Cabin,98,104701.24,SITE06,2023-05-01,2023-07-04,2023-07-08,64,68,4,2.53,0.7235,0.0014,Medium,1,1,0.7570114290630591,High,526,75.7
PO028106,SUP018,P00286,Electrical,4,15414.92,SITE04,2024-09-16,2024-10-27,2024-11-01,41,46,5,2.25,0.6838,0.0015,Medium,1,1,0.7568643035530845,High,527,75.69
PO026031,SUP009,P00267,Cabin,17,3704.13,SITE04,2024-02-26,2024-04-25,2024-04-30,59,64,5,2.22,0.6723,0.0017,Medium,1,1,0.7566990137436617,High,528,75.67
PO022813,SUP002,P00231,Cabin,49,30791.11,SITE04,2022-08-22,2022-11-07,2022-11-09,77,79,2,2.41,0.6685,0.0008,Medium,1,1,0.756222950641405,High,529,75.62
PO029188,SUP002,P00297,LandingGear,12,15102.12,SITE05,2022-08-22,2022-10-05,2022-10-09,44,48,4,2.42,0.672,0.0008,Medium,1,1,0.7561170417357118,High,530,75.61
PO006437,SUP038,P00065,Fasteners,2,2835.22,SITE03,2022-03-14,2022-04-28,2022-04-26,45,43,-2,2.0,0.6863,0.0,Medium,0,1,0.7560868048168097,High,531,75.61
PO026576,SUP023,P00271,Cabin,3,13848.27,SITE03,2023-03-13,2023-05-30,2023-05-31,78,79,1,2.79,0.785,0.0038,Medium,1,1,0.7558986799049588,High,532,75.59
PO007934,SUP027,P00080,Cabin,4,10582.08,SITE05,2023-06-05,2023-07-21,2023-07-25,46,50,4,2.54,0.6894,0.0004,Medium,1,1,0.7558789650894915,High,533,75.59
PO022811,SUP002,P00231,Cabin,16,10054.24,SITE04,2022-07-11,2022-09-22,2022-09-20,73,71,-2,2.39,0.6711,0.0005,Medium,0,1,0.755619918339635,High,534,75.56
PO020801,SUP005,P00212,Fasteners,35,37132.9,SITE06,2022-02-14,2022-03-31,2022-03-29,45,43,-2,2.55,0.65,0.0,Medium,0,1,0.7555840284044291,High,535,75.56
PO014969,SUP025,P00151,Hydraulics,5,4847.95,SITE01,2024-03-11,2024-04-24,2024-04-24,44,44,0,2.54,0.6878,0.0014,Medium,0,1,0.7554880399579041,High,536,75.55
PO000592,SUP024,P00005,Cabin,17,22439.32,SITE04,2022-12-12,2023-02-21,2023-02-21,71,71,0,2.25,0.6584,0.0011,Medium,0,1,0.7551927003077522,High,537,75.52
PO017252,SUP006,P00175,Cabin,11,9972.27,SITE06,2024-03-11,2024-05-12,2024-05-17,62,67,5,2.47,0.6724,0.0011,Medium,1,1,0.75519103451958,High,538,75.52
PO013956,SUP040,P00141,LandingGear,6,3081.84,SITE02,2024-07-15,2024-08-24,2024-08-25,40,41,1,2.28,0.6582,0.0017,Medium,1,1,0.7551011966049856,High,539,75.51
PO000671,SUP024,P00005,Cabin,94,124076.24,SITE06,2023-11-27,2024-02-01,2024-01-31,66,65,-1,2.42,0.6642,0.0012,Medium,0,1,0.7549723395478387,High,540,75.5
PO000914,SUP040,P00007,Fasteners,3,7995.66,SITE03,2022-06-27,2022-08-18,2022-08-22,52,56,4,2.23,0.6445,0.0019,Medium,1,1,0.7548610449353117,High,541,75.49
PO023977,SUP009,P00245,LandingGear,12,14944.2,SITE05,2023-02-13,2023-03-23,2023-03-24,38,39,1,2.32,0.702,0.0011,Medium,1,1,0.7548080727180267,High,542,75.48
PO025232,SUP013,P00260,Hydraulics,7,9204.79,SITE03,2023-06-26,2023-08-20,2023-08-26,55,61,6,2.4,0.6811,0.0018,Medium,1,1,0.754754695358011,High,543,75.48
PO003286,SUP021,P00034,Fasteners,8,5476.64,SITE04,2024-02-05,2024-04-07,2024-04-13,62,68,6,2.51,0.7147,0.001,Medium,1,1,0.7547043628674063,High,544,75.47
PO002944,SUP023,P00030,Hydraulics,30,8848.8,SITE04,2022-10-03,2022-11-20,2022-11-23,48,51,3,2.83,0.7778,0.0048,Medium,1,1,0.7544535113976628,High,545,75.45
PO001081,SUP018,P00008,Avionics,14,4055.24,SITE04,2024-09-02,2024-10-24,2024-10-31,52,59,7,2.25,0.6849,0.0015,Medium,1,1,0.7544253644241046,High,546,75.44
PO003296,SUP021,P00034,Fasteners,3,2053.74,SITE05,2024-10-28,2024-12-21,2024-12-24,54,57,3,2.47,0.7023,0.0011,Medium,1,1,0.7544231503866805,High,547,75.44
PO006933,SUP027,P00070,Electrical,16,11966.88,SITE04,2023-11-13,2023-12-10,2023-12-14,27,31,4,2.51,0.6898,0.0006,Medium,1,1,0.7544174710795982,High,548,75.44
PO017118,SUP006,P00175,Cabin,34,30823.38,SITE02,2024-01-22,2024-03-23,2024-03-29,61,67,6,2.49,0.6719,0.0011,Medium,1,1,0.7542431527217514,High,549,75.42
PO016648,SUP015,P00169,Structure,4,3258.04,SITE05,2023-07-31,2023-09-12,2023-09-12,43,43,0,2.32,0.69,0.0021,Medium,0,1,0.7541286109644232,High,550,75.41
PO011103,SUP025,P00112,Hydraulics,3,680.19,SITE05,2023-04-03,2023-05-25,2023-05-25,52,52,0,2.54,0.6622,0.0007,Medium,0,1,0.7540926733609661,High,551,75.41
PO013583,SUP038,P00137,Fasteners,18,14293.98,SITE06,2023-02-13,2023-04-05,2023-04-10,51,56,5,2.25,0.663,0.0008,Medium,1,1,0.7540540796523436,High,552,75.41
PO004453,SUP018,P00046,Avionics,11,1915.32,SITE03,2023-02-13,2023-04-09,2023-04-16,55,62,7,2.2,0.6986,0.0015,Medium,1,1,0.7538970487956534,High,553,75.39
PO006896,SUP027,P00070,Electrical,16,11966.88,SITE03,2022-05-23,2022-06-19,2022-06-21,27,29,2,2.65,0.7256,0.0,Medium,1,1,0.7537576758855598,High,554,75.38
PO004064,SUP014,P00042,Fasteners,31,69403.42,SITE01,2023-11-20,2023-12-30,2023-12-29,40,39,-1,2.5,0.7008,0.0008,Medium,0,1,0.7537483342304153,High,555,75.37
PO015914,SUP015,P00159,Structure,14,5243.84,SITE06,2024-07-15,2024-08-24,2024-08-21,40,37,-3,2.6,0.7151,0.0018,Medium,0,1,0.7536345686617011,High,556,75.36
PO005030,SUP027,P00052,Electrical,14,16464.98,SITE06,2022-09-19,2022-10-22,2022-10-24,33,35,2,2.61,0.7043,0.0005,Medium,1,1,0.7535349396395881,High,557,75.35
PO026036,SUP009,P00267,Cabin,72,15688.08,SITE04,2024-07-22,2024-09-22,2024-09-24,62,64,2,2.27,0.6857,0.0015,Medium,1,1,0.7534580743302421,High,558,75.35
PO021063,SUP024,P00215,Fasteners,18,41162.22,SITE04,2023-12-04,2024-01-27,2024-01-29,54,56,2,2.42,0.6648,0.0012,Medium,1,1,0.7530278800712483,High,559,75.3
PO001034,SUP018,P00008,Avionics,5,1448.3,SITE03,2022-04-11,2022-05-24,2022-05-23,43,42,-1,2.17,0.6667,0.0,Medium,0,1,0.7528838679702652,High,560,75.29
PO006034,SUP014,P00060,Cabin,40,21863.6,SITE05,2022-12-26,2023-02-10,2023-02-13,46,49,3,2.56,0.7333,0.0008,Medium,1,1,0.7528762605914099,High,561,75.29
PO019057,SUP025,P00194,Structure,17,6261.78,SITE04,2023-07-31,2023-09-09,2023-09-13,40,44,4,2.57,0.6817,0.002,Medium,1,1,0.7528226038097047,High,562,75.28
PO026552,SUP023,P00271,Cabin,5,23080.45,SITE01,2022-11-14,2023-01-19,2023-01-23,66,70,4,3.0,0.8052,0.0061,Medium,1,1,0.7526001874568474,High,563,75.26
PO019308,SUP040,P00198,LandingGear,14,16323.3,SITE01,2024-11-25,2025-01-02,2025-01-02,38,38,0,2.27,0.6593,0.0015,Medium,0,1,0.752174714321284,High,564,75.22
PO013516,SUP038,P00137,Fasteners,7,5558.77,SITE03,2024-05-27,2024-07-09,2024-07-09,43,43,0,2.32,0.6667,0.0012,Medium,0,1,0.7520857209442032,High,565,75.21
PO005296,SUP027,P00056,Cabin,9,10424.25,SITE02,2023-07-24,2023-09-13,2023-09-19,51,57,6,2.51,0.6878,0.0005,Medium,1,1,0.7520351495750766,High,566,75.2
PO006058,SUP014,P00060,Cabin,15,8198.85,SITE06,2022-01-24,2022-03-20,2022-03-22,55,57,2,2.41,0.7037,0.0,Medium,1,1,0.7519714820522809,High,567,75.2
PO000728,SUP002,P00006,Cabin,11,7318.96,SITE02,2023-08-14,2023-10-15,2023-10-15,62,62,0,2.49,0.6919,0.0011,Medium,0,1,0.7519429313215805,High,568,75.19
PO022731,SUP002,P00231,Cabin,6,3770.34,SITE01,2023-05-22,2023-08-10,2023-08-13,80,83,3,2.45,0.6917,0.0014,Medium,1,1,0.7519292447024776,High,569,75.19
PO005336,SUP027,P00056,Cabin,13,15057.25,SITE03,2024-08-26,2024-10-12,2024-10-11,47,46,-1,2.47,0.693,0.0009,Medium,0,1,0.7518713215367024,High,570,75.19
PO002965,SUP023,P00030,Hydraulics,17,5014.32,SITE04,2024-10-07,2024-11-24,2024-11-21,48,45,-3,2.66,0.7393,0.0032,Medium,0,1,0.7518346784523114,High,571,75.18
PO006450,SUP038,P00065,Fasteners,5,7088.05,SITE04,2024-01-08,2024-02-20,2024-02-20,43,43,0,2.29,0.6652,0.0015,Medium,0,1,0.7518316605282862,High,572,75.18
PO001832,SUP027,P00018,Cabin,17,19607.63,SITE01,2022-12-05,2023-01-22,2023-01-19,48,45,-3,2.61,0.7054,0.0004,Medium,0,1,0.7515576707243374,High,573,75.16
PO000556,SUP024,P00005,Cabin,15,19799.4,SITE03,2022-09-26,2022-11-26,2022-12-01,61,66,5,2.2,0.6379,0.0009,Medium,1,1,0.7515047512863323,High,574,75.15
PO024868,SUP038,P00257,Cabin,13,13752.31,SITE01,2024-09-30,2024-11-21,2024-11-24,52,55,3,2.32,0.6708,0.0015,Medium,1,1,0.7515013998934408,High,575,75.15
PO021822,SUP021,P00222,Fasteners,5,12436.35,SITE01,2023-08-21,2023-10-08,2023-10-12,48,52,4,2.55,0.7222,0.0013,Medium,1,1,0.751325648569183,High,576,75.13
PO018498,SUP038,P00189,Fasteners,13,28251.47,SITE01,2023-01-02,2023-02-15,2023-02-17,44,46,2,2.23,0.6615,0.0008,Medium,1,1,0.7511696593325954,High,577,75.12
PO017167,SUP006,P00175,Cabin,45,40795.65,SITE04,2022-01-24,2022-03-28,2022-03-31,63,66,3,2.48,0.6207,0.0,Medium,1,1,0.7507499004974987,High,578,75.07
PO007900,SUP027,P00080,Cabin,9,23809.68,SITE04,2023-06-26,2023-08-09,2023-08-12,44,47,3,2.53,0.6918,0.0005,Medium,1,1,0.7507342898520246,High,579,75.07
PO017972,SUP005,P00183,Avionics,6,18483.48,SITE02,2023-03-06,2023-04-21,2023-04-21,46,46,0,2.54,0.7052,0.0,Medium,0,1,0.7504876821315715,High,580,75.05
PO015012,SUP025,P00151,Hydraulics,2,1939.18,SITE05,2022-11-14,2022-12-28,2023-01-03,44,50,6,2.4,0.6556,0.0011,Medium,1,1,0.7504348174516665,High,581,75.04
PO007174,SUP006,P00072,Fasteners,13,75092.16,SITE04,2023-12-18,2024-01-31,2024-02-01,44,45,1,2.47,0.6662,0.0012,Medium,1,1,0.7504347080338992,High,582,75.04
PO027310,SUP013,P00277,Electrical,7,8615.39,SITE04,2023-07-31,2023-09-14,2023-09-15,45,46,1,2.43,0.6853,0.0016,Medium,1,1,0.7504334627300384,High,583,75.04
PO028507,SUP002,P00290,LandingGear,5,5824.8,SITE02,2022-09-12,2022-10-31,2022-11-04,49,53,4,2.45,0.6766,0.0007,Medium,1,1,0.7502315656042309,High,584,75.02
PO011719,SUP014,P00119,Electrical,4,25920.96,SITE05,2024-07-08,2024-08-11,2024-08-08,34,31,-3,2.42,0.6861,0.0007,Medium,0,1,0.7501208127980756,High,585,75.01
PO003298,SUP021,P00034,Fasteners,6,4107.48,SITE06,2022-05-23,2022-07-20,2022-07-19,58,57,-1,2.32,0.7119,0.0,Medium,0,1,0.7501143273019298,High,586,75.01
PO017925,SUP005,P00182,Engine,6,2231.88,SITE04,2023-01-09,2023-03-06,2023-03-11,56,61,5,2.52,0.6824,0.0,Medium,1,1,0.7500956633180978,High,587,75.01
PO006887,SUP027,P00070,Electrical,13,9723.09,SITE02,2023-06-12,2023-07-12,2023-07-16,30,34,4,2.53,0.6895,0.0004,Medium,1,1,0.750030758565057,High,588,75.0
PO029282,SUP006,P00298,Avionics,13,3967.6,SITE03,2022-08-22,2022-10-24,2022-10-27,63,66,3,2.4,0.6571,0.0004,Medium,1,1,0.7499666445532955,High,589,75.0
PO007161,SUP006,P00072,Fasteners,16,92421.12,SITE04,2022-07-04,2022-08-23,2022-08-29,50,56,6,2.43,0.6564,0.0,Medium,1,1,0.749549840054628,High,590,74.95
PO005953,SUP014,P00060,Cabin,21,11478.39,SITE03,2022-01-24,2022-03-16,2022-03-22,51,57,6,2.36,0.72,0.0,Medium,1,1,0.7495204393458649,High,591,74.95
PO002925,SUP023,P00030,Hydraulics,10,2949.6,SITE03,2022-01-24,2022-03-14,2022-03-14,49,49,0,0.6,0.2,0.0,Medium,0,1,0.7494138284258441,High,592,74.94
PO022722,SUP002,P00231,Cabin,18,11311.02,SITE01,2022-08-01,2022-10-12,2022-10-10,72,70,-2,2.4,0.6786,0.0005,Medium,0,1,0.749361892244909,High,593,74.94
PO009881,SUP040,P00100,Avionics,28,13631.52,SITE04,2022-12-19,2023-02-02,2023-02-03,45,46,1,2.23,0.6659,0.0023,Medium,1,1,0.7493285626421746,High,594,74.93
PO013172,SUP039,P00133,Electrical,7,21767.9,SITE05,2022-02-07,2022-03-12,2022-03-13,33,34,1,2.29,0.5714,0.0,Medium,1,1,0.7490410700281208,High,595,74.9
PO013548,SUP038,P00137,Fasteners,24,19058.64,SITE04,2024-09-09,2024-10-24,2024-10-27,45,48,3,2.33,0.6694,0.0015,Medium,1,1,0.7489777000473271,High,596,74.9
PO017237,SUP006,P00175,Cabin,14,12691.98,SITE06,2023-02-06,2023-04-07,2023-04-08,60,61,1,2.4,0.6643,0.0008,Medium,1,1,0.7488872333824318,High,597,74.89
PO028658,SUP027,P00292,Engine,7,2339.19,SITE04,2023-11-13,2024-01-05,2024-01-06,53,54,1,2.5,0.6884,0.0006,Medium,1,1,0.748856466191078,High,598,74.89
PO023186,SUP005,P00237,Structure,5,957.65,SITE03,2024-05-06,2024-06-19,2024-06-23,44,48,4,2.39,0.6657,0.0003,Medium,1,1,0.7488310202423838,High,599,74.88
PO010148,SUP021,P00101,Cabin,36,38461.68,SITE06,2023-02-20,2023-04-26,2023-05-06,65,75,10,2.46,0.7258,0.0007,Medium,1,1,0.7485695086380963,High,600,74.86
PO009647,SUP003,P00097,Hydraulics,1,701.96,SITE02,2024-07-29,2024-09-10,2024-09-13,43,46,3,2.26,0.6545,0.0003,Medium,1,1,0.7484960110770906,High,601,74.85
PO005062,SUP006,P00053,Engine,2,1002.3,SITE01,2023-05-08,2023-07-06,2023-07-05,59,58,-1,2.44,0.6602,0.001,Medium,0,1,0.7483683309387533,High,602,74.84
PO012570,SUP026,P00126,Electrical,13,32420.18,SITE06,2024-02-19,2024-04-10,2024-04-14,51,55,4,2.44,0.7008,0.0012,Medium,1,1,0.7481106724093647,High,603,74.81
PO024862,SUP038,P00257,Cabin,11,11636.57,SITE01,2024-04-22,2024-06-22,2024-06-24,61,63,2,2.3,0.6662,0.0013,Medium,1,1,0.7480014785466459,High,604,74.8
PO018521,SUP038,P00189,Fasteners,7,15212.33,SITE02,2023-06-19,2023-08-01,2023-07-31,43,42,-1,2.29,0.6674,0.001,Medium,0,1,0.7479992071758326,High,605,74.8
PO019902,SUP024,P00203,Fasteners,7,9164.12,SITE03,2022-01-03,2022-03-02,2022-03-02,58,58,0,0.75,0.25,0.0,Medium,0,1,0.7478907782225095,High,606,74.79
PO016549,SUP023,P00167,Avionics,8,2914.24,SITE06,2024-11-18,2025-01-13,2025-01-10,56,53,-3,2.7,0.7398,0.0031,Medium,0,1,0.7478517177983156,High,607,74.79
PO024992,SUP038,P00257,Cabin,28,29620.36,SITE05,2023-08-21,2023-10-10,2023-10-10,50,50,0,2.3,0.6692,0.001,Medium,0,1,0.7478202914529021,High,608,74.78
PO007832,SUP027,P00080,Cabin,15,39682.8,SITE02,2022-05-16,2022-06-27,2022-06-30,42,45,3,2.62,0.7197,0.0,Medium,1,1,0.7475867595571943,High,609,74.76
PO019700,SUP038,P00201,Cabin,11,14903.13,SITE02,2023-08-28,2023-10-22,2023-10-22,55,55,0,2.29,0.6667,0.0011,Medium,0,1,0.7475668568907013,High,610,74.76
PO027728,SUP021,P00281,Fasteners,3,30316.74,SITE02,2023-02-20,2023-04-29,2023-04-27,68,66,-2,2.5,0.7287,0.0007,Medium,0,1,0.7474469806763284,High,611,74.74
PO023572,SUP013,P00240,Electrical,8,8899.52,SITE05,2023-09-04,2023-10-17,2023-10-19,43,45,2,2.41,0.6856,0.0015,Medium,1,1,0.7473594056995453,High,612,74.74
PO022387,SUP027,P00226,Hydraulics,2,2269.74,SITE03,2023-07-24,2023-08-30,2023-09-03,37,41,4,2.5,0.6885,0.0005,Medium,1,1,0.7473566418619932,High,613,74.74
PO028964,SUP014,P00295,Structure,12,3842.52,SITE04,2023-09-18,2023-10-23,2023-10-23,35,35,0,2.46,0.7015,0.0009,Medium,0,1,0.7473273263307588,High,614,74.73
PO011702,SUP014,P00119,Electrical,4,25920.96,SITE02,2024-08-19,2024-09-21,2024-09-28,33,40,7,2.47,0.6893,0.0007,Medium,1,1,0.7464444913998786,High,615,74.64
PO002992,SUP023,P00030,Hydraulics,11,3244.56,SITE06,2023-09-18,2023-11-07,2023-11-16,50,59,9,2.56,0.7338,0.0034,Medium,1,1,0.7462522159304799,High,616,74.63
PO017999,SUP005,P00183,Avionics,3,9241.74,SITE05,2024-11-04,2024-12-24,2024-12-24,50,50,0,2.37,0.6634,0.0002,Medium,0,1,0.7462444194355187,High,617,74.62
PO019762,SUP038,P00201,Cabin,14,18967.62,SITE04,2024-06-10,2024-08-08,2024-08-17,59,68,9,2.31,0.6671,0.0012,Medium,1,1,0.7461428961209744,High,618,74.61
PO022917,SUP021,P00232,Engine,2,1339.82,SITE03,2024-06-17,2024-08-27,2024-09-03,71,78,7,2.51,0.7066,0.0012,Medium,1,1,0.7461290287540286,High,619,74.61
PO012833,SUP014,P00128,Fasteners,25,27561.25,SITE06,2023-07-24,2023-09-03,2023-09-05,41,43,2,2.4,0.6972,0.0008,Medium,1,1,0.746040797869975,High,620,74.6
PO010088,SUP021,P00101,Cabin,22,23504.36,SITE04,2023-11-20,2024-01-23,2024-01-26,64,67,3,2.56,0.7227,0.0012,Medium,1,1,0.7460058402874961,High,621,74.6
PO007175,SUP006,P00072,Fasteners,6,34657.92,SITE04,2024-05-27,2024-07-15,2024-07-19,49,53,4,2.51,0.6769,0.001,Medium,1,1,0.7459605222745526,High,622,74.6
PO019193,SUP038,P00196,Electrical,8,21515.28,SITE03,2023-10-09,2023-11-23,2023-11-29,45,51,6,2.24,0.6555,0.0017,Medium,1,1,0.7459591404635459,High,623,74.6
PO013589,SUP038,P00137,Fasteners,5,3970.55,SITE06,2023-07-10,2023-09-01,2023-09-05,53,57,4,2.29,0.6673,0.0009,Medium,1,1,0.7458257147266556,High,624,74.58
PO020755,SUP005,P00212,Fasteners,65,68961.1,SITE04,2022-10-10,2022-11-22,2022-11-26,43,47,4,2.48,0.6579,0.0,Medium,1,1,0.745751687912305,High,625,74.58
PO028979,SUP014,P00295,Structure,7,2241.47,SITE04,2024-10-28,2024-11-28,2024-12-03,31,36,5,2.48,0.6923,0.0007,Medium,1,1,0.745682516025901,High,626,74.57
PO019407,SUP040,P00198,LandingGear,16,18655.2,SITE06,2023-11-20,2023-12-25,2023-12-27,35,37,2,2.3,0.6548,0.0019,Medium,1,1,0.7453757539222738,High,627,74.54
PO000672,SUP024,P00005,Cabin,42,55438.32,SITE06,2023-12-11,2024-02-16,2024-02-17,67,68,1,2.42,0.6642,0.0012,Medium,1,1,0.7453156149422359,High,628,74.53
PO019200,SUP038,P00196,Electrical,9,24204.69,SITE04,2022-01-31,2022-03-17,2022-03-18,45,46,1,1.38,0.6538,0.0,Medium,1,1,0.7452582417582415,High,629,74.53
PO024404,SUP013,P00251,Hydraulics,1,1971.19,SITE02,2023-01-16,2023-02-26,2023-03-01,41,44,3,2.44,0.6826,0.0011,Medium,1,1,0.745067132606576,High,630,74.51
PO003218,SUP024,P00033,Hydraulics,11,3045.57,SITE04,2024-05-27,2024-07-17,2024-07-16,51,50,-1,2.48,0.6778,0.0012,Medium,0,1,0.7450545776360373,High,631,74.51
PO011788,SUP013,P00120,Fasteners,16,21358.88,SITE04,2022-01-31,2022-03-20,2022-03-19,48,47,-1,2.0,0.7419,0.0,Medium,0,1,0.744926714252034,High,632,74.49
PO017529,SUP006,P00178,Fasteners,12,10069.08,SITE02,2023-07-17,2023-09-13,2023-09-13,58,58,0,2.49,0.6707,0.001,Medium,0,1,0.7449012113813491,High,633,74.49
PO026505,SUP006,P00270,Electrical,4,13183.24,SITE04,2023-07-31,2023-09-19,2023-09-20,50,51,1,2.47,0.6661,0.0009,Medium,1,1,0.7448743480200077,High,634,74.49
PO018563,SUP038,P00189,Fasteners,8,17385.52,SITE04,2024-04-15,2024-06-03,2024-06-05,49,51,2,2.31,0.6667,0.0013,Medium,1,1,0.7448529668469128,High,635,74.49
PO024891,SUP038,P00257,Cabin,12,12694.44,SITE02,2023-09-18,2023-11-08,2023-11-14,51,57,6,2.27,0.6618,0.0013,Medium,1,1,0.7447484187747861,High,636,74.47
PO023285,SUP040,P00238,Cabin,27,18873.27,SITE04,2022-08-01,2022-09-21,2022-09-26,51,56,5,2.21,0.6471,0.0017,Medium,1,1,0.7446930997956847,High,637,74.47
PO017113,SUP006,P00175,Cabin,10,9065.7,SITE02,2023-06-19,2023-08-23,2023-08-23,65,65,0,2.48,0.6709,0.001,Medium,0,1,0.7446262784930682,High,638,74.46
PO025940,SUP009,P00267,Cabin,6,1307.34,SITE01,2024-06-03,2024-07-26,2024-07-31,53,58,5,2.24,0.6773,0.0016,Medium,1,1,0.7446199356671056,High,639,74.46
PO013509,SUP038,P00137,Fasteners,18,14293.98,SITE03,2023-06-12,2023-08-05,2023-08-07,54,56,2,2.3,0.6652,0.001,Medium,1,1,0.7445639838545124,High,640,74.46
PO011119,SUP025,P00112,Hydraulics,13,2947.49,SITE06,2022-11-21,2023-01-14,2023-01-16,54,56,2,2.4,0.6538,0.0011,Medium,1,1,0.7445469079320898,High,641,74.45
PO017630,SUP006,P00178,Fasteners,9,7551.81,SITE06,2024-10-07,2024-12-11,2024-12-13,65,67,2,2.49,0.6868,0.0011,Medium,1,1,0.7443589216551593,High,642,74.44
PO004148,SUP014,P00042,Fasteners,16,35821.12,SITE06,2022-09-05,2022-10-17,2022-10-18,42,43,1,2.66,0.7409,0.0012,Medium,1,1,0.7443336450568431,High,643,74.43
PO013627,SUP040,P00138,LandingGear,11,26173.51,SITE03,2022-05-02,2022-06-06,2022-06-09,35,38,3,2.22,0.6454,0.0029,Medium,1,1,0.7442974429174404,High,644,74.43
PO026474,SUP006,P00270,Electrical,13,42845.53,SITE02,2023-05-29,2023-07-12,2023-07-19,44,51,7,2.45,0.666,0.0011,Medium,1,1,0.7442813769593253,High,645,74.43
PO000702,SUP002,P00006,Cabin,6,3992.16,SITE01,2023-09-11,2023-11-17,2023-11-22,67,72,5,2.5,0.6946,0.0011,Medium,1,1,0.7442714477355332,High,646,74.43
PO000523,SUP024,P00005,Cabin,12,15839.52,SITE02,2022-08-15,2022-10-20,2022-10-21,66,67,1,2.24,0.6364,0.001,Medium,1,1,0.7440968949341215,High,647,74.41
PO005931,SUP014,P00060,Cabin,26,14211.34,SITE02,2023-05-29,2023-07-19,2023-07-23,51,55,4,2.46,0.7062,0.0009,Medium,1,1,0.7440810405238336,High,648,74.41
PO024853,SUP038,P00257,Cabin,11,11636.57,SITE01,2022-08-08,2022-09-25,2022-09-25,48,48,0,2.27,0.6821,0.0008,Medium,0,1,0.7434108559327095,High,649,74.34
PO016649,SUP015,P00169,Structure,5,4072.55,SITE05,2023-08-28,2023-10-10,2023-10-16,43,49,6,2.32,0.6885,0.0021,Medium,1,1,0.7433063512984609,High,650,74.33
PO018584,SUP038,P00189,Fasteners,7,15212.33,SITE05,2024-10-28,2024-12-12,2024-12-13,45,46,1,2.33,0.6715,0.0015,Medium,1,1,0.7432808254264708,High,651,74.33
PO001842,SUP027,P00018,Cabin,31,35755.09,SITE01,2023-10-23,2023-12-10,2023-12-15,48,53,5,2.49,0.6894,0.0006,Medium,1,1,0.743069453086093,High,652,74.31
PO005952,SUP014,P00060,Cabin,46,25143.14,SITE02,2024-12-09,2025-01-23,2025-01-20,45,42,-3,2.49,0.6941,0.0007,Medium,0,1,0.7429758207352638,High,653,74.3
PO022920,SUP021,P00232,Engine,2,1339.82,SITE04,2022-04-25,2022-06-26,2022-06-28,62,64,2,2.49,0.7021,0.0,Medium,1,1,0.7429601312164887,High,654,74.3
PO026511,SUP006,P00270,Electrical,12,39549.72,SITE05,2022-03-07,2022-04-19,2022-04-19,43,43,0,2.67,0.6849,0.0,Medium,0,1,0.7428798833632564,High,655,74.29
PO017913,SUP005,P00182,Engine,4,1487.92,SITE02,2024-07-08,2024-08-31,2024-09-02,54,56,2,2.41,0.6739,0.0003,Medium,1,1,0.742878304426924,High,656,74.29
PO018574,SUP038,P00189,Fasteners,7,15212.33,SITE05,2023-02-20,2023-03-27,2023-03-28,35,36,1,2.29,0.6658,0.0008,Medium,1,1,0.7428603424454064,High,657,74.29
PO027590,SUP003,P00280,Cabin,7,10063.9,SITE02,2024-10-14,2024-12-03,2024-12-05,50,52,2,2.28,0.6559,0.001,Medium,1,1,0.7428562681304944,High,658,74.29
PO015353,SUP013,P00155,Avionics,2,7591.46,SITE01,2022-08-29,2022-10-20,2022-10-22,52,54,2,2.27,0.6642,0.0012,Medium,1,1,0.7426002375806653,High,659,74.26
PO013940,SUP040,P00141,LandingGear,10,5136.4,SITE01,2024-11-11,2024-12-23,2024-12-25,42,44,2,2.27,0.6565,0.0015,Medium,1,1,0.742477438473015,High,660,74.25
PO027582,SUP003,P00280,Cabin,10,14377.0,SITE02,2024-03-04,2024-04-26,2024-04-30,53,57,4,2.29,0.6536,0.0002,Medium,1,1,0.7422810862926107,High,661,74.23
PO027567,SUP003,P00280,Cabin,5,7188.5,SITE02,2022-11-21,2023-01-12,2023-01-09,52,49,-3,2.2,0.6022,0.0,Medium,0,1,0.7422446991297502,High,662,74.22
PO021657,SUP023,P00220,Electrical,3,26979.0,SITE01,2022-05-02,2022-06-19,2022-06-23,48,52,4,2.87,0.7,0.0,Medium,1,1,0.742179578556756,High,663,74.22
PO013623,SUP040,P00138,LandingGear,6,14276.46,SITE02,2023-08-07,2023-09-12,2023-09-17,36,41,5,2.31,0.6641,0.0019,Medium,1,1,0.7421598067664055,High,664,74.22
PO009644,SUP003,P00097,Hydraulics,8,5615.68,SITE02,2024-03-25,2024-05-07,2024-05-10,43,46,3,2.31,0.654,0.0001,Medium,1,1,0.741944855716069,High,665,74.19
PO004788,SUP006,P00048,Fasteners,14,19376.42,SITE06,2024-11-11,2025-01-11,2025-01-14,61,64,3,2.51,0.6891,0.0012,Medium,1,1,0.7418973241033053,High,666,74.19
PO020736,SUP005,P00212,Fasteners,4,4243.76,SITE03,2023-11-06,2023-12-24,2023-12-26,48,50,2,2.4,0.6571,0.0004,Medium,1,1,0.7416849258915711,High,667,74.17
PO022600,SUP040,P00228,Fasteners,2,16143.62,SITE06,2024-07-01,2024-08-20,2024-08-26,50,56,6,2.28,0.6597,0.0018,Medium,1,1,0.741626333070623,High,668,74.16
PO021916,SUP021,P00222,Fasteners,10,24872.7,SITE06,2023-05-22,2023-07-19,2023-07-20,58,59,1,2.59,0.7336,0.0013,Medium,1,1,0.7415724347913765,High,669,74.16
PO017249,SUP006,P00175,Cabin,36,32636.52,SITE06,2024-02-05,2024-04-08,2024-04-08,63,63,0,2.49,0.6736,0.0011,Medium,0,1,0.7415279990838484,High,670,74.15
PO010357,SUP018,P00103,Fasteners,25,32272.5,SITE06,2024-02-26,2024-04-07,2024-04-04,41,38,-3,2.27,0.6817,0.0012,Medium,0,1,0.7413777341157328,High,671,74.14
PO007423,SUP006,P00076,Structure,5,6046.95,SITE05,2022-07-18,2022-09-04,2022-09-04,48,48,0,2.39,0.6555,0.0005,Medium,0,1,0.7412642483273642,High,672,74.13
PO007153,SUP006,P00072,Fasteners,16,92421.12,SITE03,2024-07-01,2024-08-20,2024-08-21,50,51,1,2.51,0.6788,0.001,Medium,1,1,0.7412452381086846,High,673,74.12
PO012512,SUP026,P00126,Electrical,3,7481.58,SITE01,2024-03-11,2024-05-09,2024-05-09,59,59,0,2.41,0.6942,0.0012,Medium,0,1,0.7411732162039558,High,674,74.12
PO025022,SUP038,P00257,Cabin,36,38083.32,SITE06,2023-01-30,2023-03-22,2023-03-29,51,58,7,2.23,0.661,0.0007,Medium,1,1,0.7411323790395198,High,675,74.11
PO028547,SUP002,P00290,LandingGear,6,6989.76,SITE05,2023-06-12,2023-07-31,2023-07-28,49,46,-3,2.46,0.6913,0.0013,Medium,0,1,0.7411156540883853,High,676,74.11
PO003201,SUP024,P00033,Hydraulics,9,2491.83,SITE04,2023-01-30,2023-03-21,2023-03-20,50,49,-1,2.32,0.6731,0.001,Medium,0,1,0.7410929944792507,High,677,74.11
PO007441,SUP006,P00076,Structure,23,27815.97,SITE06,2023-05-29,2023-07-19,2023-07-22,51,54,3,2.45,0.6623,0.0011,Medium,1,1,0.7410872268453823,High,678,74.11
PO025246,SUP013,P00260,Hydraulics,7,9204.79,SITE04,2022-10-17,2022-12-03,2022-12-05,47,49,2,2.42,0.68,0.001,Medium,1,1,0.7404906911739088,High,679,74.05
PO011439,SUP038,P00116,Cabin,29,84792.23,SITE02,2024-10-28,2024-12-22,2024-12-25,55,58,3,2.33,0.6707,0.0015,Medium,1,1,0.7404903577646302,High,680,74.05
PO011737,SUP013,P00120,Fasteners,11,14684.23,SITE01,2022-10-17,2022-12-07,2022-12-13,51,57,6,2.4,0.6781,0.001,Medium,1,1,0.7404668685610575,High,681,74.05
PO022743,SUP002,P00231,Cabin,14,8797.46,SITE01,2024-11-18,2025-02-06,2025-02-03,80,77,-3,2.6,0.7178,0.001,Medium,0,1,0.740386340622866,High,682,74.04
PO003261,SUP021,P00034,Fasteners,2,1369.16,SITE02,2022-10-10,2022-12-09,2022-12-09,60,60,0,2.52,0.7333,0.0011,Medium,0,1,0.7403510068836158,High,683,74.04
PO001856,SUP027,P00018,Cabin,10,11533.9,SITE02,2022-10-31,2022-12-17,2022-12-20,47,50,3,2.56,0.6988,0.0004,Medium,1,1,0.7402719011914095,High,684,74.03
PO029443,SUP003,P00299,Fasteners,9,6232.23,SITE03,2022-08-22,2022-10-01,2022-10-13,40,52,12,2.17,0.6031,0.0,Medium,1,1,0.7401251533702004,High,685,74.01
PO027583,SUP003,P00280,Cabin,9,12939.3,SITE02,2024-04-22,2024-06-12,2024-06-13,51,52,1,2.3,0.6524,0.0001,Medium,1,1,0.7400819336633555,High,686,74.01
PO015128,SUP026,P00153,Fasteners,9,20351.61,SITE04,2022-06-06,2022-08-15,2022-08-20,70,75,5,2.56,0.7414,0.0011,Medium,1,1,0.7399808168618137,High,687,74.0
PO010356,SUP018,P00103,Fasteners,19,24527.1,SITE06,2024-02-05,2024-03-25,2024-03-30,49,54,5,2.28,0.6789,0.0012,Medium,1,1,0.7399716458509521,High,688,74.0
PO007902,SUP027,P00080,Cabin,44,116402.88,SITE04,2023-07-24,2023-09-08,2023-09-10,46,48,2,2.5,0.6871,0.0005,Medium,1,1,0.7399246073278833,High,689,73.99
PO002739,SUP016,P00027,Avionics,7,5955.11,SITE05,2023-06-12,2023-07-30,2023-08-04,48,53,5,2.32,0.6526,0.0041,Medium,1,1,0.7398832347203771,High,690,73.99
PO029210,SUP002,P00297,LandingGear,12,15102.12,SITE06,2022-10-17,2022-12-09,2022-12-11,53,55,2,2.49,0.6903,0.0006,Medium,1,1,0.7397411549982222,High,691,73.97
PO002921,SUP023,P00030,Hydraulics,5,1474.8,SITE02,2023-11-13,2024-01-02,2023-12-30,50,47,-3,2.64,0.7412,0.003,Medium,0,1,0.7397016752266005,High,692,73.97
PO019481,SUP026,P00199,Cabin,23,25036.65,SITE02,2024-07-15,2024-09-27,2024-10-03,74,80,6,2.44,0.7024,0.0011,Medium,1,1,0.7396271567804029,High,693,73.96
PO018269,SUP040,P00186,Fasteners,16,15427.52,SITE04,2022-11-14,2023-01-01,2023-01-04,48,51,3,2.22,0.664,0.0014,Medium,1,1,0.7395862225724101,High,694,73.96
PO018996,SUP025,P00194,Structure,7,2578.38,SITE01,2024-09-16,2024-10-28,2024-11-05,42,50,8,2.46,0.6822,0.0018,Medium,1,1,0.7395696593787271,High,695,73.96
PO009200,SUP024,P00091,Electrical,8,13694.4,SITE05,2023-04-10,2023-05-20,2023-05-25,40,45,5,2.33,0.6685,0.0012,Medium,1,1,0.7394587550298523,High,696,73.95
PO006970,SUP027,P00070,Electrical,19,14210.67,SITE06,2022-10-24,2022-11-18,2022-11-18,25,25,0,2.58,0.6982,0.0004,Medium,0,1,0.7393904616127479,High,697,73.94
PO013461,SUP038,P00137,Fasteners,13,10323.43,SITE01,2022-12-05,2023-01-26,2023-01-29,52,55,3,2.22,0.6578,0.0009,Medium,1,1,0.739237349002312,High,698,73.92
PO022837,SUP002,P00231,Cabin,84,52784.76,SITE04,2024-09-23,2024-12-08,2024-12-13,76,81,5,2.56,0.7118,0.0009,Medium,1,1,0.7391918627846362,High,699,73.92
PO009262,SUP025,P00092,Avionics,8,2084.8,SITE03,2024-03-04,2024-04-18,2024-04-25,45,52,7,2.52,0.6866,0.0014,Medium,1,1,0.7391513127259882,High,700,73.92
PO007447,SUP006,P00076,Structure,6,7256.34,SITE06,2023-10-23,2023-12-14,2023-12-18,52,56,4,2.49,0.6667,0.0012,Medium,1,1,0.7391398690250238,High,701,73.91
PO005155,SUP027,P00054,Fasteners,36,146158.92,SITE04,2023-11-20,2023-12-25,2023-12-22,35,32,-3,2.5,0.6895,0.0006,Medium,0,1,0.7390054982488963,High,702,73.9
PO014519,SUP020,P00146,Electrical,30,127955.4,SITE04,2024-12-02,2024-12-15,2024-12-14,13,12,-1,1.03,0.3986,0.001,Low,0,1,0.7389364867288261,High,703,73.89
PO019818,SUP038,P00201,Cabin,14,18967.62,SITE06,2024-10-14,2024-12-02,2024-11-30,49,47,-2,2.33,0.6708,0.0015,Medium,0,1,0.7388351908276103,High,704,73.88
PO006927,SUP027,P00070,Electrical,7,5235.51,SITE04,2023-03-27,2023-04-23,2023-04-30,27,34,7,2.52,0.6907,0.0004,Medium,1,1,0.7385306327631376,High,705,73.85
PO019434,SUP026,P00199,Cabin,17,18505.35,SITE01,2023-01-30,2023-04-11,2023-04-09,71,69,-2,2.34,0.6973,0.0009,Medium,0,1,0.7379230107329856,High,706,73.79
PO016482,SUP023,P00167,Avionics,5,1821.4,SITE01,2023-10-16,2023-12-18,2023-12-24,63,69,6,2.63,0.7358,0.0031,Medium,1,1,0.7378707939323482,High,707,73.79
PO013547,SUP038,P00137,Fasteners,25,19852.75,SITE04,2024-07-22,2024-09-07,2024-09-04,47,44,-3,2.35,0.672,0.0013,Medium,0,1,0.7378626801283655,High,708,73.79
PO010162,SUP021,P00101,Cabin,71,75854.98,SITE06,2024-07-29,2024-09-21,2024-09-21,54,54,0,2.53,0.71,0.0011,Medium,0,1,0.7376577475521822,High,709,73.77
PO009711,SUP013,P00098,Electrical,2,2096.04,SITE01,2023-10-09,2023-11-24,2023-11-23,46,45,-1,2.4,0.687,0.0014,Medium,0,1,0.737486844397497,High,710,73.75
PO022756,SUP002,P00231,Cabin,21,13196.19,SITE02,2023-01-09,2023-04-03,2023-04-04,84,85,1,2.47,0.6901,0.0009,Medium,1,1,0.7370294552941611,High,711,73.7
PO011801,SUP013,P00120,Fasteners,14,18689.02,SITE04,2023-02-06,2023-03-21,2023-03-23,43,45,2,2.45,0.678,0.0011,Medium,1,1,0.7370205636625932,High,712,73.7
PO026012,SUP009,P00267,Cabin,17,3704.13,SITE04,2022-05-23,2022-07-24,2022-07-26,62,64,2,2.18,0.6813,0.0012,Medium,1,1,0.7369544932598714,High,713,73.7
PO024071,SUP003,P00246,LandingGear,8,7946.56,SITE03,2022-02-21,2022-03-29,2022-03-31,36,38,2,2.27,0.6364,0.0,Medium,1,1,0.7368694969772835,High,714,73.69
PO000956,SUP040,P00007,Fasteners,3,7995.66,SITE05,2024-11-25,2025-01-11,2025-01-10,47,46,-1,2.27,0.6587,0.0015,Medium,0,1,0.7366175580300741,High,715,73.66
PO012459,SUP018,P00125,Avionics,4,5960.04,SITE01,2023-08-21,2023-10-08,2023-10-08,48,48,0,2.3,0.6948,0.0014,Medium,0,1,0.7365795387983436,High,716,73.66
PO006472,SUP038,P00065,Fasteners,10,14176.1,SITE06,2023-03-27,2023-05-10,2023-05-14,44,48,4,2.26,0.6607,0.0011,Medium,1,1,0.7365391479943483,High,717,73.65
PO015874,SUP015,P00159,Structure,6,2247.36,SITE05,2022-11-21,2022-12-28,2022-12-29,37,38,1,2.34,0.708,0.0011,Medium,1,1,0.7365346756538638,High,718,73.65
PO023601,SUP013,P00240,Electrical,22,24473.68,SITE06,2024-02-05,2024-03-14,2024-03-16,38,40,2,2.42,0.6904,0.0017,Medium,1,1,0.7363766859188042,High,719,73.64
PO004520,SUP018,P00046,Avionics,11,1915.32,SITE05,2023-04-17,2023-06-10,2023-06-12,54,56,2,2.24,0.7016,0.0012,Medium,1,1,0.7363619849740016,High,720,73.64
PO000950,SUP040,P00007,Fasteners,12,31982.64,SITE05,2023-08-07,2023-09-17,2023-09-20,41,44,3,2.31,0.6646,0.0019,Medium,1,1,0.7363381047481447,High,721,73.63
PO021099,SUP024,P00215,Fasteners,18,41162.22,SITE06,2022-08-01,2022-09-22,2022-09-24,52,54,2,2.26,0.6387,0.0011,Medium,1,1,0.7361831646053881,High,722,73.62
PO028119,SUP018,P00286,Electrical,8,30829.84,SITE06,2023-07-24,2023-09-04,2023-09-09,42,47,5,2.28,0.6942,0.0012,Medium,1,1,0.7361089163660812,High,723,73.61
PO015685,SUP024,P00158,Structure,6,11299.68,SITE01,2024-01-29,2024-03-19,2024-03-26,50,57,7,2.44,0.6706,0.0012,Medium,1,1,0.7360333379409344,High,724,73.6
PO018098,SUP016,P00184,Avionics,9,3815.91,SITE05,2023-03-27,2023-05-15,2023-05-13,49,47,-2,2.38,0.6584,0.0053,Medium,0,1,0.735925498369943,High,725,73.59
PO020744,SUP005,P00212,Fasteners,16,16975.04,SITE04,2022-01-10,2022-02-27,2022-03-03,48,52,4,2.0,0.5,0.0,Medium,1,1,0.7354569610638406,High,726,73.55
PO005070,SUP006,P00053,Engine,2,1002.3,SITE03,2023-01-09,2023-03-15,2023-03-17,65,67,2,2.44,0.6624,0.0009,Medium,1,1,0.7354243677007614,High,727,73.54
PO018705,SUP002,P00191,LandingGear,14,15420.58,SITE04,2022-03-14,2022-05-11,2022-05-14,58,61,3,2.08,0.6458,0.0,Medium,1,1,0.7353910679219439,High,728,73.54
PO025240,SUP013,P00260,Hydraulics,5,6574.85,SITE04,2022-01-17,2022-03-10,2022-03-12,52,54,2,2.5,0.75,0.0,Medium,1,1,0.7353705292864094,High,729,73.54
PO021815,SUP021,P00222,Fasteners,5,12436.35,SITE01,2022-03-07,2022-05-03,2022-05-03,57,57,0,2.43,0.6667,0.0,Medium,0,1,0.7350928419097925,High,730,73.51
PO019704,SUP038,P00201,Cabin,13,17612.79,SITE02,2023-12-18,2024-02-05,2024-02-10,49,54,5,2.28,0.6651,0.0015,Medium,1,1,0.7350072552131718,High,731,73.5
PO009617,SUP026,P00096,Engine,3,1452.87,SITE05,2023-03-13,2023-06-01,2023-06-01,80,80,0,2.35,0.6975,0.0011,Medium,0,1,0.7347635647426245,High,732,73.48
PO017504,SUP006,P00178,Fasteners,19,15942.71,SITE01,2022-10-03,2022-11-28,2022-11-27,56,55,-1,2.48,0.6759,0.0007,Medium,0,1,0.7347006753283438,High,733,73.47
PO022566,SUP040,P00228,Fasteners,4,32287.24,SITE01,2024-03-11,2024-05-03,2024-05-05,53,55,2,2.28,0.6546,0.002,Medium,1,1,0.7346851802439839,High,734,73.47
PO019071,SUP025,P00194,Structure,16,5893.44,SITE04,2024-09-16,2024-10-25,2024-10-23,39,37,-2,2.47,0.6828,0.0018,Medium,0,1,0.7345141362478084,High,735,73.45
PO003162,SUP024,P00033,Hydraulics,6,1661.22,SITE02,2022-04-11,2022-05-27,2022-05-24,46,43,-3,2.34,0.6632,0.0011,Medium,0,1,0.73428804550321,High,736,73.43
PO013328,SUP013,P00135,Electrical,5,51569.3,SITE04,2023-03-13,2023-04-19,2023-04-16,37,34,-3,2.43,0.6722,0.001,Medium,0,1,0.7342758802940704,High,737,73.43
PO005051,SUP027,P00052,Electrical,9,10584.63,SITE06,2024-03-18,2024-04-19,2024-04-17,32,30,-2,2.52,0.6936,0.0007,Medium,0,1,0.7342136467349619,High,738,73.42
PO011789,SUP013,P00120,Fasteners,17,22693.81,SITE04,2022-02-14,2022-03-30,2022-04-03,44,48,4,2.02,0.7451,0.0,Medium,1,1,0.7341707100778684,High,739,73.42
PO000844,SUP002,P00006,Cabin,45,29941.2,SITE05,2024-12-16,2025-02-16,2025-02-18,62,64,2,2.62,0.7206,0.0009,Medium,1,1,0.734101948867546,High,740,73.41
PO006452,SUP038,P00065,Fasteners,7,9923.27,SITE04,2024-06-24,2024-08-14,2024-08-15,51,52,1,2.32,0.6688,0.0012,Medium,1,1,0.7340659229033057,High,741,73.41
PO003058,SUP006,P00031,Engine,28,13220.48,SITE04,2024-04-08,2024-06-01,2024-06-01,54,54,0,2.49,0.6763,0.0011,Medium,0,1,0.7340118736463562,High,742,73.4
PO001112,SUP018,P00008,Avionics,23,6662.18,SITE06,2022-05-02,2022-06-20,2022-06-23,49,52,3,2.2,0.6667,0.0,Medium,1,1,0.7339901339925229,High,743,73.4
PO014007,SUP040,P00141,LandingGear,13,6677.32,SITE05,2023-04-03,2023-05-13,2023-05-15,40,42,2,2.18,0.6544,0.0023,Medium,1,1,0.7337202345499922,High,744,73.37
PO000582,SUP024,P00005,Cabin,65,85797.4,SITE04,2022-01-10,2022-03-16,2022-03-16,65,65,0,2.73,0.5455,0.0,Medium,0,1,0.7333189054754081,High,745,73.33
PO023382,SUP013,P00239,Structure,4,1092.4,SITE02,2024-12-23,2025-02-07,2025-02-05,46,44,-2,2.42,0.6875,0.0014,Medium,0,1,0.7333139244954245,High,746,73.33
PO000539,SUP024,P00005,Cabin,27,35638.92,SITE02,2024-01-01,2024-03-07,2024-03-08,66,67,1,2.41,0.669,0.0012,Medium,1,1,0.7331061619426259,High,747,73.31
PO012805,SUP014,P00128,Fasteners,5,5512.25,SITE05,2022-10-10,2022-11-19,2022-11-18,40,39,-1,2.62,0.7465,0.0011,Medium,0,1,0.7329668668245694,High,748,73.3
PO017969,SUP005,P00183,Avionics,7,21564.06,SITE02,2022-04-04,2022-05-21,2022-05-19,47,45,-2,2.55,0.6809,0.0,Medium,0,1,0.7329487721166124,High,749,73.29
PO007401,SUP006,P00076,Structure,6,7256.34,SITE04,2022-03-14,2022-05-07,2022-05-07,54,54,0,2.78,0.679,0.0,Medium,0,1,0.7329020505043414,High,750,73.29
PO003803,SUP026,P00040,Structure,8,1332.08,SITE02,2023-05-15,2023-07-16,2023-07-14,62,60,-2,2.4,0.693,0.001,Medium,0,1,0.7328904582198823,High,751,73.29
PO029162,SUP002,P00297,LandingGear,39,49081.89,SITE04,2023-01-23,2023-03-16,2023-03-19,52,55,3,2.5,0.69,0.0008,Medium,1,1,0.732785852527405,High,752,73.28
PO024214,SUP027,P00248,Avionics,8,2080.4,SITE04,2023-04-24,2023-06-10,2023-06-18,47,55,8,2.54,0.6901,0.0005,Medium,1,1,0.7327547272054771,High,753,73.28
PO016643,SUP015,P00169,Structure,12,9774.12,SITE05,2022-05-02,2022-06-14,2022-06-18,43,47,4,2.19,0.766,0.0,Medium,1,1,0.7325952155369765,High,754,73.26
PO009842,SUP040,P00100,Avionics,10,4868.4,SITE03,2022-01-24,2022-03-04,2022-03-07,39,42,3,2.18,0.6765,0.0,Medium,1,1,0.7324999650032545,High,755,73.25
PO001055,SUP018,P00008,Avionics,32,9269.12,SITE04,2022-05-23,2022-07-02,2022-07-06,40,44,4,2.36,0.6988,0.0017,Medium,1,1,0.7324896943650481,High,756,73.25
PO015042,SUP025,P00151,Hydraulics,11,10665.49,SITE06,2023-11-13,2023-12-26,2023-12-28,43,45,2,2.54,0.6859,0.0016,Medium,1,1,0.7324521347044178,High,757,73.25
PO014431,SUP005,P00145,Hydraulics,3,10826.88,SITE02,2023-11-13,2023-12-30,2024-01-05,47,53,6,2.39,0.6608,0.0004,Medium,1,1,0.7319096974584312,High,758,73.19
PO017915,SUP005,P00182,Engine,6,2231.88,SITE02,2024-12-23,2025-02-10,2025-02-07,49,46,-3,2.38,0.6636,0.0002,Medium,0,1,0.731866856557765,High,759,73.19
PO000905,SUP040,P00007,Fasteners,9,23986.98,SITE02,2023-11-13,2023-12-29,2023-12-30,46,47,1,2.32,0.6573,0.0019,Medium,1,1,0.7316568634587259,High,760,73.17
PO028984,SUP014,P00295,Structure,7,2241.47,SITE05,2023-06-12,2023-07-18,2023-07-16,36,34,-2,2.42,0.6998,0.0009,Medium,0,1,0.731634841763062,High,761,73.16
PO026504,SUP006,P00270,Electrical,8,26366.48,SITE04,2023-06-26,2023-08-17,2023-08-15,52,50,-2,2.47,0.6702,0.001,Medium,0,1,0.7316075267680608,High,762,73.16
PO000625,SUP024,P00005,Cabin,6,7919.76,SITE05,2023-01-09,2023-03-09,2023-03-15,59,65,6,2.28,0.6589,0.001,Medium,1,1,0.7315776231260633,High,763,73.16
PO006041,SUP014,P00060,Cabin,16,8745.44,SITE05,2023-08-07,2023-10-04,2023-10-07,58,61,3,2.43,0.6991,0.0009,Medium,1,1,0.7315117303963673,High,764,73.15
PO023607,SUP013,P00240,Electrical,25,27811.0,SITE06,2024-06-17,2024-07-27,2024-07-29,40,42,2,2.42,0.6918,0.0014,Medium,1,1,0.7312298419846436,High,765,73.12
PO019485,SUP026,P00199,Cabin,17,18505.35,SITE02,2024-09-23,2024-11-29,2024-12-03,67,71,4,2.49,0.7049,0.0011,Medium,1,1,0.7311661193499712,High,766,73.12
PO010988,SUP039,P00111,Cabin,6,47708.04,SITE01,2024-04-29,2024-06-20,2024-06-21,52,53,1,2.35,0.671,0.0025,Medium,1,1,0.7311032591753696,High,767,73.11
PO007143,SUP006,P00072,Fasteners,6,34657.92,SITE03,2022-01-24,2022-03-20,2022-03-19,55,54,-1,2.26,0.5652,0.0,Medium,0,1,0.7309707497910818,High,768,73.1
PO007870,SUP027,P00080,Cabin,16,42328.32,SITE03,2023-02-20,2023-04-06,2023-04-09,45,48,3,2.51,0.6901,0.0004,Medium,1,1,0.7309612775917804,High,769,73.1
PO008346,SUP009,P00084,Avionics,16,11173.92,SITE01,2024-07-08,2024-09-04,2024-09-02,58,56,-2,2.26,0.6818,0.0016,Medium,0,1,0.730916105537279,High,770,73.09
PO020737,SUP005,P00212,Fasteners,15,15914.1,SITE03,2024-04-22,2024-06-13,2024-06-18,52,57,5,2.39,0.6618,0.0003,Medium,1,1,0.7309065210478728,High,771,73.09
PO013483,SUP038,P00137,Fasteners,5,3970.55,SITE02,2022-09-19,2022-11-09,2022-11-09,51,51,0,2.27,0.6725,0.0009,Medium,0,1,0.7308979309582405,High,772,73.09
PO010030,SUP021,P00101,Cabin,20,21367.6,SITE02,2024-10-07,2024-12-13,2024-12-19,67,73,6,2.47,0.6987,0.0012,Medium,1,1,0.7308531155705087,High,773,73.09
PO018610,SUP038,P00189,Fasteners,19,41290.61,SITE06,2024-09-23,2024-11-03,2024-11-06,41,44,3,2.33,0.672,0.0015,Medium,1,1,0.7308223488411176,High,774,73.08
PO019070,SUP025,P00194,Structure,14,5156.76,SITE04,2024-08-19,2024-09-29,2024-10-01,41,43,2,2.48,0.6832,0.0017,Medium,1,1,0.7307797140372605,High,775,73.08
PO024444,SUP013,P00251,Hydraulics,17,33510.23,SITE06,2022-04-11,2022-05-30,2022-06-01,49,51,2,2.06,0.6549,0.0014,Medium,1,1,0.730754146839686,High,776,73.08
PO001137,SUP018,P00008,Avionics,21,6082.86,SITE06,2024-07-01,2024-08-17,2024-08-23,47,53,6,2.24,0.6886,0.0015,Medium,1,1,0.7306271134178546,High,777,73.06
PO029191,SUP002,P00297,LandingGear,7,8809.57,SITE05,2022-12-12,2023-02-04,2023-02-01,54,51,-3,2.45,0.6949,0.0007,Medium,0,1,0.7306210706504824,High,778,73.06
PO002731,SUP016,P00027,Avionics,5,4253.65,SITE05,2022-05-02,2022-06-09,2022-06-11,38,40,2,2.34,0.7273,0.0,Medium,1,1,0.7305421277158721,High,779,73.05
PO023905,SUP009,P00245,LandingGear,5,6226.75,SITE01,2024-09-23,2024-10-27,2024-10-31,34,38,4,2.32,0.6935,0.0015,Medium,1,1,0.7304955917268103,High,780,73.05
PO027374,SUP022,P00278,Fasteners,10,54459.1,SITE01,2023-04-03,2023-04-25,2023-04-24,22,21,-1,1.08,0.4172,0.0003,Low,0,1,0.730246213626592,High,781,73.02
PO000734,SUP002,P00006,Cabin,17,11311.12,SITE02,2024-07-01,2024-09-02,2024-09-06,63,67,4,2.55,0.7067,0.001,Medium,1,1,0.7301555626006875,High,782,73.02
PO018608,SUP038,P00189,Fasteners,32,69542.08,SITE06,2024-01-29,2024-03-10,2024-03-11,41,42,1,2.3,0.6628,0.0014,Medium,1,1,0.7299924406741684,High,783,73.0
PO005068,SUP006,P00053,Engine,1,501.15,SITE02,2024-03-18,2024-05-26,2024-05-30,69,73,4,2.47,0.672,0.0011,Medium,1,1,0.7297349801745436,High,784,72.97
PO019699,SUP038,P00201,Cabin,6,8128.98,SITE02,2023-07-10,2023-09-03,2023-09-04,55,56,1,2.3,0.668,0.0009,Medium,1,1,0.7294567157272386,High,785,72.95
PO018525,SUP038,P00189,Fasteners,6,13039.14,SITE02,2024-06-17,2024-07-29,2024-07-30,42,43,1,2.33,0.6692,0.0012,Medium,1,1,0.7293649394866621,High,786,72.94
PO028960,SUP014,P00295,Structure,17,5443.57,SITE04,2023-05-01,2023-05-31,2023-05-29,30,28,-2,2.46,0.7112,0.001,Medium,0,1,0.7292509103473854,High,787,72.93
PO011863,SUP013,P00120,Fasteners,16,21358.88,SITE06,2023-02-27,2023-04-18,2023-04-17,50,49,-1,2.44,0.6767,0.0011,Medium,0,1,0.729124785691728,High,788,72.91
PO023291,SUP040,P00238,Cabin,16,11184.16,SITE04,2022-09-26,2022-11-12,2022-11-12,47,47,0,2.32,0.6763,0.0017,Medium,0,1,0.7291096999777154,High,789,72.91
PO029123,SUP002,P00297,LandingGear,5,6292.55,SITE02,2024-08-12,2024-10-04,2024-10-06,53,55,2,2.55,0.7079,0.001,Medium,1,1,0.7290476184661883,High,790,72.9
PO019859,SUP024,P00203,Fasteners,4,5236.64,SITE01,2022-01-31,2022-04-02,2022-04-04,61,63,2,2.3,0.6364,0.0,Medium,1,1,0.7290375992663652,High,791,72.9
PO007845,SUP027,P00080,Cabin,27,71429.04,SITE02,2023-09-11,2023-10-30,2023-11-03,49,53,4,2.5,0.6914,0.0006,Medium,1,1,0.7289279225578,High,792,72.89
PO015051,SUP026,P00152,Electrical,1,2142.57,SITE01,2022-04-18,2022-06-11,2022-06-13,54,56,2,2.42,0.7284,0.0025,Medium,1,1,0.7287224536073065,High,793,72.87
PO018716,SUP002,P00191,LandingGear,17,18724.99,SITE04,2022-10-03,2022-11-27,2022-11-28,55,56,1,2.49,0.684,0.0006,Medium,1,1,0.7286862762008404,High,794,72.87
PO023444,SUP013,P00239,Structure,9,2457.9,SITE05,2022-01-03,2022-02-18,2022-02-17,46,45,-1,3.0,0.75,0.0,Medium,0,1,0.7286222943722941,High,795,72.86
PO010147,SUP021,P00101,Cabin,45,48077.1,SITE06,2023-02-13,2023-04-19,2023-04-23,65,69,4,2.48,0.7308,0.0007,Medium,1,1,0.7285349885579818,High,796,72.85
PO013177,SUP039,P00133,Electrical,5,15548.5,SITE05,2023-03-27,2023-04-30,2023-05-05,34,39,5,2.67,0.7087,0.0,Medium,1,1,0.7283741835808829,High,797,72.84
PO006991,SUP027,P00070,Electrical,7,5235.51,SITE06,2024-07-22,2024-08-19,2024-08-17,28,26,-2,2.48,0.6897,0.0009,Medium,0,1,0.7282511611972722,High,798,72.83
PO025995,SUP009,P00267,Cabin,25,5447.25,SITE03,2023-12-25,2024-02-23,2024-02-21,60,58,-2,2.24,0.6781,0.0019,Medium,0,1,0.7280312818931588,High,799,72.8
PO000542,SUP024,P00005,Cabin,8,10559.68,SITE02,2024-05-13,2024-07-19,2024-07-23,67,71,4,2.48,0.6799,0.0012,Medium,1,1,0.7279475275699173,High,800,72.79
PO002333,SUP015,P00024,Fasteners,1,7635.37,SITE05,2024-01-08,2024-02-23,2024-02-27,46,50,4,2.46,0.7055,0.0022,Medium,1,1,0.7279365256524016,High,801,72.79
PO028668,SUP027,P00292,Engine,2,668.34,SITE06,2022-02-28,2022-04-21,2022-04-27,52,58,6,2.68,0.7361,0.0,Medium,1,1,0.7277533448772974,High,802,72.78
PO004422,SUP018,P00046,Avionics,10,1741.2,SITE01,2024-06-10,2024-07-30,2024-07-30,50,50,0,2.26,0.6891,0.0013,Medium,0,1,0.727652383763897,High,803,72.77
PO008408,SUP009,P00084,Avionics,12,8380.44,SITE04,2023-05-15,2023-07-12,2023-07-15,58,61,3,2.27,0.6833,0.0009,Medium,1,1,0.7276020258989754,High,804,72.76
PO010171,SUP016,P00102,Electrical,3,3213.75,SITE01,2024-06-24,2024-07-24,2024-07-25,30,31,1,2.51,0.6718,0.0028,Medium,1,1,0.7274311913514532,High,805,72.74
PO007136,SUP006,P00072,Fasteners,8,46210.56,SITE02,2023-02-13,2023-04-07,2023-04-07,53,53,0,2.39,0.6636,0.0008,Medium,0,1,0.7274260071962819,High,806,72.74
PO027246,SUP013,P00277,Electrical,10,12307.7,SITE01,2022-06-20,2022-08-05,2022-08-06,46,47,1,2.09,0.6304,0.0012,Medium,1,1,0.7274133436371163,High,807,72.74
PO024966,SUP038,P00257,Cabin,65,68761.55,SITE04,2024-07-01,2024-08-29,2024-08-30,59,60,1,2.32,0.6708,0.0012,Medium,1,1,0.7271025298234814,High,808,72.71
PO002997,SUP023,P00030,Hydraulics,16,4719.36,SITE06,2024-05-27,2024-07-18,2024-07-18,52,52,0,2.64,0.7477,0.0039,Medium,0,1,0.7269967850652951,High,809,72.7
PO021681,SUP023,P00220,Electrical,2,17986.0,SITE05,2024-12-02,2025-01-21,2025-01-19,50,48,-2,2.69,0.7363,0.003,Medium,0,1,0.7269784283944974,High,810,72.7
PO018273,SUP040,P00186,Fasteners,11,10606.42,SITE04,2023-08-28,2023-10-14,2023-10-16,47,49,2,2.3,0.6607,0.0019,Medium,1,1,0.726948598226135,High,811,72.69
PO005081,SUP006,P00053,Engine,3,1503.45,SITE04,2024-09-30,2024-12-07,2024-12-07,68,68,0,2.5,0.6893,0.0012,Medium,0,1,0.7268598208454957,High,812,72.69
PO012514,SUP026,P00126,Electrical,3,7481.58,SITE02,2022-03-28,2022-05-15,2022-05-13,48,46,-2,2.47,0.7344,0.0,Medium,0,1,0.7267819513576089,High,813,72.68
PO008497,SUP039,P00085,Cabin,7,39950.47,SITE02,2024-03-18,2024-05-07,2024-05-09,50,52,2,2.42,0.6804,0.0027,Medium,1,1,0.7267674729593843,High,814,72.68
PO004699,SUP006,P00048,Fasteners,3,4152.09,SITE03,2023-04-24,2023-06-20,2023-06-24,57,61,4,2.44,0.6593,0.001,Medium,1,1,0.7265424123798654,High,815,72.65
PO017591,SUP006,P00178,Fasteners,11,9229.99,SITE05,2022-08-22,2022-10-07,2022-10-06,46,45,-1,2.42,0.6612,0.0004,Medium,0,1,0.7264585705275008,High,816,72.65
PO020556,SUP009,P00209,Avionics,12,2561.88,SITE06,2022-10-31,2022-12-21,2022-12-20,51,50,-1,2.36,0.7158,0.0016,Medium,0,1,0.7263934373605724,High,817,72.64
PO017241,SUP006,P00175,Cabin,21,19037.97,SITE06,2023-07-10,2023-09-03,2023-09-03,55,55,0,2.49,0.6696,0.001,Medium,0,1,0.7263445085061957,High,818,72.63
PO029393,SUP006,P00298,Avionics,45,13734.0,SITE06,2024-01-15,2024-03-26,2024-03-31,71,76,5,2.48,0.6702,0.0011,Medium,1,1,0.7262538003774979,High,819,72.63
PO029540,SUP003,P00299,Fasteners,46,31853.62,SITE06,2023-09-11,2023-10-22,2023-10-21,41,40,-1,2.26,0.6548,0.0002,Medium,0,1,0.7261271334464386,High,820,72.61
PO012501,SUP018,P00125,Avionics,12,17880.12,SITE06,2024-07-01,2024-08-18,2024-08-22,48,52,4,2.25,0.6892,0.0015,Medium,1,1,0.7261189683015488,High,821,72.61
PO029544,SUP003,P00299,Fasteners,26,18004.22,SITE06,2024-03-11,2024-04-20,2024-04-24,40,44,4,2.3,0.6545,0.0002,Medium,1,1,0.7259024813500944,High,822,72.59
PO011831,SUP013,P00120,Fasteners,8,10679.44,SITE05,2023-11-27,2024-01-12,2024-01-11,46,45,-1,2.4,0.6876,0.0016,Medium,0,1,0.7257515942041479,High,823,72.58
PO019298,SUP040,P00198,LandingGear,21,24484.95,SITE01,2022-11-07,2022-12-15,2022-12-18,38,41,3,2.21,0.6612,0.0015,Medium,1,1,0.725727994227994,High,824,72.57
PO023556,SUP013,P00240,Electrical,12,13349.28,SITE04,2024-03-04,2024-04-18,2024-04-17,45,44,-1,2.41,0.6846,0.0016,Medium,0,1,0.7256277665563424,High,825,72.56
PO022654,SUP040,P00230,Avionics,8,2521.68,SITE02,2022-05-09,2022-06-29,2022-07-03,51,55,4,2.18,0.6456,0.0027,Medium,1,1,0.725488719087369,High,826,72.55
PO015383,SUP013,P00155,Avionics,5,18978.65,SITE05,2023-10-23,2023-12-11,2023-12-16,49,54,5,2.4,0.6889,0.0015,Medium,1,1,0.7254612043252154,High,827,72.55
PO009981,SUP021,P00101,Cabin,8,8547.04,SITE01,2023-06-05,2023-08-03,2023-08-06,59,62,3,2.57,0.7362,0.0013,Medium,1,1,0.7252777382238802,High,828,72.53
PO007393,SUP006,P00076,Structure,5,6046.95,SITE03,2022-10-10,2022-11-30,2022-12-09,51,60,9,2.5,0.6746,0.001,Medium,1,1,0.7252226332021984,High,829,72.52
PO004436,SUP018,P00046,Avionics,11,1915.32,SITE02,2023-02-20,2023-04-09,2023-04-14,48,53,5,2.21,0.6968,0.0014,Medium,1,1,0.725125067498248,High,830,72.51
PO005382,SUP027,P00056,Cabin,57,66020.25,SITE05,2022-09-26,2022-11-13,2022-11-11,48,46,-2,2.61,0.7036,0.0005,Medium,0,1,0.7248628288138399,High,831,72.49
PO004986,SUP027,P00052,Electrical,7,8232.49,SITE04,2022-02-21,2022-03-20,2022-03-22,27,29,2,2.69,0.7308,0.0,Medium,1,1,0.724826257830562,High,832,72.48
PO027649,SUP003,P00280,Cabin,32,46006.4,SITE04,2024-11-25,2025-01-17,2025-01-20,53,56,3,2.32,0.6645,0.0012,Medium,1,1,0.7248040031239978,High,833,72.48
PO007873,SUP027,P00080,Cabin,35,92593.2,SITE03,2023-08-14,2023-09-29,2023-10-01,46,48,2,2.5,0.6926,0.0006,Medium,1,1,0.7247127657056496,High,834,72.47
PO024945,SUP038,P00257,Cabin,60,63472.2,SITE04,2023-01-23,2023-03-10,2023-03-17,46,53,7,2.21,0.6571,0.0007,Medium,1,1,0.7246789155560105,High,835,72.47
PO011408,SUP038,P00116,Cabin,8,23390.96,SITE01,2023-01-02,2023-02-25,2023-03-01,54,58,4,2.22,0.6594,0.0008,Medium,1,1,0.7246577347184499,High,836,72.47
PO026387,SUP011,P00269,Avionics,63,50047.83,SITE04,2023-09-25,2023-11-03,2023-11-01,39,37,-2,1.24,0.4073,0.0012,Low,0,1,0.72461091893205,High,837,72.46
PO027806,SUP003,P00282,Electrical,6,16524.0,SITE06,2024-06-10,2024-07-10,2024-07-11,30,31,1,2.27,0.6533,0.0001,Medium,1,1,0.7243954197898358,High,838,72.44
PO001853,SUP027,P00018,Cabin,17,19607.63,SITE02,2022-05-09,2022-06-24,2022-06-25,46,47,1,2.55,0.7153,0.0,Medium,1,1,0.7243666702496064,High,839,72.44
PO017806,SUP025,P00181,Structure,12,11947.8,SITE02,2024-12-02,2025-01-11,2025-01-12,40,41,1,2.48,0.6874,0.0017,Medium,1,1,0.7243361972816565,High,840,72.43
PO028931,SUP014,P00295,Structure,3,960.63,SITE02,2024-04-01,2024-05-01,2024-05-01,30,30,0,2.47,0.6913,0.0006,Medium,0,1,0.724288403979715,High,841,72.43
PO019196,SUP038,P00196,Electrical,2,5378.82,SITE03,2024-01-01,2024-02-20,2024-02-17,50,47,-3,2.27,0.6641,0.0015,Medium,0,1,0.7242067989291273,High,842,72.42
PO017608,SUP006,P00178,Fasteners,12,10069.08,SITE06,2022-09-19,2022-11-20,2022-11-23,62,65,3,2.45,0.6679,0.0007,Medium,1,1,0.7241978872827157,High,843,72.42
PO020514,SUP009,P00209,Avionics,8,1707.92,SITE04,2022-02-21,2022-04-16,2022-04-21,54,59,5,2.21,0.6667,0.0,Medium,1,1,0.724104649477489,High,844,72.41
PO019874,SUP024,P00203,Fasteners,10,13091.6,SITE01,2023-12-04,2024-01-28,2024-01-28,55,55,0,2.43,0.6654,0.0012,Medium,0,1,0.7240672238750091,High,845,72.41
PO026009,SUP009,P00267,Cabin,11,2396.79,SITE04,2022-03-14,2022-05-02,2022-05-03,49,50,1,2.53,0.6744,0.0,Medium,1,1,0.7240595472187974,High,846,72.41
PO028551,SUP002,P00290,LandingGear,1,1164.96,SITE05,2024-08-26,2024-10-09,2024-10-11,44,46,2,2.53,0.7054,0.001,Medium,1,1,0.7239962880426756,High,847,72.4
PO009868,SUP040,P00100,Avionics,37,18013.08,SITE04,2022-01-03,2022-02-17,2022-02-21,45,49,4,0.0,0.0,0.0,Medium,1,1,0.7239297346776761,High,848,72.39
PO012550,SUP026,P00126,Electrical,3,7481.58,SITE05,2022-03-14,2022-05-09,2022-05-11,56,58,2,2.29,0.7091,0.0,Medium,1,1,0.7238084749150465,High,849,72.38
PO004123,SUP014,P00042,Fasteners,14,31343.48,SITE04,2024-07-08,2024-08-16,2024-08-17,39,40,1,2.42,0.6848,0.0007,Medium,1,1,0.7237508554019639,High,850,72.38
PO016516,SUP023,P00167,Avionics,4,1457.12,SITE05,2022-03-28,2022-05-27,2022-05-27,60,60,0,2.9,0.7143,0.0,Medium,0,1,0.7236581543252131,High,851,72.37
PO000969,SUP040,P00007,Fasteners,7,18656.54,SITE06,2022-12-12,2023-02-05,2023-02-10,55,60,5,2.22,0.6691,0.0017,Medium,1,1,0.7233694001150981,High,852,72.34
PO002182,SUP015,P00021,Hydraulics,2,830.74,SITE01,2023-07-17,2023-09-03,2023-09-02,48,47,-1,2.38,0.7014,0.0021,Medium,0,1,0.7233467191817633,High,853,72.33
PO029257,SUP006,P00298,Avionics,11,3357.2,SITE01,2024-04-15,2024-06-29,2024-07-04,75,80,5,2.49,0.6773,0.0011,Medium,1,1,0.7233225377403775,High,854,72.33
PO024451,SUP013,P00251,Hydraulics,17,33510.23,SITE06,2023-05-29,2023-07-08,2023-07-06,40,38,-2,2.41,0.6796,0.0013,Medium,0,1,0.7233221745143837,High,855,72.33
PO020790,SUP005,P00212,Fasteners,4,4243.76,SITE05,2023-05-29,2023-07-14,2023-07-12,46,44,-2,2.54,0.7048,0.0,Medium,0,1,0.7232422991165759,High,856,72.32
PO021052,SUP024,P00215,Fasteners,10,22867.9,SITE04,2022-01-03,2022-03-10,2022-03-09,66,65,-1,1.71,0.4286,0.0,Medium,0,1,0.7232302483643018,High,857,72.32
PO009264,SUP025,P00092,Avionics,5,1303.0,SITE03,2024-06-10,2024-07-27,2024-07-29,47,49,2,2.51,0.6843,0.0014,Medium,1,1,0.7231885881860562,High,858,72.32
PO005179,SUP027,P00054,Fasteners,15,60899.55,SITE06,2022-04-04,2022-05-15,2022-05-20,41,46,5,2.49,0.7248,0.0,Medium,1,1,0.723113450879286,High,859,72.31
PO017620,SUP006,P00178,Fasteners,48,40276.32,SITE06,2023-08-07,2023-10-03,2023-10-05,57,59,2,2.5,0.6683,0.0009,Medium,1,1,0.723093588131555,High,860,72.31
PO016671,SUP015,P00169,Structure,11,8959.61,SITE06,2024-12-02,2025-01-11,2025-01-16,40,45,5,2.54,0.7012,0.0019,Medium,1,1,0.723036912907158,High,861,72.3
PO024405,SUP013,P00251,Hydraulics,5,9855.95,SITE02,2023-03-27,2023-05-14,2023-05-14,48,48,0,2.41,0.6733,0.0012,Medium,0,1,0.7230248037720464,High,862,72.3
PO004646,SUP006,P00048,Fasteners,11,15224.33,SITE01,2023-04-03,2023-06-08,2023-06-08,66,66,0,2.46,0.6652,0.0007,Medium,0,1,0.7229874759450071,High,863,72.3
PO009279,SUP025,P00092,Avionics,11,2866.6,SITE04,2024-10-07,2024-11-28,2024-12-02,52,56,4,2.47,0.6832,0.0018,Medium,1,1,0.7229862690461272,High,864,72.3
PO024889,SUP038,P00257,Cabin,12,12694.44,SITE02,2023-09-04,2023-11-02,2023-11-05,59,62,3,2.28,0.6654,0.0011,Medium,1,1,0.7228667688497438,High,865,72.29
PO001851,SUP027,P00018,Cabin,15,17300.85,SITE01,2024-06-10,2024-07-22,2024-07-20,42,40,-2,2.5,0.6874,0.0009,Medium,0,1,0.7228099680047052,High,866,72.28
PO024455,SUP013,P00251,Hydraulics,29,57164.51,SITE06,2024-01-01,2024-02-16,2024-02-18,46,48,2,2.41,0.6872,0.0016,Medium,1,1,0.7227965939127579,High,867,72.28
PO028107,SUP018,P00286,Electrical,4,15414.92,SITE04,2024-11-04,2024-12-10,2024-12-09,36,35,-1,2.24,0.6838,0.0014,Medium,0,1,0.7227184833405466,High,868,72.27
PO004549,SUP018,P00046,Avionics,23,4004.76,SITE06,2023-06-19,2023-08-10,2023-08-09,52,51,-1,2.24,0.6973,0.001,Medium,0,1,0.7226911603635295,High,869,72.27
PO024984,SUP038,P00257,Cabin,12,12694.44,SITE05,2022-12-05,2023-02-01,2023-02-03,58,60,2,2.25,0.6612,0.0009,Medium,1,1,0.7226823584456027,High,870,72.27
PO000595,SUP024,P00005,Cabin,29,38278.84,SITE04,2023-02-13,2023-04-12,2023-04-15,58,61,3,2.3,0.6687,0.0009,Medium,1,1,0.7225358761492361,High,871,72.25
PO009986,SUP021,P00101,Cabin,8,8547.04,SITE01,2023-10-02,2023-11-30,2023-11-30,59,59,0,2.59,0.7361,0.0012,Medium,0,1,0.7224831107468345,High,872,72.25
PO015775,SUP024,P00158,Structure,17,32015.76,SITE06,2024-02-05,2024-03-29,2024-04-03,53,58,5,2.45,0.6734,0.0013,Medium,1,1,0.7222904712433185,High,873,72.23
PO027656,SUP003,P00280,Cabin,10,14377.0,SITE05,2022-07-25,2022-09-16,2022-09-19,53,56,3,2.01,0.5794,0.0,Medium,1,1,0.7221871266572383,High,874,72.22
PO025998,SUP009,P00267,Cabin,23,5011.47,SITE03,2024-02-26,2024-04-16,2024-04-16,50,50,0,2.22,0.6738,0.0017,Medium,0,1,0.7220955339138504,High,875,72.21
PO001841,SUP027,P00018,Cabin,15,17300.85,SITE01,2023-08-07,2023-09-14,2023-09-17,38,41,3,2.5,0.6887,0.0004,Medium,1,1,0.7218331087213442,High,876,72.18
PO029248,SUP006,P00298,Avionics,17,5188.4,SITE01,2023-07-24,2023-09-20,2023-09-24,58,62,4,2.48,0.6684,0.001,Medium,1,1,0.7216311405915187,High,877,72.16
PO000882,SUP040,P00007,Fasteners,10,26652.2,SITE01,2022-11-21,2023-01-08,2023-01-12,48,52,4,2.21,0.6649,0.0014,Medium,1,1,0.7215877679628473,High,878,72.16
PO004507,SUP018,P00046,Avionics,17,2960.04,SITE05,2022-02-21,2022-04-10,2022-04-12,48,50,2,1.48,0.5484,0.0,Medium,1,1,0.7212809186117878,High,879,72.13
PO001962,SUP027,P00018,Cabin,31,35755.09,SITE05,2022-10-24,2022-12-06,2022-12-05,43,42,-1,2.58,0.6985,0.0004,Medium,0,1,0.7212486186654834,High,880,72.12
PO003264,SUP021,P00034,Fasteners,5,3422.9,SITE02,2024-11-11,2025-01-07,2025-01-06,57,56,-1,2.47,0.7053,0.0011,Medium,0,1,0.7212446903583266,High,881,72.12
PO013326,SUP013,P00135,Electrical,4,41255.44,SITE04,2022-03-28,2022-05-02,2022-05-05,35,38,3,1.95,0.6522,0.0022,Medium,1,1,0.7211081588976327,High,882,72.11
PO028557,SUP002,P00290,LandingGear,7,8154.72,SITE06,2023-09-25,2023-11-13,2023-11-15,49,51,2,2.53,0.6958,0.0011,Medium,1,1,0.7209871002626562,High,883,72.1
PO008350,SUP009,P00084,Avionics,10,6983.7,SITE02,2022-03-21,2022-05-17,2022-05-17,57,57,0,2.47,0.6889,0.0,Medium,0,1,0.7208571330295677,High,884,72.09
PO021078,SUP024,P00215,Fasteners,11,25154.69,SITE05,2022-12-05,2023-01-30,2023-01-30,56,56,0,2.25,0.6607,0.0011,Medium,0,1,0.7208539892549581,High,885,72.09
PO020600,SUP027,P00210,Engine,7,7519.26,SITE06,2024-10-28,2024-12-14,2024-12-12,47,45,-2,2.45,0.6922,0.0009,Medium,0,1,0.7208130821537432,High,886,72.08
PO013930,SUP040,P00141,LandingGear,22,11300.08,SITE01,2023-03-27,2023-04-29,2023-05-03,33,37,4,2.19,0.6587,0.0023,Medium,1,1,0.720543375019401,High,887,72.05
PO009268,SUP025,P00092,Avionics,9,2345.4,SITE04,2022-07-11,2022-08-29,2022-08-31,49,51,2,2.34,0.6489,0.001,Medium,1,1,0.7204694850381141,High,888,72.05
PO018570,SUP038,P00189,Fasteners,10,21731.9,SITE05,2022-05-16,2022-06-27,2022-06-24,42,39,-3,2.05,0.6604,0.0,Medium,0,1,0.720456989581972,High,889,72.05
PO000963,SUP040,P00007,Fasteners,14,37313.08,SITE06,2022-05-16,2022-07-03,2022-06-30,48,45,-3,2.18,0.6524,0.0026,Medium,0,1,0.7202795961228422,High,890,72.03
PO019689,SUP038,P00201,Cabin,11,14903.13,SITE02,2022-03-14,2022-05-07,2022-05-12,54,59,5,2.02,0.6724,0.0,Medium,1,1,0.7201948092551442,High,891,72.02
PO024965,SUP038,P00257,Cabin,168,177722.16,SITE04,2024-06-17,2024-08-10,2024-08-09,54,53,-1,2.32,0.6696,0.0012,Medium,0,1,0.7199843471392234,High,892,72.0
PO029114,SUP002,P00297,LandingGear,6,7551.06,SITE02,2022-07-11,2022-08-30,2022-08-31,50,51,1,2.39,0.6688,0.0005,Medium,1,1,0.7199537674861858,High,893,72.0
PO009621,SUP026,P00096,Engine,4,1937.16,SITE06,2022-03-07,2022-05-21,2022-05-19,75,73,-2,2.26,0.7021,0.0,Medium,0,1,0.7197912579263283,High,894,71.98
PO002713,SUP016,P00027,Avionics,34,28924.82,SITE04,2023-04-03,2023-05-19,2023-05-18,46,45,-1,2.36,0.6543,0.0051,Medium,0,1,0.7194416103060103,High,895,71.94
PO000347,SUP040,P00003,Avionics,19,4169.36,SITE04,2022-05-16,2022-06-27,2022-06-30,42,45,3,2.19,0.646,0.0026,Medium,1,1,0.7193021093911359,High,896,71.93
PO011113,SUP025,P00112,Hydraulics,5,1133.65,SITE06,2022-06-27,2022-08-21,2022-08-24,55,58,3,2.33,0.6477,0.0011,Medium,1,1,0.7192812654763588,High,897,71.93
PO011796,SUP013,P00120,Fasteners,14,18689.02,SITE04,2022-09-19,2022-11-01,2022-11-06,43,48,5,2.37,0.6818,0.0011,Medium,1,1,0.7190157066116051,High,898,71.9
PO020800,SUP005,P00212,Fasteners,9,9548.46,SITE05,2024-09-16,2024-11-05,2024-11-05,50,50,0,2.37,0.6658,0.0003,Medium,0,1,0.7189628171744317,High,899,71.9
PO015116,SUP026,P00153,Fasteners,8,18090.32,SITE03,2022-12-12,2023-02-15,2023-02-16,65,66,1,2.29,0.6897,0.0007,Medium,1,1,0.7188750543043978,High,900,71.89
PO025280,SUP013,P00260,Hydraulics,13,17094.61,SITE06,2024-07-08,2024-09-04,2024-09-09,58,63,5,2.41,0.6901,0.0014,Medium,1,1,0.7188659317985372,High,901,71.89
PO006990,SUP027,P00070,Electrical,16,11966.88,SITE06,2024-07-15,2024-08-10,2024-08-11,26,27,1,2.48,0.6896,0.0009,Medium,1,1,0.7187482076102504,High,902,71.87
PO019015,SUP025,P00194,Structure,14,5156.76,SITE02,2024-11-04,2024-12-10,2024-12-14,36,40,4,2.47,0.6873,0.0018,Medium,1,1,0.7184489947579027,High,903,71.84
PO019039,SUP025,P00194,Structure,19,6998.46,SITE04,2022-02-14,2022-03-24,2022-03-23,38,37,-1,3.16,0.7895,0.0,Medium,0,1,0.7184429952433242,High,904,71.84
PO024408,SUP013,P00251,Hydraulics,5,9855.95,SITE02,2024-09-30,2024-11-10,2024-11-07,41,38,-3,2.42,0.689,0.0016,Medium,0,1,0.7183321048694642,High,905,71.83
PO018555,SUP038,P00189,Fasteners,25,54329.75,SITE04,2023-05-22,2023-07-01,2023-07-01,40,40,0,2.3,0.6667,0.0011,Medium,0,1,0.7182182352472252,High,906,71.82
PO000424,SUP040,P00003,Avionics,11,2413.84,SITE06,2023-04-24,2023-06-11,2023-06-08,48,45,-3,2.2,0.6548,0.0022,Medium,0,1,0.7182010395834629,High,907,71.82
PO021828,SUP021,P00222,Fasteners,10,24872.7,SITE01,2024-10-07,2024-12-01,2024-12-02,55,56,1,2.48,0.6994,0.0012,Medium,1,1,0.7181581715156888,High,908,71.82
PO006077,SUP014,P00060,Cabin,62,33888.58,SITE06,2023-10-23,2023-12-11,2023-12-17,49,55,6,2.49,0.7026,0.0008,Medium,1,1,0.7179924310556238,High,909,71.8
PO022595,SUP040,P00228,Fasteners,18,145292.58,SITE06,2023-06-19,2023-08-06,2023-08-08,48,50,2,2.26,0.6589,0.002,Medium,1,1,0.7179850296289978,High,910,71.8
PO020518,SUP009,P00209,Avionics,11,2348.39,SITE04,2022-04-25,2022-06-20,2022-06-23,56,59,3,2.19,0.6575,0.0,Medium,1,1,0.7179569015614484,High,911,71.8
PO022755,SUP002,P00231,Cabin,25,15709.75,SITE02,2023-01-02,2023-03-22,2023-03-22,79,79,0,2.49,0.6964,0.0009,Medium,0,1,0.717906652257083,High,912,71.79
PO025024,SUP038,P00257,Cabin,34,35967.58,SITE06,2023-04-10,2023-06-02,2023-05-30,53,50,-3,2.29,0.6643,0.001,Medium,0,1,0.7177589805452614,High,913,71.78
PO004774,SUP006,P00048,Fasteners,19,26296.57,SITE06,2023-09-04,2023-10-31,2023-10-31,57,57,0,2.48,0.6672,0.001,Medium,0,1,0.7177505967358133,High,914,71.78
PO017569,SUP006,P00178,Fasteners,61,51184.49,SITE04,2023-05-29,2023-07-25,2023-07-28,57,60,3,2.46,0.6648,0.0011,Medium,1,1,0.7176902006415412,High,915,71.77
PO026509,SUP006,P00270,Electrical,4,13183.24,SITE04,2024-05-13,2024-07-05,2024-07-13,53,61,8,2.51,0.6789,0.001,Medium,1,1,0.7176696248101357,High,916,71.77
PO005002,SUP027,P00052,Electrical,16,18817.12,SITE04,2023-11-13,2023-12-14,2023-12-18,31,35,4,2.51,0.6891,0.0006,Medium,1,1,0.7176376124124848,High,917,71.76
PO017158,SUP006,P00175,Cabin,49,44421.93,SITE03,2024-05-20,2024-07-27,2024-07-25,68,66,-2,2.51,0.6773,0.001,Medium,0,1,0.7175760065120073,High,918,71.76
PO024375,SUP015,P00250,Structure,3,14809.2,SITE04,2023-06-12,2023-07-20,2023-07-25,38,43,5,2.38,0.6995,0.0023,Medium,1,1,0.7175381256945861,High,919,71.75
PO001035,SUP018,P00008,Avionics,11,3186.26,SITE03,2022-05-23,2022-07-11,2022-07-13,49,51,2,2.37,0.6951,0.0017,Medium,1,1,0.7174891447319066,High,920,71.75
PO012760,SUP014,P00128,Fasteners,2,2204.9,SITE03,2024-07-15,2024-09-07,2024-09-05,54,52,-2,2.41,0.6845,0.0006,Medium,0,1,0.7174276567217782,High,921,71.74
PO013517,SUP038,P00137,Fasteners,9,7146.99,SITE03,2024-07-15,2024-09-01,2024-09-04,48,51,3,2.35,0.6728,0.0013,Medium,1,1,0.7173946006131199,High,922,71.74
PO023566,SUP013,P00240,Electrical,13,14461.72,SITE05,2022-08-22,2022-10-03,2022-10-04,42,43,1,2.26,0.6564,0.0013,Medium,1,1,0.7173725788765118,High,923,71.74
PO011158,SUP015,P00113,Engine,6,24187.8,SITE04,2022-05-02,2022-06-21,2022-06-22,50,51,1,2.11,0.75,0.0,Medium,1,1,0.7173573607618186,High,924,71.74
PO005249,SUP027,P00056,Cabin,9,10424.25,SITE01,2022-02-21,2022-04-14,2022-04-20,52,58,6,2.63,0.7222,0.0,Medium,1,1,0.7173064853651183,High,925,71.73
PO019940,SUP024,P00203,Fasteners,24,31419.84,SITE04,2023-07-03,2023-08-24,2023-08-29,52,57,5,2.31,0.6619,0.0016,Medium,1,1,0.7172961012935906,High,926,71.73
PO015723,SUP024,P00158,Structure,7,13182.96,SITE04,2022-12-12,2023-02-09,2023-02-15,59,65,6,2.24,0.6561,0.0011,Medium,1,1,0.7171353799031458,High,927,71.71
PO019511,SUP026,P00199,Cabin,27,29390.85,SITE03,2024-03-11,2024-05-22,2024-05-24,72,74,2,2.4,0.6946,0.0012,Medium,1,1,0.7169914842802779,High,928,71.7
PO019471,SUP026,P00199,Cabin,17,18505.35,SITE02,2023-05-15,2023-07-25,2023-07-26,71,72,1,2.41,0.6918,0.001,Medium,1,1,0.7169797389748387,High,929,71.7
PO009269,SUP025,P00092,Avionics,18,4690.8,SITE04,2022-09-26,2022-11-11,2022-11-12,46,47,1,2.45,0.6567,0.0014,Medium,1,1,0.7169405457480355,High,930,71.69
PO025992,SUP009,P00267,Cabin,29,6318.81,SITE03,2023-07-24,2023-09-19,2023-09-22,57,60,3,2.23,0.6841,0.0015,Medium,1,1,0.716879814957283,High,931,71.69
PO000342,SUP040,P00003,Avionics,4,877.76,SITE03,2024-03-18,2024-05-11,2024-05-11,54,54,0,2.28,0.6554,0.002,Medium,0,1,0.7167328464303383,High,932,71.67
PO000710,SUP002,P00006,Cabin,8,5322.88,SITE01,2024-10-14,2024-12-10,2024-12-10,57,57,0,2.56,0.712,0.0009,Medium,0,1,0.7167070942295819,High,933,71.67
PO008403,SUP009,P00084,Avionics,10,6983.7,SITE04,2022-11-14,2023-01-08,2023-01-08,55,55,0,2.33,0.7037,0.0015,Medium,0,1,0.7166292476214721,High,934,71.66
PO005057,SUP027,P00052,Electrical,9,10584.63,SITE06,2024-10-14,2024-11-12,2024-11-13,29,30,1,2.46,0.6908,0.001,Medium,1,1,0.7165628600348332,High,935,71.66
PO019569,SUP026,P00199,Cabin,11,11974.05,SITE05,2023-07-17,2023-09-23,2023-09-26,68,71,3,2.43,0.6921,0.0011,Medium,1,1,0.7165441801965691,High,936,71.65
PO002757,SUP016,P00027,Avionics,33,28074.09,SITE06,2022-09-26,2022-11-06,2022-11-09,41,44,3,2.44,0.6966,0.001,Medium,1,1,0.7165230961999244,High,937,71.65
PO025254,SUP013,P00260,Hydraulics,18,23669.46,SITE04,2023-12-25,2024-02-16,2024-02-19,53,56,3,2.41,0.6867,0.0016,Medium,1,1,0.7164128658593107,High,938,71.64
PO023328,SUP040,P00238,Cabin,14,9786.14,SITE06,2022-06-06,2022-07-31,2022-08-06,55,61,6,2.2,0.6425,0.0022,Medium,1,1,0.7162348116499669,High,939,71.62
PO027178,SUP014,P00275,Engine,13,13514.67,SITE06,2023-08-21,2023-10-10,2023-10-17,50,57,7,2.43,0.7016,0.0009,Medium,1,1,0.7161619898947807,High,940,71.62
PO011105,SUP025,P00112,Hydraulics,5,1133.65,SITE05,2023-10-23,2023-12-09,2023-12-09,47,47,0,2.53,0.6836,0.0017,Medium,0,1,0.7160407293550479,High,941,71.6
PO021911,SUP021,P00222,Fasteners,16,39796.32,SITE06,2022-05-02,2022-06-22,2022-06-23,51,52,1,2.48,0.72,0.0,Medium,1,1,0.7159973799198596,High,942,71.6
PO005301,SUP027,P00056,Cabin,8,9266.0,SITE02,2023-12-25,2024-02-14,2024-02-17,51,54,3,2.52,0.692,0.0005,Medium,1,1,0.715996824410019,High,943,71.6
PO023431,SUP013,P00239,Structure,16,4369.6,SITE04,2023-10-02,2023-11-25,2023-11-30,54,59,5,2.39,0.6866,0.0014,Medium,1,1,0.7159791259213596,High,944,71.6
PO018495,SUP038,P00189,Fasteners,11,23905.09,SITE01,2022-09-05,2022-10-14,2022-10-18,39,43,4,2.26,0.6773,0.001,Medium,1,1,0.7159254851128691,High,945,71.59
PO018096,SUP016,P00184,Avionics,5,2119.95,SITE05,2022-07-25,2022-09-10,2022-09-07,47,44,-3,2.49,0.7059,0.0015,Medium,0,1,0.7158260085937387,High,946,71.58
PO027596,SUP003,P00280,Cabin,8,11501.6,SITE03,2022-09-05,2022-10-23,2022-10-23,48,48,0,2.25,0.6159,0.0,Medium,0,1,0.7158096212516508,High,947,71.58
PO018661,SUP002,P00191,LandingGear,11,12116.17,SITE01,2023-05-29,2023-07-31,2023-08-03,63,66,3,2.46,0.6923,0.0014,Medium,1,1,0.7156724119176481,High,948,71.57
PO005339,SUP027,P00056,Cabin,36,41697.0,SITE04,2022-01-10,2022-02-21,2022-02-27,42,48,6,3.33,0.8889,0.0,Medium,1,1,0.7156652380240047,High,949,71.57
PO018713,SUP002,P00191,LandingGear,15,16522.05,SITE04,2022-09-12,2022-11-16,2022-11-20,65,69,4,2.47,0.6751,0.0007,Medium,1,1,0.7156570642120949,High,950,71.57
PO017873,SUP025,P00181,Structure,10,9956.5,SITE06,2022-10-03,2022-11-18,2022-11-19,46,47,1,2.38,0.6449,0.0013,Medium,1,1,0.7155882679666277,High,951,71.56
PO002779,SUP016,P00027,Avionics,64,54446.72,SITE06,2024-10-07,2024-11-23,2024-11-26,47,50,3,2.47,0.6704,0.0026,Medium,1,1,0.7154928165165203,High,952,71.55
PO015090,SUP026,P00153,Fasteners,5,11306.45,SITE01,2023-06-19,2023-09-03,2023-09-06,76,79,3,2.42,0.6886,0.0009,Medium,1,1,0.7153737089532705,High,953,71.54
PO019454,SUP026,P00199,Cabin,31,33745.05,SITE02,2022-04-18,2022-07-01,2022-07-02,74,75,1,2.46,0.7349,0.0025,Medium,1,1,0.7153438032125063,High,954,71.53
PO003208,SUP024,P00033,Hydraulics,10,2768.7,SITE04,2023-11-06,2024-01-01,2024-01-02,56,57,1,2.41,0.666,0.0013,Medium,1,1,0.7153076425693212,High,955,71.53
PO025242,SUP013,P00260,Hydraulics,16,21039.52,SITE04,2022-03-21,2022-05-07,2022-05-07,47,47,0,1.92,0.6517,0.0025,Medium,0,1,0.7151968860349317,High,956,71.52
PO016060,SUP009,P00162,LandingGear,6,17688.48,SITE04,2023-06-26,2023-08-06,2023-08-10,41,45,4,2.24,0.686,0.0014,Medium,1,1,0.7151038633436605,High,957,71.51
PO007895,SUP027,P00080,Cabin,23,60846.96,SITE04,2023-04-10,2023-05-21,2023-05-21,41,41,0,2.54,0.6911,0.0004,Medium,0,1,0.7150856659174839,High,958,71.51
PO007901,SUP027,P00080,Cabin,22,58201.44,SITE04,2023-07-03,2023-08-15,2023-08-12,43,40,-3,2.54,0.6909,0.0005,Medium,0,1,0.714721194158643,High,959,71.47
PO000885,SUP040,P00007,Fasteners,8,21321.76,SITE01,2023-05-29,2023-07-10,2023-07-11,42,43,1,2.25,0.6505,0.002,Medium,1,1,0.7145393824949398,High,960,71.45
PO016162,SUP027,P00163,Avionics,15,4423.8,SITE03,2023-09-11,2023-10-19,2023-10-21,38,40,2,2.5,0.6918,0.0006,Medium,1,1,0.7143983755489965,High,961,71.44
PO017598,SUP006,P00178,Fasteners,12,10069.08,SITE05,2024-01-01,2024-03-05,2024-03-08,64,67,3,2.48,0.6703,0.0011,Medium,1,1,0.7142956697895354,High,962,71.43
PO005306,SUP027,P00056,Cabin,10,11582.5,SITE02,2024-07-15,2024-08-31,2024-08-30,47,46,-1,2.48,0.6893,0.0009,Medium,0,1,0.7142643425061488,High,963,71.43
PO022873,SUP002,P00231,Cabin,70,43987.3,SITE06,2022-06-06,2022-08-21,2022-08-20,76,75,-1,2.32,0.68,0.0009,Medium,0,1,0.7141746940343775,High,964,71.42
PO018761,SUP002,P00191,LandingGear,24,26435.28,SITE06,2022-05-09,2022-06-30,2022-06-30,52,52,0,2.49,0.7071,0.0013,Medium,0,1,0.7141384755827762,High,965,71.41
PO015111,SUP026,P00153,Fasteners,7,15829.03,SITE03,2022-01-10,2022-03-09,2022-03-12,58,61,3,2.86,0.5714,0.0,Medium,1,1,0.7141130118532505,High,966,71.41
PO028905,SUP014,P00295,Structure,5,1601.05,SITE01,2022-08-15,2022-09-16,2022-09-19,32,35,3,2.63,0.7345,0.0015,Medium,1,1,0.7139968413218412,High,967,71.4
PO021925,SUP021,P00222,Fasteners,14,34821.78,SITE06,2024-03-25,2024-05-26,2024-05-29,62,65,3,2.5,0.7124,0.0011,Medium,1,1,0.713994950143683,High,968,71.4
PO017120,SUP006,P00175,Cabin,19,17224.83,SITE02,2024-05-06,2024-06-30,2024-07-05,55,60,5,2.5,0.6772,0.001,Medium,1,1,0.7139206780983665,High,969,71.39
PO024194,SUP027,P00248,Avionics,6,1560.3,SITE02,2022-05-30,2022-07-13,2022-07-16,44,47,3,2.72,0.7399,0.0,Medium,1,1,0.7139154310868189,High,970,71.39
PO027537,SUP003,P00280,Cabin,16,23003.2,SITE01,2022-02-07,2022-04-06,2022-04-14,58,66,8,2.25,0.625,0.0,Medium,1,1,0.7138915708311351,High,971,71.39
PO019212,SUP038,P00196,Electrical,5,13447.05,SITE04,2023-11-06,2023-12-12,2023-12-10,36,34,-2,2.25,0.6577,0.0016,Medium,0,1,0.7138579431233124,High,972,71.39
PO020536,SUP009,P00209,Avionics,6,1280.94,SITE04,2024-12-09,2025-01-24,2025-01-25,46,47,1,2.33,0.6942,0.0015,Medium,1,1,0.7137298384375397,High,973,71.37
PO018526,SUP038,P00189,Fasteners,10,21731.9,SITE02,2024-07-01,2024-08-15,2024-08-18,45,48,3,2.32,0.6696,0.0012,Medium,1,1,0.7136332752169545,High,974,71.36
PO000721,SUP002,P00006,Cabin,27,17964.72,SITE02,2022-12-12,2023-02-20,2023-02-23,70,73,3,2.45,0.6903,0.0007,Medium,1,1,0.7136172254128973,High,975,71.36
PO019680,SUP038,P00201,Cabin,18,24386.94,SITE01,2023-08-21,2023-10-11,2023-10-12,51,52,1,2.3,0.6686,0.001,Medium,1,1,0.7136034101559141,High,976,71.36
PO019381,SUP040,P00198,LandingGear,4,4663.8,SITE05,2023-08-21,2023-09-27,2023-09-27,37,37,0,2.3,0.6627,0.0019,Medium,0,1,0.7134008891516296,High,977,71.34
PO003287,SUP021,P00034,Fasteners,7,4792.06,SITE04,2024-02-19,2024-04-16,2024-04-21,57,62,5,2.51,0.7143,0.001,Medium,1,1,0.7132113889796957,High,978,71.32
PO005967,SUP014,P00060,Cabin,25,13664.75,SITE03,2023-05-08,2023-07-03,2023-06-30,56,53,-3,2.45,0.7081,0.001,Medium,0,1,0.7132007291915118,High,979,71.32
PO029127,SUP002,P00297,LandingGear,6,7551.06,SITE03,2022-03-07,2022-05-02,2022-05-02,56,56,0,2.05,0.6364,0.0,Medium,0,1,0.7131967524160934,High,980,71.32
PO001881,SUP027,P00018,Cabin,40,46135.6,SITE02,2024-07-29,2024-09-15,2024-09-20,48,53,5,2.48,0.6901,0.0009,Medium,1,1,0.7129900263922315,High,981,71.3
PO028614,SUP014,P00291,Hydraulics,8,10994.24,SITE04,2024-12-02,2025-01-25,2025-01-29,54,58,4,2.49,0.6926,0.0007,Medium,1,1,0.7128794605800172,High,982,71.29
PO023590,SUP013,P00240,Electrical,9,10011.96,SITE06,2023-03-06,2023-04-18,2023-04-23,43,48,5,2.43,0.6723,0.001,Medium,1,1,0.7128380936000235,High,983,71.28
PO005983,SUP014,P00060,Cabin,21,11478.39,SITE03,2024-09-09,2024-11-02,2024-11-06,54,58,4,2.49,0.6912,0.0007,Medium,1,1,0.7127972316369945,High,984,71.28
PO007841,SUP027,P00080,Cabin,24,63492.48,SITE02,2023-06-05,2023-07-21,2023-07-23,46,48,2,2.54,0.6884,0.0004,Medium,1,1,0.7127078988212047,High,985,71.27
PO016668,SUP015,P00169,Structure,11,8959.61,SITE06,2024-06-03,2024-07-18,2024-07-20,45,47,2,2.56,0.7105,0.0018,Medium,1,1,0.7126976566023603,High,986,71.27
PO004641,SUP006,P00048,Fasteners,20,27680.6,SITE01,2022-12-12,2023-02-15,2023-02-16,65,66,1,2.51,0.6721,0.0008,Medium,1,1,0.7125708876852844,High,987,71.26
PO005944,SUP014,P00060,Cabin,10,5465.9,SITE02,2024-04-15,2024-06-09,2024-06-15,55,61,6,2.46,0.6889,0.0006,Medium,1,1,0.7124935874392399,High,988,71.25
PO007380,SUP006,P00076,Structure,7,8465.73,SITE02,2022-09-19,2022-11-06,2022-11-10,48,52,4,2.45,0.6667,0.0007,Medium,1,1,0.7123935048424297,High,989,71.24
PO002955,SUP023,P00030,Hydraulics,20,5899.2,SITE04,2023-09-25,2023-11-12,2023-11-12,48,48,0,2.62,0.7372,0.0032,Medium,0,1,0.712386639484782,High,990,71.24
PO006465,SUP038,P00065,Fasteners,3,4252.83,SITE05,2024-06-17,2024-08-05,2024-08-09,49,53,4,2.32,0.6684,0.0012,Medium,1,1,0.7121914471658777,High,991,71.22
PO024220,SUP027,P00248,Avionics,7,1820.35,SITE04,2023-11-13,2023-12-22,2023-12-23,39,40,1,2.51,0.6888,0.0006,Medium,1,1,0.7120548935381021,High,992,71.21
PO014974,SUP025,P00151,Hydraulics,2,1939.18,SITE02,2023-01-16,2023-03-04,2023-03-03,47,46,-1,2.5,0.6543,0.0009,Medium,0,1,0.7120501598075129,High,993,71.21
PO018612,SUP038,P00189,Fasteners,19,41290.61,SITE06,2024-11-18,2025-01-03,2025-01-04,46,47,1,2.32,0.671,0.0014,Medium,1,1,0.7119606571453808,High,994,71.2
PO011438,SUP038,P00116,Cabin,4,11695.48,SITE02,2024-09-30,2024-11-24,2024-11-24,55,55,0,2.33,0.6731,0.0015,Medium,0,1,0.7119233991074152,High,995,71.19
PO009805,SUP040,P00100,Avionics,19,9249.96,SITE01,2023-02-06,2023-03-25,2023-03-22,47,44,-3,2.2,0.6616,0.0023,Medium,0,1,0.7118300652215974,High,996,71.18
PO011417,SUP038,P00116,Cabin,19,55553.53,SITE01,2024-10-07,2024-11-24,2024-11-28,48,52,4,2.33,0.6716,0.0015,Medium,1,1,0.7116239752898058,High,997,71.16
PO015827,SUP015,P00159,Structure,9,3371.04,SITE03,2023-01-16,2023-03-01,2023-03-04,44,47,3,2.31,0.6943,0.0008,Medium,1,1,0.7112008295684605,High,998,71.12
PO010056,SUP021,P00101,Cabin,19,20299.22,SITE03,2024-03-18,2024-05-21,2024-05-26,64,69,5,2.51,0.7116,0.0012,Medium,1,1,0.7111543906838691,High,999,71.12
PO019705,SUP038,P00201,Cabin,5,6774.15,SITE02,2024-01-08,2024-02-26,2024-02-26,49,49,0,2.28,0.6637,0.0015,Medium,0,1,0.7111525317507569,High,1000,71.12
PO027604,SUP003,P00280,Cabin,20,28754.0,SITE03,2023-07-17,2023-09-08,2023-09-13,53,58,5,2.28,0.6575,0.0,Medium,1,1,0.7111018161217376,High,1001,71.11
PO022582,SUP040,P00228,Fasteners,8,64574.48,SITE04,2023-07-03,2023-08-17,2023-08-23,45,51,6,2.29,0.664,0.0021,Medium,1,1,0.7110230038518494,High,1002,71.1
PO027611,SUP003,P00280,Cabin,9,12939.3,SITE03,2024-03-18,2024-05-09,2024-05-06,52,49,-3,2.31,0.6553,0.0002,Medium,0,1,0.7109813060558516,High,1003,71.1
PO017974,SUP005,P00183,Avionics,3,9241.74,SITE02,2023-07-17,2023-08-31,2023-09-07,45,52,7,2.53,0.6886,0.0,Medium,1,1,0.7109221400322807,High,1004,71.09
PO020797,SUP005,P00212,Fasteners,13,13792.22,SITE05,2024-05-27,2024-07-14,2024-07-18,48,52,4,2.41,0.6713,0.0003,Medium,1,1,0.7108009212345321,High,1005,71.08
PO021560,SUP017,P00218,Cabin,38,88929.5,SITE05,2024-04-22,2024-05-30,2024-05-30,38,38,0,1.1,0.4103,0.0008,Low,0,1,0.7107565617415124,High,1006,71.08
PO002680,SUP016,P00027,Avionics,12,10208.76,SITE02,2024-03-11,2024-04-21,2024-04-24,41,44,3,2.43,0.6643,0.0033,Medium,1,1,0.7107030612383763,High,1007,71.07
PO000608,SUP024,P00005,Cabin,27,35638.92,SITE04,2024-03-18,2024-05-27,2024-05-30,70,73,3,2.48,0.6768,0.0012,Medium,1,1,0.710685270073622,High,1008,71.07
PO017140,SUP006,P00175,Cabin,21,19037.97,SITE03,2022-09-26,2022-12-02,2022-12-05,67,70,3,2.46,0.6678,0.0007,Medium,1,1,0.7106763151055587,High,1009,71.07
PO016174,SUP027,P00163,Avionics,10,2949.2,SITE03,2024-12-02,2025-01-16,2025-01-14,45,43,-2,2.43,0.6851,0.001,Medium,0,1,0.7106485161641901,High,1010,71.06
PO022805,SUP002,P00231,Cabin,39,24507.21,SITE04,2022-01-17,2022-04-01,2022-04-03,74,76,2,2.38,0.6923,0.0,Medium,1,1,0.7106433411838314,High,1011,71.06
PO026105,SUP009,P00267,Cabin,90,19610.1,SITE06,2023-12-25,2024-02-20,2024-02-22,57,59,2,2.24,0.6765,0.0019,Medium,1,1,0.7105213329194093,High,1012,71.05
PO017973,SUP005,P00183,Avionics,2,6161.16,SITE02,2023-05-29,2023-07-23,2023-07-26,55,58,3,2.54,0.7033,0.0,Medium,1,1,0.7104945234237432,High,1013,71.05
PO007371,SUP006,P00076,Structure,7,8465.73,SITE01,2023-01-30,2023-03-19,2023-03-18,48,47,-1,2.42,0.661,0.0009,Medium,0,1,0.7104387436340533,High,1014,71.04
PO007840,SUP027,P00080,Cabin,10,26455.2,SITE02,2023-03-27,2023-05-18,2023-05-25,52,59,7,2.53,0.6919,0.0004,Medium,1,1,0.7103985790558606,High,1015,71.04
PO012839,SUP014,P00128,Fasteners,13,14331.85,SITE06,2024-03-04,2024-04-18,2024-04-20,45,47,2,2.45,0.6914,0.0007,Medium,1,1,0.7102944055439584,High,1016,71.03
PO016019,SUP009,P00162,LandingGear,7,20636.56,SITE01,2023-02-13,2023-03-20,2023-04-01,35,47,12,2.28,0.6996,0.0011,Medium,1,1,0.7102745406121318,High,1017,71.03
PO018567,SUP038,P00189,Fasteners,10,21731.9,SITE04,2024-10-21,2024-12-07,2024-12-07,47,47,0,2.33,0.6707,0.0015,Medium,0,1,0.7102647470160793,High,1018,71.03
PO008359,SUP009,P00084,Avionics,9,6285.33,SITE02,2023-05-22,2023-07-17,2023-07-19,56,58,2,2.26,0.6809,0.0009,Medium,1,1,0.7102550462588313,High,1019,71.03
PO025283,SUP013,P00260,Hydraulics,7,9204.79,SITE06,2024-12-02,2025-01-21,2025-01-22,50,51,1,2.43,0.6872,0.0015,Medium,1,1,0.7102450927538154,High,1020,71.02
PO014435,SUP005,P00145,Hydraulics,2,7217.92,SITE03,2022-04-18,2022-06-05,2022-06-12,48,55,7,2.37,0.6471,0.0,Medium,1,1,0.7100911142063998,High,1021,71.01
PO007179,SUP006,P00072,Fasteners,2,11552.64,SITE05,2022-08-15,2022-10-09,2022-10-11,55,57,2,2.39,0.6509,0.0004,Medium,1,1,0.7100523710822472,High,1022,71.01
PO023910,SUP009,P00245,LandingGear,10,12453.5,SITE02,2022-08-22,2022-10-05,2022-10-05,44,44,0,2.46,0.7518,0.0016,Medium,0,1,0.7100286049082738,High,1023,71.0
PO001890,SUP027,P00018,Cabin,7,8073.73,SITE03,2022-04-11,2022-05-28,2022-06-03,47,53,6,2.46,0.7155,0.0,Medium,1,1,0.7099459314522737,High,1024,70.99
PO008489,SUP039,P00085,Cabin,3,17121.63,SITE02,2022-07-25,2022-09-08,2022-09-14,45,51,6,2.41,0.6471,0.0,Medium,1,1,0.7099124121873879,High,1025,70.99
PO003256,SUP021,P00034,Fasteners,5,3422.9,SITE01,2024-07-15,2024-09-07,2024-09-06,54,53,-1,2.53,0.71,0.0011,Medium,0,1,0.709889265222013,High,1026,70.99
PO026526,SUP006,P00270,Electrical,6,19774.86,SITE06,2022-08-22,2022-10-09,2022-10-10,48,49,1,2.4,0.6557,0.0004,Medium,1,1,0.709713239880345,High,1027,70.97
PO029482,SUP003,P00299,Fasteners,7,4847.29,SITE04,2024-08-19,2024-10-02,2024-09-30,44,42,-2,2.26,0.6549,0.0002,Medium,0,1,0.7096777425089936,High,1028,70.97
PO001546,SUP040,P00014,Hydraulics,23,4326.3,SITE04,2022-12-19,2023-02-03,2023-01-31,46,43,-3,2.23,0.6667,0.0023,Medium,0,1,0.7095402744531344,High,1029,70.95
PO009293,SUP025,P00092,Avionics,5,1303.0,SITE05,2024-09-16,2024-10-28,2024-10-30,42,44,2,2.47,0.6816,0.0018,Medium,1,1,0.7094830341093458,High,1030,70.95
PO006033,SUP014,P00060,Cabin,12,6559.08,SITE05,2022-11-28,2023-01-12,2023-01-17,45,50,5,2.6,0.746,0.0009,Medium,1,1,0.7094654715089349,High,1031,70.95
PO002017,SUP027,P00018,Cabin,28,32294.92,SITE06,2024-10-28,2024-12-19,2024-12-22,52,55,3,2.46,0.6916,0.0009,Medium,1,1,0.7094167355798668,High,1032,70.94
PO017177,SUP006,P00175,Cabin,60,54394.2,SITE04,2022-11-28,2023-01-24,2023-01-30,57,63,6,2.49,0.6676,0.0008,Medium,1,1,0.7093545108829373,High,1033,70.94
PO028500,SUP002,P00290,LandingGear,1,1164.96,SITE01,2023-09-18,2023-11-12,2023-11-16,55,59,4,2.51,0.694,0.0011,Medium,1,1,0.7093183317489122,High,1034,70.93
PO025922,SUP009,P00267,Cabin,10,2178.9,SITE01,2022-07-04,2022-08-31,2022-09-01,58,59,1,2.46,0.7458,0.0015,Medium,1,1,0.7093100438118392,High,1035,70.93
PO003828,SUP026,P00040,Structure,34,5661.34,SITE04,2022-01-03,2022-02-25,2022-03-01,53,57,4,0.0,0.0,0.0,Medium,1,1,0.7092772660156382,High,1036,70.93
PO022677,SUP040,P00230,Avionics,12,3782.52,SITE04,2022-02-21,2022-04-13,2022-04-13,51,51,0,2.49,0.7206,0.0,Medium,0,1,0.709188633428343,High,1037,70.92
PO024138,SUP003,P00246,LandingGear,9,8939.88,SITE06,2023-05-01,2023-06-03,2023-06-04,33,34,1,2.3,0.6452,0.0,Medium,1,1,0.709082466167576,High,1038,70.91
PO023946,SUP009,P00245,LandingGear,16,19925.6,SITE04,2022-06-13,2022-07-23,2022-07-28,40,45,5,2.26,0.7143,0.0019,Medium,1,1,0.7090753035881966,High,1039,70.91
PO000787,SUP002,P00006,Cabin,82,54559.52,SITE04,2022-10-17,2022-12-29,2023-01-02,73,77,4,2.48,0.6861,0.0006,Medium,1,1,0.7088593163215317,High,1040,70.89
PO026543,SUP006,P00270,Electrical,11,36253.91,SITE06,2024-07-08,2024-09-03,2024-09-01,57,55,-2,2.5,0.6804,0.001,Medium,0,1,0.7087643934631374,High,1041,70.88
PO000784,SUP002,P00006,Cabin,30,19960.8,SITE04,2022-06-27,2022-09-04,2022-09-01,69,66,-3,2.37,0.669,0.0006,Medium,0,1,0.7086149494066907,High,1042,70.86
PO017137,SUP006,P00175,Cabin,14,12691.98,SITE03,2022-06-13,2022-08-18,2022-08-16,66,64,-2,2.48,0.6609,0.0,Medium,0,1,0.7085624131768834,High,1043,70.86
PO029415,SUP003,P00299,Fasteners,7,4847.29,SITE01,2023-12-04,2024-01-08,2024-01-12,35,39,4,2.28,0.661,0.0002,Medium,1,1,0.7085553369582662,High,1044,70.86
PO001722,SUP022,P00016,LandingGear,35,71545.25,SITE06,2023-09-18,2023-10-04,2023-10-01,16,13,-3,1.15,0.4309,0.0004,Low,0,1,0.7084872942498691,High,1045,70.85
PO026550,SUP023,P00271,Cabin,3,13848.27,SITE01,2022-04-25,2022-06-30,2022-07-04,66,70,4,2.83,0.6897,0.0,Medium,1,1,0.7084792121216106,High,1046,70.85
PO018002,SUP005,P00183,Avionics,9,27725.22,SITE06,2022-01-10,2022-03-01,2022-02-28,50,49,-1,2.0,0.5,0.0,Medium,0,1,0.7084492186832598,High,1047,70.84
PO009717,SUP013,P00098,Electrical,3,3144.06,SITE02,2022-12-12,2023-01-27,2023-01-29,46,48,2,2.44,0.6832,0.001,Medium,1,1,0.7084200336700337,High,1048,70.84
PO002928,SUP023,P00030,Hydraulics,5,1474.8,SITE03,2022-12-12,2023-01-29,2023-02-04,48,54,6,2.99,0.7952,0.0052,Medium,1,1,0.7083792782810238,High,1049,70.84
PO019372,SUP040,P00198,LandingGear,11,12825.45,SITE04,2024-06-24,2024-08-02,2024-07-30,39,36,-3,2.27,0.6573,0.0018,Medium,0,1,0.7083457399890506,High,1050,70.83
PO027754,SUP021,P00281,Fasteners,4,40422.32,SITE05,2022-12-12,2023-02-08,2023-02-06,58,56,-2,2.51,0.7533,0.0008,Medium,0,1,0.7082979792504343,High,1051,70.83
PO024028,SUP003,P00246,LandingGear,9,8939.88,SITE01,2023-01-23,2023-02-25,2023-02-26,33,34,1,2.22,0.6101,0.0,Medium,1,1,0.7082806878306879,High,1052,70.83
PO026573,SUP023,P00271,Cabin,10,46160.9,SITE03,2023-01-30,2023-04-08,2023-04-09,68,69,1,2.99,0.8,0.0045,Medium,1,1,0.7082333636796165,High,1053,70.82
PO001021,SUP018,P00008,Avionics,20,5793.2,SITE02,2023-04-24,2023-06-14,2023-06-11,51,48,-3,2.22,0.6996,0.0012,Medium,0,1,0.7082239348928354,High,1054,70.82
PO029495,SUP003,P00299,Fasteners,8,5539.76,SITE05,2023-02-06,2023-03-10,2023-03-07,32,29,-3,2.27,0.625,0.0,Medium,0,1,0.7081982000590376,High,1055,70.82
PO012824,SUP014,P00128,Fasteners,28,30868.6,SITE06,2022-11-28,2023-01-08,2023-01-14,41,47,6,2.59,0.7441,0.0009,Medium,1,1,0.7079574052172611,High,1056,70.8
PO019554,SUP026,P00199,Cabin,8,8708.4,SITE05,2022-01-31,2022-04-13,2022-04-12,72,71,-1,2.56,0.68,0.0,Medium,0,1,0.7078773833612866,High,1057,70.79
PO019697,SUP038,P00201,Cabin,17,23032.11,SITE02,2023-04-17,2023-06-05,2023-06-10,49,54,5,2.28,0.6611,0.001,Medium,1,1,0.7078316905039952,High,1058,70.78
PO019173,SUP038,P00196,Electrical,8,21515.28,SITE01,2023-05-22,2023-07-04,2023-07-07,43,46,3,2.3,0.6652,0.0011,Medium,1,1,0.7077394400319166,High,1059,70.77
PO018035,SUP016,P00184,Avionics,16,6783.84,SITE02,2023-06-05,2023-07-21,2023-07-20,46,45,-1,2.34,0.6578,0.0042,Medium,0,1,0.7077317556654041,High,1060,70.77
PO004526,SUP018,P00046,Avionics,21,3656.52,SITE05,2024-03-25,2024-05-16,2024-05-23,52,59,7,2.25,0.6826,0.0011,Medium,1,1,0.7075712124149366,High,1061,70.76
PO013190,SUP039,P00133,Electrical,15,46645.5,SITE06,2022-08-08,2022-09-13,2022-09-15,36,38,2,2.55,0.6727,0.0,Medium,1,1,0.7075148941146013,High,1062,70.75
PO023346,SUP040,P00238,Cabin,29,20271.29,SITE06,2024-04-22,2024-06-20,2024-06-23,59,62,3,2.28,0.6538,0.0019,Medium,1,1,0.7074026925326706,High,1063,70.74
PO024412,SUP013,P00251,Hydraulics,5,9855.95,SITE03,2022-09-19,2022-11-04,2022-11-03,46,45,-1,2.38,0.6817,0.0011,Medium,0,1,0.7073117810117123,High,1064,70.73
PO010028,SUP021,P00101,Cabin,21,22435.98,SITE02,2024-08-05,2024-10-10,2024-10-10,66,66,0,2.54,0.7088,0.0011,Medium,0,1,0.7072022006418687,High,1065,70.72
PO013465,SUP038,P00137,Fasteners,27,21440.97,SITE01,2023-04-17,2023-06-09,2023-06-07,53,51,-2,2.28,0.6611,0.001,Medium,0,1,0.7069867705719527,High,1066,70.7
PO004680,SUP006,P00048,Fasteners,35,48441.05,SITE02,2024-01-22,2024-03-26,2024-03-28,64,66,2,2.49,0.6711,0.0011,Medium,1,1,0.7069831597278563,High,1067,70.7
PO009870,SUP040,P00100,Avionics,19,9249.96,SITE04,2022-02-21,2022-04-07,2022-04-11,45,49,4,2.58,0.7258,0.0,Medium,1,1,0.7069774089517017,High,1068,70.7
PO028627,SUP014,P00291,Hydraulics,14,19239.92,SITE06,2022-04-25,2022-06-14,2022-06-20,50,56,6,2.65,0.7159,0.0024,Medium,1,1,0.7069568103565445,High,1069,70.7
PO017153,SUP006,P00175,Cabin,24,21757.68,SITE03,2024-01-01,2024-02-28,2024-03-02,58,61,3,2.48,0.6703,0.0011,Medium,1,1,0.7068183454586129,High,1070,70.68
PO015712,SUP024,P00158,Structure,6,11299.68,SITE04,2022-03-21,2022-05-13,2022-05-13,53,53,0,2.35,0.6933,0.0016,Medium,0,1,0.7067486072271725,High,1071,70.67
PO014561,SUP026,P00147,Hydraulics,2,869.1,SITE01,2024-07-01,2024-08-30,2024-09-02,60,63,3,2.42,0.6973,0.0011,Medium,1,1,0.7066237562293497,High,1072,70.66
PO017522,SUP006,P00178,Fasteners,12,10069.08,SITE02,2022-03-28,2022-05-25,2022-05-28,58,61,3,2.71,0.6771,0.0,Medium,1,1,0.7065291319973054,High,1073,70.65
PO019869,SUP024,P00203,Fasteners,12,15709.92,SITE01,2023-07-03,2023-08-26,2023-09-02,54,61,7,2.3,0.6611,0.0016,Medium,1,1,0.7064794541898649,High,1074,70.65
PO029346,SUP006,P00298,Avionics,16,4883.2,SITE05,2022-06-27,2022-08-21,2022-08-28,55,62,7,2.42,0.658,0.0,Medium,1,1,0.7062047396115738,High,1075,70.62
PO022720,SUP002,P00231,Cabin,5,3141.95,SITE01,2022-04-11,2022-06-16,2022-06-22,66,72,6,2.24,0.6933,0.0024,Medium,1,1,0.7060450107503288,High,1076,70.6
PO000924,SUP040,P00007,Fasteners,5,13326.1,SITE04,2022-04-25,2022-06-09,2022-06-07,45,43,-2,2.19,0.6385,0.0032,Medium,0,1,0.7059987004548407,High,1077,70.6
PO000848,SUP002,P00006,Cabin,13,8649.68,SITE06,2022-06-06,2022-08-16,2022-08-16,71,71,0,2.36,0.6885,0.0009,Medium,0,1,0.7059038407413051,High,1078,70.59
PO005600,SUP013,P00057,Avionics,15,1772.7,SITE06,2024-10-14,2024-12-14,2024-12-11,61,58,-3,2.42,0.6876,0.0015,Medium,0,1,0.7058506595872637,High,1079,70.59
PO019719,SUP038,P00201,Cabin,16,21677.28,SITE03,2022-10-03,2022-11-23,2022-11-23,51,51,0,2.22,0.6625,0.0008,Medium,0,1,0.7057075746311798,High,1080,70.57
PO005593,SUP013,P00057,Avionics,13,1536.34,SITE06,2023-09-25,2023-11-17,2023-11-18,53,54,1,2.41,0.686,0.0015,Medium,1,1,0.7056982460178709,High,1081,70.57
PO024851,SUP038,P00257,Cabin,10,10578.7,SITE01,2022-07-11,2022-09-06,2022-09-09,57,60,3,2.22,0.6747,0.001,Medium,1,1,0.7056708962271062,High,1082,70.57
PO012551,SUP026,P00126,Electrical,5,12469.3,SITE05,2022-07-25,2022-09-08,2022-09-08,45,45,0,2.64,0.7552,0.0008,Medium,0,1,0.7055010881614643,High,1083,70.55
PO011864,SUP013,P00120,Fasteners,20,26698.6,SITE06,2023-07-17,2023-08-27,2023-09-04,41,49,8,2.41,0.6824,0.0017,Medium,1,1,0.7054985996927889,High,1084,70.55
PO013605,SUP040,P00138,LandingGear,8,19035.28,SITE01,2022-04-11,2022-05-16,2022-05-19,35,38,3,2.18,0.6491,0.0031,Medium,1,1,0.7054562723940299,High,1085,70.55
PO000965,SUP040,P00007,Fasteners,10,26652.2,SITE06,2022-06-20,2022-08-01,2022-07-31,42,41,-1,2.23,0.6473,0.0019,Medium,0,1,0.7054283570737517,High,1086,70.54
PO010181,SUP016,P00102,Electrical,5,5356.25,SITE03,2022-01-31,2022-02-28,2022-03-05,28,33,5,2.62,0.75,0.0,Medium,1,1,0.7052810256719173,High,1087,70.53
PO029023,SUP014,P00295,Structure,23,7364.83,SITE06,2024-06-03,2024-07-07,2024-07-07,34,34,0,2.4,0.6831,0.0006,Medium,0,1,0.7052619754505133,High,1088,70.53
PO017933,SUP005,P00182,Engine,7,2603.86,SITE04,2023-07-24,2023-09-09,2023-09-11,47,49,2,2.52,0.681,0.0,Medium,1,1,0.7051196189708195,High,1089,70.51
PO027358,SUP013,P00277,Electrical,10,12307.7,SITE06,2024-01-15,2024-03-01,2024-02-29,46,45,-1,2.41,0.6876,0.0017,Medium,0,1,0.7049433837664768,High,1090,70.49
PO025136,SUP016,P00259,Fasteners,5,8068.3,SITE01,2023-12-25,2024-02-10,2024-02-15,47,52,5,2.42,0.6615,0.0033,Medium,1,1,0.7048168221633772,High,1091,70.48
PO023957,SUP009,P00245,LandingGear,15,18680.25,SITE04,2023-07-31,2023-09-12,2023-09-19,43,50,7,2.23,0.6839,0.0022,Medium,1,1,0.7046710395037877,High,1092,70.47
PO022410,SUP027,P00226,Hydraulics,3,3404.61,SITE05,2023-12-25,2024-01-27,2024-01-28,33,34,1,2.52,0.6924,0.0005,Medium,1,1,0.7046457245171247,High,1093,70.46
PO015862,SUP015,P00159,Structure,13,4869.28,SITE04,2023-12-18,2024-01-27,2024-01-30,40,43,3,2.45,0.7007,0.0023,Medium,1,1,0.7042803009177632,High,1094,70.43
PO009096,SUP039,P00090,Avionics,5,1418.75,SITE05,2023-10-09,2023-11-14,2023-11-11,36,33,-3,2.56,0.7059,0.0027,Medium,0,1,0.7042255908068823,High,1095,70.42
PO004705,SUP006,P00048,Fasteners,6,8304.18,SITE03,2024-02-26,2024-04-30,2024-05-04,64,68,4,2.45,0.6667,0.001,Medium,1,1,0.7042209811297443,High,1096,70.42
PO001821,SUP027,P00018,Cabin,18,20761.02,SITE01,2022-05-16,2022-06-30,2022-07-06,45,51,6,2.57,0.7171,0.0,Medium,1,1,0.7041632390771264,High,1097,70.42
PO027375,SUP022,P00278,Fasteners,9,49013.19,SITE01,2023-04-24,2023-05-17,2023-05-18,23,24,1,1.08,0.4195,0.0002,Low,1,1,0.7041211953276607,High,1098,70.41
PO002189,SUP015,P00021,Hydraulics,1,415.37,SITE02,2022-12-26,2023-02-12,2023-02-14,48,50,2,2.28,0.6939,0.0009,Medium,1,1,0.7039709027356085,High,1099,70.4
PO007375,SUP006,P00076,Structure,17,20559.63,SITE01,2023-08-07,2023-10-02,2023-10-09,56,63,7,2.49,0.6672,0.0009,Medium,1,1,0.70386262671389,High,1100,70.39
PO002789,SUP017,P00028,Engine,3,1415.73,SITE01,2023-10-16,2023-11-14,2023-11-19,29,34,5,1.09,0.4219,0.0005,Low,1,1,0.703778372682606,High,1101,70.38
PO027693,SUP003,P00280,Cabin,20,28754.0,SITE06,2022-08-22,2022-10-06,2022-10-13,45,52,7,2.15,0.6047,0.0,Medium,1,1,0.7036607804923816,High,1102,70.37
PO023931,SUP009,P00245,LandingGear,9,11208.15,SITE03,2023-04-10,2023-05-20,2023-05-22,40,42,2,2.31,0.6968,0.001,Medium,1,1,0.7036330600094407,High,1103,70.36
PO019729,SUP038,P00201,Cabin,20,27096.6,SITE03,2024-01-08,2024-02-23,2024-02-22,46,45,-1,2.28,0.6627,0.0015,Medium,0,1,0.7035417446191188,High,1104,70.35
PO013175,SUP039,P00133,Electrical,4,12438.8,SITE05,2022-11-21,2022-12-23,2022-12-23,32,32,0,2.69,0.7033,0.0,Medium,0,1,0.7035239473289008,High,1105,70.35
PO004967,SUP027,P00052,Electrical,12,14112.84,SITE02,2023-09-18,2023-10-15,2023-10-15,27,27,0,2.5,0.693,0.0006,Medium,0,1,0.7034953612639703,High,1106,70.35
PO021893,SUP021,P00222,Fasteners,21,52232.67,SITE04,2024-07-29,2024-09-22,2024-09-22,55,55,0,2.52,0.7084,0.0011,Medium,0,1,0.7032062918738462,High,1107,70.32
PO021026,SUP024,P00215,Fasteners,10,22867.9,SITE02,2022-09-12,2022-11-12,2022-11-11,61,60,-1,2.23,0.6416,0.0009,Medium,0,1,0.703197192395392,High,1108,70.32
PO014568,SUP026,P00147,Hydraulics,7,3041.85,SITE02,2023-07-17,2023-09-12,2023-09-16,57,61,4,2.44,0.6925,0.0011,Medium,1,1,0.7031587689570448,High,1109,70.32
PO014626,SUP026,P00147,Hydraulics,19,8256.45,SITE06,2022-03-28,2022-05-24,2022-05-30,57,63,6,2.45,0.7313,0.0,Medium,1,1,0.7030260429825397,High,1110,70.3
PO019226,SUP038,P00196,Electrical,4,10757.64,SITE05,2023-10-09,2023-11-23,2023-11-23,45,45,0,2.24,0.6561,0.0017,Medium,0,1,0.703005974612067,High,1111,70.3
PO023259,SUP040,P00238,Cabin,7,4893.07,SITE03,2022-08-29,2022-10-21,2022-10-31,53,63,10,2.31,0.669,0.0019,Medium,1,1,0.7029433452826005,High,1112,70.29
PO019185,SUP038,P00196,Electrical,4,10757.64,SITE02,2023-11-27,2024-01-12,2024-01-14,46,48,2,2.24,0.656,0.0016,Medium,1,1,0.7028545152006949,High,1113,70.29
PO022759,SUP002,P00231,Cabin,32,20108.48,SITE02,2023-02-20,2023-04-25,2023-04-27,64,66,2,2.5,0.6928,0.0007,Medium,1,1,0.7028413823607721,High,1114,70.28
PO023337,SUP040,P00238,Cabin,32,22368.32,SITE06,2023-08-28,2023-10-29,2023-10-31,62,64,2,2.3,0.6603,0.0019,Medium,1,1,0.7028042078742692,High,1115,70.28
PO000773,SUP002,P00006,Cabin,15,9980.4,SITE03,2024-09-16,2024-11-23,2024-12-01,68,76,8,2.55,0.708,0.0009,Medium,1,1,0.7027900211448861,High,1116,70.28
PO020716,SUP005,P00212,Fasteners,6,6365.64,SITE02,2022-12-05,2023-01-17,2023-01-22,43,48,5,2.54,0.6763,0.0,Medium,1,1,0.7026719844108325,High,1117,70.27
PO019466,SUP026,P00199,Cabin,21,22859.55,SITE02,2023-01-23,2023-03-30,2023-03-31,66,67,1,2.33,0.6938,0.001,Medium,1,1,0.7026309211221142,High,1118,70.26
PO003860,SUP026,P00040,Structure,33,5494.83,SITE04,2024-09-02,2024-10-28,2024-11-01,56,60,4,2.49,0.7054,0.0012,Medium,1,1,0.702349379421057,High,1119,70.23
PO016234,SUP027,P00163,Avionics,22,6488.24,SITE06,2022-12-12,2023-01-26,2023-01-24,45,43,-2,2.6,0.7032,0.0004,Medium,0,1,0.7023491257240309,High,1120,70.23
PO022782,SUP002,P00231,Cabin,14,8797.46,SITE03,2022-10-03,2022-12-19,2022-12-21,77,79,2,2.48,0.6869,0.0006,Medium,1,1,0.7022985107169549,High,1121,70.23
PO018311,SUP040,P00186,Fasteners,12,11570.64,SITE06,2024-05-13,2024-06-25,2024-06-27,43,45,2,2.27,0.6537,0.0019,Medium,1,1,0.7021973617393209,High,1122,70.22
PO005580,SUP013,P00057,Avionics,12,1418.16,SITE06,2022-10-10,2022-12-01,2022-12-04,52,55,3,2.42,0.6828,0.001,Medium,1,1,0.702048593717602,High,1123,70.2
PO002187,SUP015,P00021,Hydraulics,17,7061.29,SITE01,2024-12-23,2025-02-10,2025-02-12,49,51,2,2.56,0.7007,0.0018,Medium,1,1,0.7019244758509466,High,1124,70.19
PO017534,SUP006,P00178,Fasteners,4,3356.36,SITE02,2024-10-21,2024-12-14,2024-12-22,54,62,8,2.48,0.6862,0.0011,Medium,1,1,0.7018294634680388,High,1125,70.18
PO009155,SUP024,P00091,Electrical,6,10270.8,SITE03,2023-12-25,2024-01-31,2024-02-01,37,38,1,2.41,0.6684,0.0012,Medium,1,1,0.7017689160001349,High,1126,70.18
PO024074,SUP003,P00246,LandingGear,9,8939.88,SITE03,2023-01-16,2023-02-23,2023-02-22,38,37,-1,2.26,0.6186,0.0,Medium,0,1,0.7017448513749588,High,1127,70.17
PO017627,SUP006,P00178,Fasteners,13,10908.17,SITE06,2024-07-01,2024-08-31,2024-09-01,61,62,1,2.51,0.6783,0.001,Medium,1,1,0.7017366498422082,High,1128,70.17
PO003292,SUP021,P00034,Fasteners,4,2738.32,SITE05,2022-12-26,2023-02-14,2023-02-13,50,49,-1,2.5,0.7532,0.0008,Medium,0,1,0.7016882505431822,High,1129,70.17
PO029007,SUP014,P00295,Structure,37,11847.77,SITE06,2023-02-06,2023-03-14,2023-03-13,36,35,-1,2.45,0.7143,0.0009,Medium,0,1,0.7016409802686636,High,1130,70.16
PO004917,SUP013,P00051,LandingGear,3,26862.93,SITE03,2022-12-12,2023-01-17,2023-01-22,36,41,5,2.44,0.6834,0.001,Medium,1,1,0.7015973819368558,High,1131,70.16
PO004918,SUP013,P00051,LandingGear,3,26862.93,SITE03,2023-03-13,2023-04-28,2023-04-30,46,48,2,2.43,0.673,0.001,Medium,1,1,0.7010758665575864,High,1132,70.11
PO003305,SUP021,P00034,Fasteners,12,8214.96,SITE06,2023-05-08,2023-07-02,2023-07-04,55,57,2,2.52,0.7227,0.0014,Medium,1,1,0.701021917902187,High,1133,70.1
PO021671,SUP023,P00220,Electrical,2,17986.0,SITE04,2022-06-27,2022-08-08,2022-08-10,42,44,2,3.0,0.7805,0.0038,Medium,1,1,0.7008300818041454,High,1134,70.08
PO010128,SUP021,P00101,Cabin,9,9615.42,SITE05,2024-11-04,2025-01-05,2025-01-08,62,65,3,2.47,0.7029,0.0011,Medium,1,1,0.7008038127513369,High,1135,70.08
PO022831,SUP002,P00231,Cabin,39,24507.21,SITE04,2024-03-18,2024-05-22,2024-05-26,65,69,4,2.54,0.7011,0.001,Medium,1,1,0.7006481653014812,High,1136,70.06
PO019235,SUP038,P00196,Electrical,2,5378.82,SITE06,2023-03-20,2023-04-28,2023-04-30,39,41,2,2.26,0.6581,0.0008,Medium,1,1,0.7005793009525895,High,1137,70.06
PO029276,SUP006,P00298,Avionics,21,6409.2,SITE03,2022-01-03,2022-03-08,2022-03-10,64,66,2,3.62,0.625,0.0,Medium,1,1,0.700474957543099,High,1138,70.05
PO000947,SUP040,P00007,Fasteners,6,15991.32,SITE05,2022-11-07,2022-12-28,2022-12-26,51,49,-2,2.23,0.6611,0.0015,Medium,0,1,0.7003194456108708,High,1139,70.03
PO019791,SUP038,P00201,Cabin,58,78580.14,SITE06,2022-05-16,2022-07-05,2022-07-05,50,50,0,2.0,0.6514,0.0,Medium,0,1,0.7001826149531383,High,1140,70.02
PO009731,SUP013,P00098,Electrical,7,7336.14,SITE04,2023-02-20,2023-04-04,2023-04-08,43,47,4,2.41,0.6747,0.0011,Medium,1,1,0.700172978205462,High,1141,70.02
PO026503,SUP006,P00270,Electrical,8,26366.48,SITE04,2023-05-01,2023-06-22,2023-06-22,52,52,0,2.45,0.6607,0.001,Medium,0,1,0.7001474591370199,High,1142,70.01
PO019020,SUP025,P00194,Structure,12,4420.08,SITE03,2022-10-31,2022-12-11,2022-12-11,41,41,0,2.41,0.6599,0.0011,Medium,0,1,0.6998668180582914,Medium,1143,69.99
PO000654,SUP024,P00005,Cabin,17,22439.32,SITE06,2022-02-14,2022-04-16,2022-04-13,61,58,-3,2.48,0.7143,0.0556,Medium,0,1,0.6997341178871066,Medium,1144,69.97
PO013140,SUP039,P00133,Electrical,5,15548.5,SITE02,2023-07-31,2023-09-03,2023-09-05,34,36,2,2.62,0.7086,0.001,Medium,1,1,0.6997163859448341,Medium,1145,69.97
PO015764,SUP024,P00158,Structure,6,11299.68,SITE06,2022-10-31,2022-12-31,2023-01-04,61,65,4,2.2,0.6498,0.0013,Medium,1,1,0.6996827263085258,Medium,1146,69.97
PO020012,SUP024,P00203,Fasteners,99,129606.84,SITE06,2024-01-01,2024-03-02,2024-03-06,61,65,4,2.41,0.6708,0.0012,Medium,1,1,0.6995543564947079,Medium,1147,69.96
PO013173,SUP039,P00133,Electrical,6,18658.2,SITE05,2022-03-28,2022-04-27,2022-04-29,30,32,2,2.0,0.5294,0.0,Medium,1,1,0.6994666309871561,Medium,1148,69.95
PO015793,SUP015,P00159,Structure,11,4120.16,SITE01,2022-11-21,2022-12-29,2022-12-30,38,39,1,2.38,0.7164,0.0011,Medium,1,1,0.699459794110881,Medium,1149,69.95
PO005066,SUP006,P00053,Engine,3,1503.45,SITE02,2023-01-30,2023-04-05,2023-04-04,65,64,-1,2.42,0.6618,0.0009,Medium,0,1,0.6994495478040103,Medium,1150,69.94
PO000549,SUP024,P00005,Cabin,21,27719.16,SITE03,2022-04-04,2022-06-04,2022-06-13,61,70,9,2.25,0.6552,0.0012,Medium,1,1,0.6994377374211334,Medium,1151,69.94
PO020544,SUP009,P00209,Avionics,9,1921.41,SITE05,2024-04-15,2024-06-08,2024-06-12,54,58,4,2.19,0.668,0.0016,Medium,1,1,0.6994329643758633,Medium,1152,69.94
PO015161,SUP026,P00153,Fasteners,41,92712.89,SITE06,2022-07-04,2022-09-17,2022-09-20,75,78,3,2.64,0.7557,0.0008,Medium,1,1,0.6991943573770385,Medium,1153,69.92
PO016508,SUP023,P00167,Avionics,9,3278.52,SITE04,2023-04-17,2023-06-14,2023-06-15,58,59,1,2.75,0.7876,0.0036,Medium,1,1,0.6991361241434539,Medium,1154,69.91
PO023220,SUP040,P00238,Cabin,21,14679.21,SITE01,2022-01-10,2022-03-09,2022-03-08,58,57,-1,2.75,0.75,0.0,Medium,0,1,0.6990709979551679,Medium,1155,69.91
PO019093,SUP025,P00194,Structure,11,4051.74,SITE06,2022-05-02,2022-06-13,2022-06-14,42,43,1,2.5,0.6667,0.0023,Medium,1,1,0.6989996936564651,Medium,1156,69.9
PO005176,SUP027,P00054,Fasteners,22,89319.34,SITE05,2024-04-29,2024-06-11,2024-06-16,43,48,5,2.51,0.6895,0.0008,Medium,1,1,0.6989122491870772,Medium,1157,69.89
PO022417,SUP027,P00226,Hydraulics,7,7944.09,SITE06,2022-01-31,2022-03-09,2022-03-09,37,37,0,2.73,0.7667,0.0,Medium,0,1,0.6988056849619446,Medium,1158,69.88
PO009304,SUP025,P00092,Avionics,21,5472.6,SITE06,2022-08-08,2022-09-28,2022-10-05,51,58,7,2.39,0.6729,0.0009,Medium,1,1,0.698793665103766,Medium,1159,69.88
PO006913,SUP027,P00070,Electrical,31,23185.83,SITE03,2024-09-09,2024-10-04,2024-10-10,25,31,6,2.46,0.6903,0.0009,Medium,1,1,0.6985237916290333,Medium,1160,69.85
PO001590,SUP040,P00014,Hydraulics,19,3573.9,SITE06,2024-05-27,2024-07-05,2024-07-13,39,47,8,2.27,0.657,0.0019,Medium,1,1,0.6984031502239672,Medium,1161,69.84
PO018238,SUP040,P00186,Fasteners,20,19284.4,SITE01,2022-08-29,2022-10-10,2022-10-11,42,43,1,2.32,0.6691,0.0019,Medium,1,1,0.6983126714213725,Medium,1162,69.83
PO002936,SUP023,P00030,Hydraulics,7,2064.72,SITE03,2024-08-19,2024-10-10,2024-10-11,52,53,1,2.65,0.7366,0.0035,Medium,1,1,0.6982704182914774,Medium,1163,69.83
PO001090,SUP018,P00008,Avionics,7,2027.62,SITE05,2023-02-06,2023-03-29,2023-04-01,51,54,3,2.23,0.6981,0.0015,Medium,1,1,0.6982561146088434,Medium,1164,69.83
PO029329,SUP006,P00298,Avionics,10,3052.0,SITE04,2023-09-18,2023-11-16,2023-11-16,59,59,0,2.48,0.6677,0.0012,Medium,0,1,0.6981925819163487,Medium,1165,69.82
PO004704,SUP006,P00048,Fasteners,7,9688.21,SITE03,2023-11-06,2024-01-07,2024-01-05,62,60,-2,2.49,0.6671,0.0011,Medium,0,1,0.6979873575964567,Medium,1166,69.8
PO009976,SUP021,P00101,Cabin,27,28846.26,SITE01,2023-01-23,2023-03-28,2023-03-26,64,62,-2,2.42,0.7317,0.0007,Medium,0,1,0.6976389724813594,Medium,1167,69.76
PO010118,SUP021,P00101,Cabin,26,27777.88,SITE05,2023-10-23,2023-12-23,2023-12-25,61,63,2,2.58,0.7294,0.0012,Medium,1,1,0.6976188825117948,Medium,1168,69.76
PO017160,SUP006,P00175,Cabin,23,20851.11,SITE03,2024-08-26,2024-10-26,2024-10-27,61,62,1,2.5,0.6867,0.0012,Medium,1,1,0.697501321159505,Medium,1169,69.75
PO023586,SUP013,P00240,Electrical,14,15574.16,SITE06,2022-10-31,2022-12-10,2022-12-16,40,46,6,2.42,0.6853,0.0009,Medium,1,1,0.6973242892660266,Medium,1170,69.73
PO000723,SUP002,P00006,Cabin,4,2661.44,SITE02,2023-01-09,2023-03-21,2023-03-18,71,68,-3,2.47,0.6915,0.0009,Medium,0,1,0.6973128314477893,Medium,1171,69.73
PO003905,SUP026,P00040,Structure,14,2331.14,SITE06,2023-02-20,2023-04-24,2023-04-29,63,68,5,2.32,0.6934,0.0012,Medium,1,1,0.6971946164254896,Medium,1172,69.72
PO016664,SUP015,P00169,Structure,6,4887.06,SITE06,2023-06-19,2023-07-30,2023-08-03,41,45,4,2.39,0.7009,0.0023,Medium,1,1,0.6969285358758631,Medium,1173,69.69
PO015519,SUP011,P00156,Cabin,14,54380.48,SITE05,2022-06-20,2022-08-04,2022-08-05,45,46,1,1.1,0.3407,0.0,Low,1,1,0.696927481429441,Medium,1174,69.69
PO018737,SUP002,P00191,LandingGear,8,8811.76,SITE04,2024-09-02,2024-11-05,2024-11-09,64,68,4,2.54,0.7076,0.001,Medium,1,1,0.6968459119660628,Medium,1175,69.68
PO016156,SUP027,P00163,Avionics,25,7373.0,SITE03,2023-04-03,2023-05-17,2023-05-16,44,43,-1,2.55,0.6915,0.0004,Medium,0,1,0.696813465253163,Medium,1176,69.68
PO024949,SUP038,P00257,Cabin,63,66645.81,SITE04,2023-05-08,2023-07-02,2023-07-03,55,56,1,2.29,0.6644,0.0011,Medium,1,1,0.6967956549716995,Medium,1177,69.68
PO009821,SUP040,P00100,Avionics,40,19473.6,SITE01,2024-10-21,2024-12-05,2024-12-08,45,48,3,2.28,0.6569,0.0016,Medium,1,1,0.6967067220207263,Medium,1178,69.67
PO000319,SUP040,P00003,Avionics,14,3072.16,SITE02,2024-01-22,2024-03-14,2024-03-15,52,53,1,2.27,0.6505,0.0021,Medium,1,1,0.6967027764652716,Medium,1179,69.67
PO020526,SUP009,P00209,Avionics,12,2561.88,SITE04,2023-06-26,2023-08-18,2023-08-20,53,55,2,2.25,0.6869,0.0014,Medium,1,1,0.6965135678749153,Medium,1180,69.65
PO028965,SUP014,P00295,Structure,18,5763.78,SITE04,2023-10-16,2023-11-14,2023-11-18,29,33,4,2.49,0.7014,0.0008,Medium,1,1,0.696468741102567,Medium,1181,69.65
PO020571,SUP027,P00210,Engine,3,3222.54,SITE02,2024-04-15,2024-05-26,2024-06-02,41,48,7,2.5,0.6895,0.0008,Medium,1,1,0.6962547431126406,Medium,1182,69.63
PO023437,SUP013,P00239,Structure,36,9831.6,SITE04,2024-06-10,2024-08-05,2024-08-11,56,62,6,2.42,0.69,0.0014,Medium,1,1,0.6961381831756306,Medium,1183,69.61
PO015765,SUP024,P00158,Structure,44,82864.32,SITE06,2022-12-26,2023-02-18,2023-02-20,54,56,2,2.27,0.6554,0.0011,Medium,1,1,0.6960869019793452,Medium,1184,69.61
PO006052,SUP014,P00060,Cabin,20,10931.8,SITE05,2024-05-20,2024-07-10,2024-07-13,51,54,3,2.42,0.6839,0.0006,Medium,1,1,0.6960113778094893,Medium,1185,69.6
PO008544,SUP039,P00085,Cabin,41,233995.61,SITE06,2022-11-14,2022-12-29,2023-01-03,45,50,5,2.52,0.686,0.0,Medium,1,1,0.6958809754380176,Medium,1186,69.59
PO018026,SUP016,P00184,Avionics,22,9327.78,SITE01,2024-05-27,2024-07-06,2024-07-06,40,40,0,2.5,0.6771,0.0029,Medium,0,1,0.6956462573120198,Medium,1187,69.56
PO001445,SUP030,P00012,Engine,2,710.06,SITE03,2022-04-04,2022-05-22,2022-05-25,48,51,3,1.35,0.4479,0.0,Low,1,1,0.6955876900876901,Medium,1188,69.56
PO003030,SUP006,P00031,Engine,8,3777.28,SITE02,2024-10-28,2025-01-01,2025-01-08,65,72,7,2.49,0.6874,0.0011,Medium,1,1,0.6955733195317347,Medium,1189,69.56
PO019383,SUP040,P00198,LandingGear,7,8161.65,SITE05,2023-12-04,2024-01-16,2024-01-17,43,44,1,2.31,0.6559,0.0019,Medium,1,1,0.6955167855020798,Medium,1190,69.55
PO015801,SUP015,P00159,Structure,10,3745.6,SITE01,2024-02-12,2024-03-25,2024-03-30,42,47,5,2.51,0.7059,0.0021,Medium,1,1,0.6954127104278701,Medium,1191,69.54
PO020494,SUP009,P00209,Avionics,4,853.96,SITE02,2024-01-01,2024-02-14,2024-02-17,44,47,3,2.24,0.678,0.0019,Medium,1,1,0.6953522030472981,Medium,1192,69.54
PO006909,SUP027,P00070,Electrical,7,5235.51,SITE03,2024-03-11,2024-04-02,2024-04-07,22,27,5,2.53,0.6952,0.0007,Medium,1,1,0.6952716297863355,Medium,1193,69.53
PO001247,SUP036,P00010,Electrical,50,74445.5,SITE04,2023-06-05,2023-07-03,2023-07-01,28,26,-2,1.19,0.4221,0.0028,Low,0,1,0.6951969383022408,Medium,1194,69.52
PO010007,SUP021,P00101,Cabin,12,12820.56,SITE02,2022-10-17,2022-12-19,2022-12-20,63,64,1,2.48,0.7339,0.001,Medium,1,1,0.6951106075901003,Medium,1195,69.51
PO022786,SUP002,P00231,Cabin,13,8169.07,SITE03,2023-03-13,2023-05-16,2023-05-13,64,61,-3,2.48,0.6939,0.0016,Medium,0,1,0.6950044167870459,Medium,1196,69.5
PO015141,SUP026,P00153,Fasteners,5,11306.45,SITE04,2024-07-22,2024-10-03,2024-10-03,73,73,0,2.46,0.7055,0.0011,Medium,0,1,0.6949595375504152,Medium,1197,69.5
PO020004,SUP024,P00203,Fasteners,21,27492.36,SITE06,2023-06-05,2023-08-03,2023-08-06,59,62,3,2.32,0.6625,0.0016,Medium,1,1,0.6949564055888544,Medium,1198,69.5
PO015396,SUP013,P00155,Avionics,4,15182.92,SITE06,2023-10-02,2023-11-19,2023-11-19,48,48,0,2.4,0.6876,0.0014,Medium,0,1,0.6949512394558922,Medium,1199,69.5
PO016529,SUP023,P00167,Avionics,6,2185.68,SITE06,2023-03-06,2023-04-23,2023-04-20,48,45,-3,2.84,0.7864,0.0039,Medium,0,1,0.6948136491915773,Medium,1200,69.48
PO024086,SUP003,P00246,LandingGear,6,5959.92,SITE03,2024-04-29,2024-06-05,2024-06-06,37,38,1,2.29,0.6525,0.0001,Medium,1,1,0.6947047091895207,Medium,1201,69.47
PO024118,SUP003,P00246,LandingGear,8,7946.56,SITE04,2024-07-15,2024-08-21,2024-08-21,37,37,0,2.27,0.655,0.0003,Medium,0,1,0.6946516218347579,Medium,1202,69.47
PO024879,SUP038,P00257,Cabin,30,31736.1,SITE02,2022-08-22,2022-10-16,2022-10-16,55,55,0,2.26,0.681,0.0007,Medium,0,1,0.6946231586554362,Medium,1203,69.46
PO029233,SUP002,P00297,LandingGear,9,11326.59,SITE06,2024-12-09,2025-01-30,2025-02-04,52,57,5,2.62,0.7202,0.001,Medium,1,1,0.6944824115149536,Medium,1204,69.45
PO007813,SUP027,P00080,Cabin,14,37037.28,SITE01,2022-12-12,2023-02-03,2023-02-05,53,55,2,2.61,0.7035,0.0004,Medium,1,1,0.6944637646304314,Medium,1205,69.45
PO000351,SUP040,P00003,Avionics,19,4169.36,SITE04,2022-10-10,2022-12-04,2022-12-01,55,52,-3,2.25,0.6605,0.0016,Medium,0,1,0.6944581293167594,Medium,1206,69.45
PO012813,SUP014,P00128,Fasteners,15,16536.75,SITE05,2024-01-22,2024-03-07,2024-03-08,45,46,1,2.45,0.6903,0.0007,Medium,1,1,0.6944489806759134,Medium,1207,69.44
PO002304,SUP015,P00024,Fasteners,7,53447.59,SITE01,2022-08-01,2022-09-15,2022-09-17,45,47,2,2.21,0.7303,0.0,Medium,1,1,0.6944468416527353,Medium,1208,69.44
PO000303,SUP040,P00003,Avionics,9,1974.96,SITE02,2022-03-21,2022-05-07,2022-05-06,47,46,-1,2.22,0.6809,0.003,Medium,0,1,0.6944141376293846,Medium,1209,69.44
PO000765,SUP002,P00006,Cabin,27,17964.72,SITE03,2023-12-04,2024-02-12,2024-02-17,70,75,5,2.59,0.7023,0.0012,Medium,1,1,0.6943550239961076,Medium,1210,69.44
PO004994,SUP027,P00052,Electrical,6,7056.42,SITE04,2023-04-03,2023-05-03,2023-05-02,30,29,-1,2.54,0.6923,0.0004,Medium,0,1,0.6943061049745833,Medium,1211,69.43
PO016850,SUP002,P00171,Structure,5,4886.9,SITE06,2022-01-17,2022-03-07,2022-03-11,49,53,4,2.4,0.7,0.0,Medium,1,1,0.6942883826945045,Medium,1212,69.43
PO029369,SUP006,P00298,Avionics,15,4578.0,SITE06,2022-01-24,2022-04-01,2022-04-01,67,67,0,2.45,0.6061,0.0,Medium,0,1,0.6942669582449265,Medium,1213,69.43
PO029000,SUP014,P00295,Structure,13,4162.73,SITE06,2022-08-01,2022-09-01,2022-09-05,31,35,4,2.72,0.75,0.0016,Medium,1,1,0.6942153890006515,Medium,1214,69.42
PO002989,SUP023,P00030,Hydraulics,7,2064.72,SITE06,2023-05-08,2023-06-23,2023-06-20,46,43,-3,2.71,0.7931,0.0034,Medium,0,1,0.6942132553616777,Medium,1215,69.42
PO017175,SUP006,P00175,Cabin,79,71619.03,SITE04,2022-10-17,2022-12-09,2022-12-12,53,56,3,2.5,0.6711,0.001,Medium,1,1,0.6941267582105626,Medium,1216,69.41
PO015120,SUP026,P00153,Fasteners,8,18090.32,SITE03,2023-09-11,2023-11-24,2023-11-29,74,79,5,2.47,0.7018,0.001,Medium,1,1,0.6940540736113201,Medium,1217,69.41
PO016849,SUP002,P00171,Structure,3,2932.14,SITE05,2024-03-18,2024-05-10,2024-05-13,53,56,3,2.54,0.7,0.001,Medium,1,1,0.6940231020014676,Medium,1218,69.4
PO014433,SUP005,P00145,Hydraulics,2,7217.92,SITE02,2024-05-13,2024-06-30,2024-07-04,48,52,4,2.4,0.6686,0.0003,Medium,1,1,0.6939518735943092,Medium,1219,69.4
PO007961,SUP027,P00080,Cabin,42,111111.84,SITE06,2023-07-24,2023-09-07,2023-09-08,45,46,1,2.5,0.6876,0.0005,Medium,1,1,0.6939184366157263,Medium,1220,69.39
PO022864,SUP002,P00231,Cabin,8,5027.12,SITE05,2024-09-09,2024-11-24,2024-11-30,76,82,6,2.54,0.7071,0.0009,Medium,1,1,0.6938755008607954,Medium,1221,69.39
PO004455,SUP018,P00046,Avionics,7,1218.84,SITE03,2023-03-27,2023-05-21,2023-05-24,55,58,3,2.24,0.7037,0.0013,Medium,1,1,0.6938254574273109,Medium,1222,69.38
PO027629,SUP003,P00280,Cabin,19,27316.3,SITE04,2023-02-20,2023-04-21,2023-04-24,60,63,3,2.27,0.6229,0.0,Medium,1,1,0.6937696511808444,Medium,1223,69.38
PO003018,SUP006,P00031,Engine,14,6610.24,SITE01,2024-08-19,2024-10-16,2024-10-21,58,63,5,2.49,0.6831,0.0012,Medium,1,1,0.6937132497754732,Medium,1224,69.37
PO027732,SUP021,P00281,Fasteners,3,30316.74,SITE02,2024-11-25,2025-01-25,2025-01-23,61,59,-2,2.47,0.7033,0.0011,Medium,0,1,0.6936169896959149,Medium,1225,69.36
PO011205,SUP018,P00114,LandingGear,4,15959.84,SITE05,2022-05-09,2022-06-14,2022-06-20,36,42,6,2.25,0.6711,0.0,Medium,1,1,0.6933833691296154,Medium,1226,69.34
PO010298,SUP018,P00103,Fasteners,12,15490.8,SITE04,2023-02-27,2023-04-11,2023-04-15,43,47,4,2.22,0.7039,0.0014,Medium,1,1,0.6932631092227123,Medium,1227,69.33
PO009860,SUP040,P00100,Avionics,10,4868.4,SITE03,2024-04-01,2024-05-16,2024-05-20,45,49,4,2.29,0.656,0.002,Medium,1,1,0.6932625445230799,Medium,1228,69.33
PO012500,SUP018,P00125,Avionics,17,25330.17,SITE06,2024-05-27,2024-07-12,2024-07-19,46,53,7,2.24,0.688,0.0014,Medium,1,1,0.6932570020543648,Medium,1229,69.33
PO026542,SUP006,P00270,Electrical,5,16479.05,SITE06,2024-06-24,2024-08-21,2024-08-26,58,63,5,2.51,0.6785,0.001,Medium,1,1,0.6932439865724448,Medium,1230,69.32
PO005031,SUP027,P00052,Electrical,15,17641.05,SITE06,2022-10-03,2022-11-03,2022-11-03,31,31,0,2.63,0.7051,0.0005,Medium,0,1,0.6931259627387413,Medium,1231,69.31
PO011163,SUP015,P00113,Engine,8,32250.4,SITE04,2024-10-14,2024-12-10,2024-12-08,57,55,-2,2.58,0.7023,0.002,Medium,0,1,0.6930597118306722,Medium,1232,69.31
PO000503,SUP024,P00005,Cabin,14,18479.44,SITE01,2023-11-20,2024-01-27,2024-01-30,68,71,3,2.42,0.6667,0.0013,Medium,1,1,0.6930462045104768,Medium,1233,69.3
PO019573,SUP026,P00199,Cabin,11,11974.05,SITE05,2024-01-22,2024-03-26,2024-03-23,64,61,-3,2.44,0.7021,0.0013,Medium,0,1,0.6929959903018427,Medium,1234,69.3
PO015814,SUP015,P00159,Structure,3,1123.68,SITE02,2023-04-17,2023-05-21,2023-05-21,34,34,0,2.33,0.6963,0.0025,Medium,0,1,0.6928600760042982,Medium,1235,69.29
PO015788,SUP015,P00159,Structure,23,8614.88,SITE01,2022-07-04,2022-08-16,2022-08-16,43,43,0,2.23,0.7467,0.0,Medium,0,1,0.6927609337180156,Medium,1236,69.28
PO017122,SUP006,P00175,Cabin,15,13598.55,SITE02,2024-06-24,2024-08-28,2024-08-31,65,68,3,2.51,0.6777,0.001,Medium,1,1,0.6926641955990325,Medium,1237,69.27
PO019202,SUP038,P00196,Electrical,60,161364.6,SITE04,2022-05-30,2022-07-15,2022-07-17,46,48,2,2.15,0.6667,0.0,Medium,1,1,0.6924214282144417,Medium,1238,69.24
PO013532,SUP038,P00137,Fasteners,19,15088.09,SITE04,2023-03-27,2023-05-16,2023-05-20,50,54,4,2.28,0.6633,0.0011,Medium,1,1,0.6922084721157776,Medium,1239,69.22
PO009913,SUP040,P00100,Avionics,4,1947.36,SITE05,2023-05-08,2023-06-23,2023-06-26,46,49,3,2.24,0.6552,0.0021,Medium,1,1,0.6921628622997362,Medium,1240,69.22
PO026110,SUP009,P00267,Cabin,69,15034.41,SITE06,2024-05-20,2024-07-23,2024-07-24,64,65,1,2.22,0.6737,0.0017,Medium,1,1,0.6921415518332569,Medium,1241,69.21
PO024020,SUP009,P00245,LandingGear,38,47323.3,SITE06,2024-11-18,2024-12-24,2024-12-28,36,40,4,2.32,0.6932,0.0014,Medium,1,1,0.6920951897347374,Medium,1242,69.21
PO009818,SUP040,P00100,Avionics,32,15578.88,SITE01,2024-09-16,2024-10-29,2024-11-01,43,46,3,2.28,0.6603,0.0016,Medium,1,1,0.6920011179863939,Medium,1243,69.2
PO017211,SUP006,P00175,Cabin,13,11785.41,SITE05,2023-04-10,2023-06-08,2023-06-14,59,65,6,2.45,0.6646,0.0007,Medium,1,1,0.6919885467267867,Medium,1244,69.2
PO003787,SUP026,P00040,Structure,4,666.04,SITE01,2022-06-27,2022-08-27,2022-08-31,61,65,4,2.63,0.7541,0.0009,Medium,1,1,0.6918588746907712,Medium,1245,69.19
PO015112,SUP026,P00153,Fasteners,4,9045.16,SITE03,2022-01-17,2022-03-25,2022-03-29,67,71,4,2.67,0.6667,0.0,Medium,1,1,0.6918491959113439,Medium,1246,69.18
PO015064,SUP026,P00152,Electrical,2,4285.14,SITE04,2022-02-21,2022-04-17,2022-04-19,55,57,2,2.35,0.7,0.0,Medium,1,1,0.691834035290345,Medium,1247,69.18
PO001010,SUP018,P00008,Avionics,5,1448.3,SITE01,2024-07-15,2024-09-01,2024-09-06,48,53,5,2.25,0.6908,0.0014,Medium,1,1,0.6916983267098398,Medium,1248,69.17
PO010026,SUP021,P00101,Cabin,38,40598.44,SITE02,2024-04-29,2024-06-26,2024-06-30,58,62,4,2.5,0.7122,0.0011,Medium,1,1,0.6915576541711779,Medium,1249,69.16
PO015684,SUP024,P00158,Structure,12,22599.36,SITE01,2023-12-11,2024-01-31,2024-02-01,51,52,1,2.41,0.663,0.0012,Medium,1,1,0.6914691964723809,Medium,1250,69.15
PO016822,SUP002,P00171,Structure,1,977.38,SITE03,2022-10-24,2022-12-12,2022-12-11,49,48,-1,2.47,0.6913,0.0009,Medium,0,1,0.6912785201927825,Medium,1251,69.13
PO004781,SUP006,P00048,Fasteners,23,31832.69,SITE06,2024-04-08,2024-06-03,2024-06-09,56,62,6,2.49,0.6755,0.0011,Medium,1,1,0.691226124105917,Medium,1252,69.12
PO022002,SUP012,P00223,Avionics,26,13876.98,SITE03,2023-03-06,2023-04-09,2023-04-12,34,37,3,1.01,0.403,0.0006,Low,1,1,0.6912175812150846,Medium,1253,69.12
PO024242,SUP027,P00248,Avionics,9,2340.45,SITE06,2022-08-08,2022-09-10,2022-09-14,33,37,4,2.72,0.716,0.0003,Medium,1,1,0.691170298892272,Medium,1254,69.12
PO006453,SUP038,P00065,Fasteners,9,12758.49,SITE04,2024-07-29,2024-09-13,2024-09-13,46,46,0,2.35,0.672,0.0013,Medium,0,1,0.6911228935785474,Medium,1255,69.11
PO019377,SUP040,P00198,LandingGear,5,5829.75,SITE05,2022-06-06,2022-07-15,2022-07-13,39,37,-2,2.19,0.644,0.0022,Medium,0,1,0.6910548575820312,Medium,1256,69.11
PO013504,SUP038,P00137,Fasteners,12,9529.32,SITE03,2022-10-10,2022-11-28,2022-11-28,49,49,0,2.19,0.6518,0.0008,Medium,0,1,0.6910094244733269,Medium,1257,69.1
PO012822,SUP014,P00128,Fasteners,18,19844.1,SITE06,2022-10-10,2022-11-19,2022-11-22,40,43,3,2.61,0.7431,0.0011,Medium,1,1,0.6909594990156512,Medium,1258,69.1
PO017251,SUP006,P00175,Cabin,62,56207.34,SITE06,2024-03-04,2024-04-27,2024-04-25,54,52,-2,2.47,0.672,0.001,Medium,0,1,0.6909200494677186,Medium,1259,69.09
PO008477,SUP039,P00085,Cabin,3,17121.63,SITE01,2022-05-16,2022-07-01,2022-07-07,46,52,6,2.39,0.6667,0.0,Medium,1,1,0.690857745057087,Medium,1260,69.09
PO002186,SUP015,P00021,Hydraulics,4,1661.48,SITE01,2024-12-16,2025-02-04,2025-02-12,50,58,8,2.54,0.7,0.0018,Medium,1,1,0.6906963776963777,Medium,1261,69.07
PO003268,SUP021,P00034,Fasteners,3,2053.74,SITE03,2022-10-17,2022-12-21,2022-12-22,65,66,1,2.5,0.7317,0.001,Medium,1,1,0.6906127009450993,Medium,1262,69.06
PO011244,SUP008,P00115,Cabin,12,35498.76,SITE01,2024-06-24,2024-08-10,2024-08-11,47,48,1,1.14,0.4325,0.0011,Low,1,1,0.6905839459079678,Medium,1263,69.06
PO017890,SUP025,P00181,Structure,8,7965.2,SITE06,2024-12-23,2025-02-03,2025-02-05,42,44,2,2.48,0.6895,0.0017,Medium,1,1,0.6905758454947639,Medium,1264,69.06
PO004153,SUP014,P00042,Fasteners,23,51492.86,SITE06,2022-12-26,2023-02-07,2023-02-08,43,44,1,2.57,0.7313,0.0008,Medium,1,1,0.6903999250476958,Medium,1265,69.04
PO014044,SUP040,P00141,LandingGear,18,9245.52,SITE06,2024-08-05,2024-09-12,2024-09-17,38,43,5,2.29,0.6603,0.0017,Medium,1,1,0.6902970326942534,Medium,1266,69.03
PO027284,SUP013,P00277,Electrical,7,8615.39,SITE03,2022-06-06,2022-07-17,2022-07-17,41,41,0,2.08,0.6347,0.0016,Medium,0,1,0.6901834480520582,Medium,1267,69.02
PO020581,SUP027,P00210,Engine,9,9667.62,SITE04,2023-07-31,2023-09-11,2023-09-11,42,42,0,2.5,0.6902,0.0004,Medium,0,1,0.6899760613283554,Medium,1268,69.0
PO004638,SUP006,P00048,Fasteners,12,16608.36,SITE01,2022-06-20,2022-08-17,2022-08-14,58,55,-3,2.46,0.6648,0.0,Medium,0,1,0.6899728623536293,Medium,1269,69.0
PO014018,SUP040,P00141,LandingGear,12,6163.68,SITE06,2022-04-18,2022-05-28,2022-06-01,40,44,4,2.2,0.6504,0.0035,Medium,1,1,0.6897760034849476,Medium,1270,68.98
PO023927,SUP009,P00245,LandingGear,10,12453.5,SITE03,2022-04-11,2022-05-18,2022-05-15,37,34,-3,2.22,0.6508,0.0,Medium,0,1,0.689770146754843,Medium,1271,68.98
PO019868,SUP024,P00203,Fasteners,7,9164.12,SITE01,2023-03-27,2023-05-31,2023-05-30,65,64,-1,2.34,0.6724,0.0012,Medium,0,1,0.6897281483613085,Medium,1272,68.97
PO024239,SUP027,P00248,Avionics,16,4160.8,SITE06,2022-03-07,2022-04-16,2022-04-17,40,41,1,2.56,0.6977,0.0,Medium,1,1,0.6896690765483079,Medium,1273,68.97
PO008498,SUP039,P00085,Cabin,7,39950.47,SITE02,2024-07-22,2024-09-07,2024-09-13,47,53,6,2.4,0.6838,0.0023,Medium,1,1,0.6896665139137972,Medium,1274,68.97
PO027759,SUP021,P00281,Fasteners,9,90950.22,SITE06,2022-04-18,2022-06-22,2022-06-24,65,67,2,2.39,0.6818,0.0,Medium,1,1,0.6896296185440616,Medium,1275,68.96
PO007927,SUP027,P00080,Cabin,20,52910.4,SITE05,2022-09-19,2022-11-03,2022-10-31,45,42,-3,2.61,0.7039,0.0005,Medium,0,1,0.689595041656546,Medium,1276,68.96
PO018006,SUP005,P00183,Avionics,8,24644.64,SITE06,2022-12-05,2023-01-30,2023-01-28,56,54,-2,2.56,0.6812,0.0,Medium,0,1,0.6895445112112991,Medium,1277,68.95
PO023326,SUP040,P00238,Cabin,30,20970.3,SITE06,2022-04-11,2022-06-05,2022-06-08,55,58,3,2.2,0.6525,0.0031,Medium,1,1,0.6895430227437218,Medium,1278,68.95
PO025279,SUP013,P00260,Hydraulics,12,15779.64,SITE06,2023-09-04,2023-10-25,2023-10-28,51,54,3,2.41,0.687,0.0015,Medium,1,1,0.6895250790683062,Medium,1279,68.95
PO018534,SUP038,P00189,Fasteners,9,19558.71,SITE03,2022-07-04,2022-08-21,2022-08-24,48,51,3,2.18,0.6688,0.0011,Medium,1,1,0.6895108722961585,Medium,1280,68.95
PO027779,SUP003,P00282,Electrical,2,5508.0,SITE02,2024-01-01,2024-02-05,2024-02-05,35,35,0,2.28,0.6589,0.0002,Medium,0,1,0.6895078312414233,Medium,1281,68.95
PO022739,SUP002,P00231,Cabin,8,5027.12,SITE01,2024-06-03,2024-08-14,2024-08-14,72,72,0,2.54,0.707,0.0011,Medium,0,1,0.6894704558801508,Medium,1282,68.95
PO022940,SUP005,P00233,Cabin,5,51985.45,SITE01,2022-01-10,2022-03-15,2022-03-20,64,69,5,2.22,0.5556,0.0,Medium,1,1,0.6892720593866066,Medium,1283,68.93
PO019069,SUP025,P00194,Structure,9,3315.06,SITE04,2024-07-22,2024-09-04,2024-09-12,44,52,8,2.48,0.6808,0.0017,Medium,1,1,0.6892681443833095,Medium,1284,68.93
PO000662,SUP024,P00005,Cabin,47,62038.12,SITE06,2022-11-21,2023-01-23,2023-01-24,63,64,1,2.25,0.6566,0.0011,Medium,1,1,0.6892067808170084,Medium,1285,68.92
PO029142,SUP002,P00297,LandingGear,9,11326.59,SITE03,2024-02-05,2024-03-27,2024-04-01,51,56,5,2.53,0.6942,0.0011,Medium,1,1,0.6888394686435729,Medium,1286,68.88
PO021021,SUP024,P00215,Fasteners,9,20581.11,SITE02,2022-05-23,2022-07-22,2022-07-28,60,66,6,2.35,0.6594,0.0018,Medium,1,1,0.6887743056284921,Medium,1287,68.88
PO013143,SUP039,P00133,Electrical,8,24877.6,SITE02,2024-01-15,2024-02-16,2024-02-20,32,36,4,2.43,0.6766,0.0022,Medium,1,1,0.6884957560627203,Medium,1288,68.85
PO007446,SUP006,P00076,Structure,9,10884.51,SITE06,2023-09-25,2023-11-10,2023-11-11,46,47,1,2.48,0.6661,0.0012,Medium,1,1,0.6884488549156358,Medium,1289,68.84
PO006448,SUP038,P00065,Fasteners,4,5670.44,SITE04,2023-09-25,2023-11-18,2023-11-15,54,51,-3,2.27,0.6619,0.0012,Medium,0,1,0.6884216769587095,Medium,1290,68.84
PO019533,SUP026,P00199,Cabin,62,67490.1,SITE04,2023-05-01,2023-07-22,2023-07-25,82,85,3,2.37,0.6913,0.001,Medium,1,1,0.6884144280405219,Medium,1291,68.84
PO001598,SUP040,P00014,Hydraulics,18,3385.8,SITE06,2024-11-25,2025-01-05,2025-01-06,41,42,1,2.27,0.6581,0.0015,Medium,1,1,0.688377359786742,Medium,1292,68.84
PO025014,SUP038,P00257,Cabin,41,43372.67,SITE06,2022-07-11,2022-09-03,2022-09-01,54,52,-2,2.22,0.6766,0.001,Medium,0,1,0.6881188536227688,Medium,1293,68.81
PO025985,SUP009,P00267,Cabin,16,3486.24,SITE03,2023-01-23,2023-03-21,2023-03-23,57,59,2,2.27,0.7009,0.0012,Medium,1,1,0.6880862937782638,Medium,1294,68.81
PO017595,SUP006,P00178,Fasteners,3,2517.27,SITE05,2023-07-03,2023-09-08,2023-09-09,67,68,1,2.48,0.6678,0.001,Medium,1,1,0.6878931076211812,Medium,1295,68.79
PO016255,SUP027,P00163,Avionics,46,13566.32,SITE06,2024-09-16,2024-10-29,2024-10-28,43,42,-1,2.46,0.6904,0.0009,Medium,0,1,0.6878876472000467,Medium,1296,68.79
PO028717,SUP030,P00293,Hydraulics,7,5383.84,SITE04,2024-07-22,2024-09-03,2024-09-04,43,44,1,1.2,0.4252,0.001,Low,1,1,0.6877806870366509,Medium,1297,68.78
PO025974,SUP009,P00267,Cabin,38,8279.82,SITE03,2022-03-14,2022-05-15,2022-05-23,62,70,8,2.4,0.6667,0.0,Medium,1,1,0.6877203651376601,Medium,1298,68.77
PO024065,SUP003,P00246,LandingGear,12,11919.84,SITE02,2024-06-17,2024-07-18,2024-07-21,31,34,3,2.29,0.6553,0.0001,Medium,1,1,0.6876617423488053,Medium,1299,68.77
PO009649,SUP003,P00097,Hydraulics,9,6317.64,SITE02,2024-11-11,2024-12-28,2024-12-30,47,49,2,2.32,0.6595,0.0012,Medium,1,1,0.6876440297664064,Medium,1300,68.76
PO011473,SUP038,P00116,Cabin,47,137421.89,SITE04,2022-01-10,2022-03-08,2022-03-12,57,61,4,1.2,0.6,0.0,Medium,1,1,0.6874897553885347,Medium,1301,68.75
PO020695,SUP005,P00212,Fasteners,8,8487.52,SITE01,2022-06-20,2022-08-16,2022-08-18,57,59,2,2.52,0.7013,0.0,Medium,1,1,0.6874274363654368,Medium,1302,68.74
PO020743,SUP005,P00212,Fasteners,17,18035.98,SITE03,2024-11-18,2025-01-01,2025-01-09,44,52,8,2.35,0.6643,0.0002,Medium,1,1,0.687424881249885,Medium,1303,68.74
PO000430,SUP040,P00003,Avionics,13,2852.72,SITE06,2023-08-07,2023-09-27,2023-10-02,51,56,5,2.31,0.6651,0.0019,Medium,1,1,0.6873422088717425,Medium,1304,68.73
PO018143,SUP016,P00184,Avionics,29,12295.71,SITE06,2024-09-02,2024-10-19,2024-10-21,47,49,2,2.47,0.6714,0.0027,Medium,1,1,0.6873268205665258,Medium,1305,68.73
PO005129,SUP027,P00054,Fasteners,5,20299.85,SITE03,2024-01-29,2024-03-06,2024-03-10,37,41,4,2.53,0.6936,0.0006,Medium,1,1,0.6873076573710702,Medium,1306,68.73
PO000952,SUP040,P00007,Fasteners,10,26652.2,SITE05,2023-11-13,2024-01-01,2023-12-29,49,46,-3,2.31,0.6568,0.0019,Medium,0,1,0.6871965045541062,Medium,1307,68.72
PO024882,SUP038,P00257,Cabin,15,15868.05,SITE02,2022-10-17,2022-12-05,2022-12-08,49,52,3,2.19,0.6565,0.001,Medium,1,1,0.6868794358293345,Medium,1308,68.69
PO014970,SUP025,P00151,Hydraulics,8,7756.72,SITE01,2024-03-25,2024-05-10,2024-05-07,46,43,-3,2.51,0.6818,0.0014,Medium,0,1,0.6868516804112577,Medium,1309,68.69
PO018989,SUP025,P00194,Structure,6,2210.04,SITE01,2023-09-11,2023-10-16,2023-10-17,35,36,1,2.52,0.6763,0.0018,Medium,1,1,0.686826119343466,Medium,1310,68.68
PO022936,SUP021,P00232,Engine,3,2009.73,SITE06,2022-06-13,2022-08-21,2022-08-19,69,67,-2,2.22,0.7313,0.0,Medium,0,1,0.6868167501896059,Medium,1311,68.68
PO029528,SUP003,P00299,Fasteners,19,13156.93,SITE06,2022-11-21,2022-12-28,2023-01-03,37,43,6,2.19,0.6011,0.0,Medium,1,1,0.6868075329414104,Medium,1312,68.68
PO020766,SUP005,P00212,Fasteners,37,39254.78,SITE04,2024-01-29,2024-03-19,2024-03-24,50,55,5,2.4,0.6601,0.0003,Medium,1,1,0.6866256590892713,Medium,1313,68.66
PO015372,SUP013,P00155,Avionics,1,3795.73,SITE04,2022-04-04,2022-06-02,2022-06-06,59,63,4,2.03,0.6569,0.0015,Medium,1,1,0.6864299887297967,Medium,1314,68.64
PO023924,SUP009,P00245,LandingGear,7,8717.45,SITE02,2024-05-27,2024-07-04,2024-07-12,38,46,8,2.22,0.6762,0.0016,Medium,1,1,0.6864222759048472,Medium,1315,68.64
PO002159,SUP013,P00020,Hydraulics,11,3249.4,SITE04,2023-07-03,2023-08-16,2023-08-18,44,46,2,2.41,0.6817,0.0018,Medium,1,1,0.6860574217838481,Medium,1316,68.61
PO016235,SUP027,P00163,Avionics,23,6783.16,SITE06,2023-02-27,2023-04-12,2023-04-10,44,42,-2,2.52,0.6923,0.0004,Medium,0,1,0.6859173341359173,Medium,1317,68.59
PO004084,SUP014,P00042,Fasteners,6,13432.92,SITE02,2024-04-15,2024-05-27,2024-05-27,42,42,0,2.46,0.6894,0.0006,Medium,0,1,0.6858066852838572,Medium,1318,68.58
PO023321,SUP040,P00238,Cabin,9,6291.09,SITE05,2024-12-23,2025-02-13,2025-02-18,52,57,5,2.3,0.6628,0.0015,Medium,1,1,0.6857965583260949,Medium,1319,68.58
PO019227,SUP038,P00196,Electrical,2,5378.82,SITE05,2024-08-19,2024-10-04,2024-10-03,46,45,-1,2.34,0.669,0.0012,Medium,0,1,0.6857208279323124,Medium,1320,68.57
PO025238,SUP013,P00260,Hydraulics,33,43394.01,SITE03,2024-11-04,2024-12-24,2025-01-02,50,59,9,2.42,0.6868,0.0015,Medium,1,1,0.6857020549500772,Medium,1321,68.57
PO007877,SUP027,P00080,Cabin,7,18518.64,SITE03,2023-10-09,2023-11-23,2023-11-27,45,49,4,2.5,0.6899,0.0006,Medium,1,1,0.6854771176388823,Medium,1322,68.55
PO014971,SUP025,P00151,Hydraulics,7,6787.13,SITE01,2024-08-12,2024-09-29,2024-09-27,48,46,-2,2.49,0.6827,0.0017,Medium,0,1,0.6854488998389724,Medium,1323,68.54
PO001940,SUP027,P00018,Cabin,53,61129.67,SITE04,2024-02-26,2024-04-07,2024-04-06,41,40,-1,2.55,0.6961,0.0008,Medium,0,1,0.685212623278548,Medium,1324,68.52
PO017876,SUP025,P00181,Structure,5,4978.25,SITE06,2022-12-19,2023-02-01,2023-02-04,44,47,3,2.45,0.6461,0.001,Medium,1,1,0.6851352687871579,Medium,1325,68.51
PO021825,SUP021,P00222,Fasteners,15,37309.05,SITE01,2024-05-13,2024-07-13,2024-07-19,61,67,6,2.5,0.7067,0.0011,Medium,1,1,0.6847303218582242,Medium,1326,68.47
PO006436,SUP038,P00065,Fasteners,4,5670.44,SITE02,2024-09-02,2024-10-23,2024-10-25,51,53,2,2.33,0.6675,0.0012,Medium,1,1,0.6847111942432436,Medium,1327,68.47
PO018601,SUP038,P00189,Fasteners,35,76061.65,SITE06,2023-08-07,2023-09-14,2023-09-19,38,43,5,2.28,0.6673,0.001,Medium,1,1,0.6844687735318696,Medium,1328,68.45
PO002932,SUP023,P00030,Hydraulics,23,6784.08,SITE03,2023-12-18,2024-02-05,2024-02-03,49,47,-2,2.58,0.7416,0.0028,Medium,0,1,0.6844639802582733,Medium,1329,68.45
PO010272,SUP018,P00103,Fasteners,13,16781.7,SITE03,2023-04-10,2023-05-25,2023-05-24,45,44,-1,2.26,0.707,0.0012,Medium,0,1,0.6844366741193179,Medium,1330,68.44
PO001889,SUP027,P00018,Cabin,10,11533.9,SITE03,2022-03-28,2022-05-08,2022-05-10,41,43,2,2.48,0.7071,0.0,Medium,1,1,0.6843295051070787,Medium,1331,68.43
PO002001,SUP027,P00018,Cabin,59,68050.01,SITE06,2023-06-19,2023-07-31,2023-07-29,42,40,-2,2.54,0.6918,0.0005,Medium,0,1,0.6842628129806944,Medium,1332,68.43
PO011487,SUP038,P00116,Cabin,36,105259.32,SITE04,2023-01-30,2023-03-25,2023-03-28,54,57,3,2.22,0.659,0.0007,Medium,1,1,0.6842516149486536,Medium,1333,68.43
PO009802,SUP040,P00100,Avionics,25,12171.0,SITE01,2022-12-12,2023-01-24,2023-01-22,43,41,-2,2.23,0.67,0.0017,Medium,0,1,0.6842228042247299,Medium,1334,68.42
PO016112,SUP009,P00162,LandingGear,24,70753.92,SITE06,2024-08-26,2024-09-30,2024-10-10,35,45,10,2.29,0.6897,0.0016,Medium,1,1,0.6842191194807707,Medium,1335,68.42
PO000854,SUP002,P00006,Cabin,10,6653.6,SITE06,2023-01-16,2023-03-29,2023-03-28,72,71,-1,2.52,0.6955,0.0008,Medium,0,1,0.6841365320706193,Medium,1336,68.41
PO012490,SUP018,P00125,Avionics,2,2980.02,SITE05,2024-01-29,2024-03-24,2024-03-24,55,55,0,2.28,0.6805,0.0012,Medium,0,1,0.6841102681968203,Medium,1337,68.41
PO004445,SUP018,P00046,Avionics,5,870.6,SITE02,2024-03-18,2024-04-30,2024-05-06,43,49,6,2.25,0.6799,0.0012,Medium,1,1,0.6840927895591494,Medium,1338,68.41
PO007809,SUP027,P00080,Cabin,7,18518.64,SITE01,2022-06-13,2022-08-02,2022-08-02,50,50,0,2.74,0.7418,0.0,Medium,0,1,0.6838739126654251,Medium,1339,68.39
PO017777,SUP025,P00181,Structure,11,10952.15,SITE01,2023-06-12,2023-07-22,2023-07-23,40,41,1,2.55,0.6729,0.0019,Medium,1,1,0.6836423834094613,Medium,1340,68.36
PO029166,SUP002,P00297,LandingGear,10,12585.1,SITE04,2023-08-21,2023-10-10,2023-10-20,50,60,10,2.5,0.6923,0.0011,Medium,1,1,0.6836268041262396,Medium,1341,68.36
PO028564,SUP014,P00291,Hydraulics,20,27485.6,SITE01,2022-06-20,2022-07-30,2022-08-04,40,45,5,2.78,0.7692,0.0016,Medium,1,1,0.6834584775050083,Medium,1342,68.35
PO010106,SUP021,P00101,Cabin,21,22435.98,SITE05,2022-07-25,2022-09-28,2022-09-28,65,65,0,2.44,0.7326,0.0008,Medium,0,1,0.6833680382765115,Medium,1343,68.34
PO027711,SUP003,P00280,Cabin,14,20127.8,SITE06,2024-03-18,2024-05-01,2024-05-01,44,44,0,2.31,0.6547,0.0002,Medium,0,1,0.6833331940470769,Medium,1344,68.33
PO017093,SUP006,P00175,Cabin,8,7252.56,SITE01,2024-04-15,2024-06-09,2024-06-11,55,57,2,2.5,0.6774,0.0011,Medium,1,1,0.6831770879461238,Medium,1345,68.32
PO002688,SUP016,P00027,Avionics,12,10208.76,SITE03,2022-12-26,2023-02-06,2023-02-07,42,43,1,2.28,0.6614,0.0021,Medium,1,1,0.6831645799522377,Medium,1346,68.32
PO004751,SUP006,P00048,Fasteners,8,11072.24,SITE05,2023-11-06,2024-01-16,2024-01-22,71,77,6,2.48,0.6662,0.0011,Medium,1,1,0.6830962202142985,Medium,1347,68.31
PO000606,SUP024,P00005,Cabin,23,30359.08,SITE04,2024-01-01,2024-02-27,2024-03-01,57,60,3,2.41,0.6696,0.0012,Medium,1,1,0.6828756181851832,Medium,1348,68.29
PO005261,SUP027,P00056,Cabin,14,16215.5,SITE01,2023-01-30,2023-03-23,2023-03-22,52,51,-1,2.57,0.7017,0.0004,Medium,0,1,0.6827935729116164,Medium,1349,68.28
PO001051,SUP018,P00008,Avionics,13,3765.58,SITE03,2024-11-18,2025-01-09,2025-01-14,52,57,5,2.23,0.6808,0.0014,Medium,1,1,0.6825732689678292,Medium,1350,68.26
PO000791,SUP002,P00006,Cabin,70,46575.2,SITE04,2022-12-05,2023-02-14,2023-02-21,71,78,7,2.45,0.6906,0.0007,Medium,1,1,0.6823788899359637,Medium,1351,68.24
PO012826,SUP014,P00128,Fasteners,10,11024.5,SITE06,2023-01-02,2023-02-15,2023-02-13,44,42,-2,2.56,0.7309,0.0008,Medium,0,1,0.6823310903503801,Medium,1352,68.23
PO009646,SUP003,P00097,Hydraulics,4,2807.84,SITE02,2024-05-20,2024-06-29,2024-06-27,40,38,-2,2.28,0.6542,0.0001,Medium,0,1,0.6822931921381099,Medium,1353,68.23
PO005121,SUP027,P00054,Fasteners,3,12179.91,SITE02,2024-09-09,2024-10-16,2024-10-20,37,41,4,2.46,0.6904,0.0009,Medium,1,1,0.6822621685101672,Medium,1354,68.23
PO005178,SUP027,P00054,Fasteners,49,198938.53,SITE06,2022-03-21,2022-05-02,2022-05-01,42,41,-1,2.46,0.7021,0.0,Medium,0,1,0.6822253032030178,Medium,1355,68.22
PO026516,SUP006,P00270,Electrical,6,19774.86,SITE05,2022-12-05,2023-02-01,2023-02-01,58,58,0,2.51,0.674,0.0008,Medium,0,1,0.6821097661579582,Medium,1356,68.21
PO027165,SUP014,P00275,Engine,4,4158.36,SITE05,2024-04-15,2024-06-04,2024-06-01,50,47,-3,2.46,0.6898,0.0006,Medium,0,1,0.6820505767381881,Medium,1357,68.21
PO019626,SUP003,P00200,Hydraulics,10,2872.1,SITE02,2023-11-06,2023-12-21,2023-12-23,45,47,2,2.29,0.6607,0.0002,Medium,1,1,0.6819848996805599,Medium,1358,68.2
PO003863,SUP026,P00040,Structure,23,3829.73,SITE05,2022-01-31,2022-04-06,2022-04-08,65,67,2,2.16,0.5789,0.0,Medium,1,1,0.6818660544524929,Medium,1359,68.19
PO000796,SUP002,P00006,Cabin,15,9980.4,SITE04,2023-07-03,2023-09-12,2023-09-14,71,73,2,2.48,0.695,0.0012,Medium,1,1,0.6817554374489385,Medium,1360,68.18
PO017961,SUP005,P00182,Engine,6,2231.88,SITE06,2024-12-23,2025-02-18,2025-02-15,57,54,-3,2.37,0.6628,0.0002,Medium,0,1,0.6816133781126689,Medium,1361,68.16
PO019633,SUP003,P00200,Hydraulics,13,3733.73,SITE03,2022-08-22,2022-09-30,2022-09-30,39,39,0,2.17,0.6111,0.0,Medium,0,1,0.6815181548431785,Medium,1362,68.15
PO008328,SUP009,P00084,Avionics,42,29331.54,SITE01,2022-02-14,2022-04-18,2022-04-20,63,65,2,1.85,0.6296,0.0,Medium,1,1,0.6814574022287054,Medium,1363,68.15
PO019802,SUP038,P00201,Cabin,29,39290.07,SITE06,2023-05-29,2023-07-20,2023-07-17,52,49,-3,2.3,0.6645,0.001,Medium,0,1,0.6814543376542262,Medium,1364,68.15
PO009645,SUP003,P00097,Hydraulics,4,2807.84,SITE02,2024-05-13,2024-06-27,2024-06-27,45,45,0,2.28,0.6534,0.0001,Medium,0,1,0.6811468454356305,Medium,1365,68.11
PO004721,SUP006,P00048,Fasteners,63,87193.89,SITE04,2023-04-03,2023-06-07,2023-06-15,65,73,8,2.46,0.6638,0.0007,Medium,1,1,0.6811111241533927,Medium,1366,68.11
PO013546,SUP038,P00137,Fasteners,30,23823.3,SITE04,2024-06-10,2024-07-29,2024-07-30,49,50,1,2.32,0.6667,0.0012,Medium,1,1,0.681065205812445,Medium,1367,68.11
PO004397,SUP019,P00045,Fasteners,16,64722.4,SITE06,2023-11-20,2023-12-20,2023-12-20,30,30,0,1.15,0.4184,0.0017,Low,0,1,0.6810561201044898,Medium,1368,68.11
PO027609,SUP003,P00280,Cabin,20,28754.0,SITE03,2023-11-27,2024-01-09,2024-01-09,43,43,0,2.3,0.6642,0.0002,Medium,0,1,0.6810558768966891,Medium,1369,68.11
PO013133,SUP039,P00133,Electrical,4,12438.8,SITE01,2024-10-21,2024-11-19,2024-11-26,29,36,7,2.47,0.699,0.0025,Medium,1,1,0.6809939138868544,Medium,1370,68.1
PO018031,SUP016,P00184,Avionics,4,1695.96,SITE02,2022-06-13,2022-07-28,2022-07-29,45,46,1,2.36,0.7091,0.0017,Medium,1,1,0.6809745560563991,Medium,1371,68.1
PO006871,SUP027,P00070,Electrical,3,2243.79,SITE01,2022-08-01,2022-08-29,2022-09-02,28,32,4,2.76,0.7311,0.0,Medium,1,1,0.6809554832930561,Medium,1372,68.1
PO012159,SUP022,P00122,Fasteners,20,97053.0,SITE06,2023-06-19,2023-07-09,2023-07-10,20,21,1,1.09,0.4201,0.0004,Low,1,1,0.6809315165318429,Medium,1373,68.09
PO001008,SUP018,P00008,Avionics,10,2896.6,SITE01,2024-06-17,2024-08-03,2024-08-08,47,52,5,2.25,0.689,0.0015,Medium,1,1,0.6808376917021459,Medium,1374,68.08
PO001910,SUP027,P00018,Cabin,12,13840.68,SITE03,2024-05-27,2024-07-13,2024-07-17,47,51,4,2.49,0.688,0.0009,Medium,1,1,0.6808337811903385,Medium,1375,68.08
PO014008,SUP040,P00141,LandingGear,4,2054.56,SITE05,2023-05-08,2023-06-27,2023-06-27,50,50,0,2.24,0.6559,0.0021,Medium,0,1,0.6806364159190249,Medium,1376,68.06
PO009058,SUP039,P00090,Avionics,5,1418.75,SITE02,2023-01-30,2023-03-11,2023-03-11,40,40,0,2.68,0.7037,0.0,Medium,0,1,0.6805514202035149,Medium,1377,68.06
PO019989,SUP024,P00203,Fasteners,11,14400.76,SITE06,2022-03-07,2022-05-09,2022-05-13,63,67,4,2.47,0.7344,0.0046,Medium,1,1,0.680533834402432,Medium,1378,68.05
PO016666,SUP015,P00169,Structure,12,9774.12,SITE06,2024-01-15,2024-03-03,2024-03-10,48,55,7,2.46,0.7041,0.0022,Medium,1,1,0.6804896131583782,Medium,1379,68.05
PO025149,SUP016,P00259,Fasteners,5,8068.3,SITE03,2023-06-12,2023-07-30,2023-08-03,48,52,4,2.34,0.6545,0.0041,Medium,1,1,0.6804357758928873,Medium,1380,68.04
PO012762,SUP014,P00128,Fasteners,10,11024.5,SITE03,2024-12-02,2025-01-14,2025-01-11,43,40,-3,2.49,0.6934,0.0007,Medium,0,1,0.6803832392144809,Medium,1381,68.04
PO004475,SUP018,P00046,Avionics,18,3134.16,SITE04,2022-08-22,2022-10-07,2022-10-09,46,48,2,2.24,0.7023,0.0019,Medium,1,1,0.6803622900088961,Medium,1382,68.04
PO004408,SUP018,P00046,Avionics,11,1915.32,SITE01,2022-11-21,2023-01-13,2023-01-16,53,56,3,2.17,0.6879,0.0019,Medium,1,1,0.6802918910704747,Medium,1383,68.03
PO020018,SUP024,P00203,Fasteners,10,13091.6,SITE06,2024-06-10,2024-08-08,2024-08-12,59,63,4,2.45,0.6746,0.0012,Medium,1,1,0.680081184688314,Medium,1384,68.01
PO028978,SUP014,P00295,Structure,31,9926.51,SITE04,2024-10-14,2024-11-14,2024-11-14,31,31,0,2.48,0.6948,0.0008,Medium,0,1,0.6800282346372749,Medium,1385,68.0
PO027803,SUP003,P00282,Electrical,2,5508.0,SITE06,2022-11-28,2022-12-26,2022-12-29,28,31,3,2.22,0.6096,0.0,Medium,1,1,0.6800246852466586,Medium,1386,68.0
PO007918,SUP027,P00080,Cabin,21,55555.92,SITE04,2024-11-25,2025-01-13,2025-01-16,49,52,3,2.43,0.6849,0.001,Medium,1,1,0.6798335419716669,Medium,1387,67.98
PO008459,SUP009,P00084,Avionics,14,9777.18,SITE06,2023-07-24,2023-09-15,2023-09-17,53,55,2,2.23,0.6822,0.0015,Medium,1,1,0.6798283256900213,Medium,1388,67.98
PO016608,SUP015,P00169,Structure,17,13846.67,SITE03,2022-06-27,2022-08-09,2022-08-12,43,46,3,2.18,0.7465,0.0,Medium,1,1,0.6798207480149595,Medium,1389,67.98
PO005566,SUP013,P00057,Avionics,10,1181.8,SITE05,2024-08-19,2024-10-13,2024-10-13,55,55,0,2.44,0.6946,0.0015,Medium,0,1,0.6796913063339028,Medium,1390,67.97
PO009071,SUP039,P00090,Avionics,17,4823.75,SITE04,2022-04-18,2022-05-28,2022-05-30,40,42,2,2.17,0.6087,0.0,Medium,1,1,0.6796451295249477,Medium,1391,67.96
PO015758,SUP024,P00158,Structure,37,69681.36,SITE06,2022-07-18,2022-09-03,2022-09-01,47,45,-2,2.31,0.6464,0.0012,Medium,0,1,0.6796169375494086,Medium,1392,67.96
PO010186,SUP016,P00102,Electrical,11,11783.75,SITE04,2022-04-11,2022-05-08,2022-05-09,27,28,1,2.44,0.7222,0.0,Medium,1,1,0.6793088005990952,Medium,1393,67.93
PO005962,SUP014,P00060,Cabin,21,11478.39,SITE03,2022-11-14,2023-01-09,2023-01-10,56,57,1,2.58,0.7397,0.0009,Medium,1,1,0.6792823749677793,Medium,1394,67.93
PO019629,SUP003,P00200,Hydraulics,4,1148.84,SITE02,2024-07-22,2024-09-04,2024-09-05,44,45,1,2.26,0.6533,0.0003,Medium,1,1,0.6792696512381993,Medium,1395,67.93
PO002736,SUP016,P00027,Avionics,3,2552.19,SITE05,2022-11-07,2022-12-17,2022-12-19,40,42,2,2.23,0.6636,0.0017,Medium,1,1,0.6792594657997078,Medium,1396,67.93
PO021044,SUP024,P00215,Fasteners,22,50309.38,SITE03,2023-09-25,2023-11-20,2023-11-21,56,57,1,2.4,0.666,0.0014,Medium,1,1,0.6791891019770533,Medium,1397,67.92
PO022763,SUP002,P00231,Cabin,8,5027.12,SITE02,2023-06-26,2023-09-15,2023-09-23,81,89,8,2.46,0.6935,0.0012,Medium,1,1,0.6791755576485912,Medium,1398,67.92
PO006949,SUP027,P00070,Electrical,6,4487.58,SITE05,2022-01-31,2022-02-27,2022-03-01,27,29,2,2.89,0.7778,0.0,Medium,1,1,0.6791258637478148,Medium,1399,67.91
PO024234,SUP027,P00248,Avionics,2,520.1,SITE05,2024-03-18,2024-04-26,2024-04-30,39,43,4,2.52,0.6925,0.0007,Medium,1,1,0.6790928067453543,Medium,1400,67.91
PO005515,SUP013,P00057,Avionics,28,3309.04,SITE04,2022-04-11,2022-06-05,2022-06-02,55,52,-3,2.06,0.6636,0.0014,Medium,0,1,0.6790898891259074,Medium,1401,67.91
PO011155,SUP015,P00113,Engine,1,4031.3,SITE03,2023-10-09,2023-11-24,2023-11-29,46,51,5,2.36,0.6935,0.0025,Medium,1,1,0.6789646567521599,Medium,1402,67.9
PO006464,SUP038,P00065,Fasteners,3,4252.83,SITE05,2024-03-18,2024-05-05,2024-05-06,48,49,1,2.31,0.6671,0.0013,Medium,1,1,0.6789625878290205,Medium,1403,67.9
PO005064,SUP006,P00053,Engine,1,501.15,SITE02,2022-05-16,2022-07-15,2022-07-24,60,69,9,2.59,0.6667,0.0,Medium,1,1,0.6789179610771815,Medium,1404,67.89
PO011216,SUP018,P00114,LandingGear,10,39899.6,SITE06,2024-06-17,2024-07-26,2024-07-30,39,43,4,2.25,0.6869,0.0015,Medium,1,1,0.6788831432586273,Medium,1405,67.89
PO027551,SUP003,P00280,Cabin,18,25878.6,SITE01,2023-06-05,2023-07-27,2023-08-02,52,58,6,2.27,0.6457,0.0,Medium,1,1,0.678762084514464,Medium,1406,67.88
PO024023,SUP003,P00246,LandingGear,7,6953.24,SITE01,2022-05-09,2022-06-12,2022-06-15,34,37,3,2.38,0.6094,0.0,Medium,1,1,0.6787599583984419,Medium,1407,67.88
PO011440,SUP038,P00116,Cabin,11,32162.57,SITE02,2024-11-04,2024-12-24,2024-12-24,50,50,0,2.33,0.6725,0.0014,Medium,0,1,0.6787512693566874,Medium,1408,67.88
PO002922,SUP023,P00030,Hydraulics,5,1474.8,SITE02,2024-02-12,2024-04-02,2024-04-05,50,53,3,2.6,0.7358,0.0039,Medium,1,1,0.6786750088404107,Medium,1409,67.87
PO017101,SUP006,P00175,Cabin,14,12691.98,SITE02,2022-01-24,2022-03-24,2022-03-25,59,60,1,2.56,0.5926,0.0,Medium,1,1,0.6786549174428487,Medium,1410,67.87
PO000888,SUP040,P00007,Fasteners,5,13326.1,SITE01,2023-11-20,2024-01-07,2024-01-04,48,45,-3,2.31,0.6565,0.0019,Medium,0,1,0.6785641336497819,Medium,1411,67.86
PO025021,SUP038,P00257,Cabin,79,83571.73,SITE06,2023-01-09,2023-02-27,2023-03-03,49,53,4,2.21,0.6597,0.0008,Medium,1,1,0.6785127909903519,Medium,1412,67.85
PO013522,SUP038,P00137,Fasteners,26,20646.86,SITE04,2022-06-06,2022-07-26,2022-07-31,50,55,5,2.13,0.6641,0.0,Medium,1,1,0.6784309770423081,Medium,1413,67.84
PO010180,SUP016,P00102,Electrical,2,2142.5,SITE02,2024-09-09,2024-10-08,2024-10-16,29,37,8,2.46,0.6724,0.0027,Medium,1,1,0.6783998050326772,Medium,1414,67.84
PO016586,SUP015,P00169,Structure,6,4887.06,SITE01,2022-12-12,2023-01-24,2023-02-02,43,52,9,2.26,0.7014,0.001,Medium,1,1,0.6783605066038118,Medium,1415,67.84
PO029136,SUP002,P00297,LandingGear,13,16360.63,SITE03,2023-07-03,2023-08-22,2023-08-26,50,54,4,2.5,0.698,0.0012,Medium,1,1,0.6782551238475424,Medium,1416,67.83
PO018660,SUP002,P00191,LandingGear,10,11014.7,SITE01,2023-03-13,2023-05-13,2023-05-16,61,64,3,2.49,0.6951,0.0016,Medium,1,1,0.6782329156163622,Medium,1417,67.82
PO019180,SUP038,P00196,Electrical,7,18825.87,SITE02,2022-12-12,2023-01-26,2023-01-29,45,48,3,2.24,0.6613,0.0009,Medium,1,1,0.6781182548108324,Medium,1418,67.81
PO005564,SUP013,P00057,Avionics,27,3190.86,SITE05,2024-05-27,2024-07-21,2024-07-20,55,54,-1,2.41,0.6889,0.0014,Medium,0,1,0.6780694386786322,Medium,1419,67.81
PO000814,SUP002,P00006,Cabin,47,31271.92,SITE05,2022-03-21,2022-05-28,2022-05-29,68,69,1,2.13,0.6604,0.0,Medium,1,1,0.6780682742893441,Medium,1420,67.81
PO002330,SUP015,P00024,Fasteners,2,15270.74,SITE05,2022-07-25,2022-09-04,2022-09-12,41,49,8,2.17,0.7356,0.0,Medium,1,1,0.6778728497016202,Medium,1421,67.79
PO016797,SUP001,P00170,Structure,37,18811.54,SITE06,2024-03-04,2024-04-02,2024-04-03,29,30,1,1.23,0.4184,0.0006,Low,1,1,0.677724848554753,Medium,1422,67.77
PO026076,SUP009,P00267,Cabin,32,6972.48,SITE05,2024-10-14,2024-12-13,2024-12-14,60,61,1,2.3,0.6885,0.0015,Medium,1,1,0.6776450626623042,Medium,1423,67.76
PO000575,SUP024,P00005,Cabin,29,38278.84,SITE03,2024-07-29,2024-09-26,2024-09-30,59,63,4,2.48,0.6771,0.0011,Medium,1,1,0.6776034838451476,Medium,1424,67.76
PO015676,SUP024,P00158,Structure,2,3766.56,SITE01,2022-10-31,2022-12-22,2022-12-20,52,50,-2,2.21,0.6523,0.0013,Medium,0,1,0.6774968652641289,Medium,1425,67.75
PO001564,SUP040,P00014,Hydraulics,8,1504.8,SITE05,2022-01-10,2022-03-04,2022-03-04,53,53,0,2.67,0.6667,0.0,Medium,0,1,0.677482672250965,Medium,1426,67.75
PO024974,SUP038,P00257,Cabin,19,20099.53,SITE05,2022-01-17,2022-03-03,2022-03-04,45,46,1,1.69,0.6875,0.0,Medium,1,1,0.6774338393664069,Medium,1427,67.74
PO000341,SUP040,P00003,Avionics,8,1755.52,SITE03,2024-02-05,2024-03-23,2024-03-20,47,44,-3,2.26,0.6511,0.0021,Medium,0,1,0.6773334218864886,Medium,1428,67.73
PO019835,SUP006,P00202,Engine,1,323.4,SITE03,2024-11-04,2025-01-07,2025-01-11,64,68,4,2.51,0.6888,0.0012,Medium,1,1,0.6772360595855966,Medium,1429,67.72
PO009803,SUP040,P00100,Avionics,26,12657.84,SITE01,2022-12-19,2023-02-01,2023-02-06,44,49,5,2.22,0.6651,0.0023,Medium,1,1,0.67705194020781,Medium,1430,67.71
PO019686,SUP038,P00201,Cabin,13,17612.79,SITE01,2024-05-27,2024-07-10,2024-07-14,44,48,4,2.31,0.6658,0.0012,Medium,1,1,0.6770208753091876,Medium,1431,67.7
PO028637,SUP014,P00291,Hydraulics,10,13742.8,SITE06,2024-07-08,2024-08-26,2024-08-23,49,46,-3,2.42,0.686,0.0007,Medium,0,1,0.6769640302629173,Medium,1432,67.7
PO006444,SUP038,P00065,Fasteners,15,21264.15,SITE04,2022-07-25,2022-09-08,2022-09-08,45,45,0,2.19,0.6723,0.0008,Medium,0,1,0.6768664219704514,Medium,1433,67.69
PO000298,SUP040,P00003,Avionics,8,1755.52,SITE01,2024-07-22,2024-09-09,2024-09-11,49,51,2,2.28,0.6582,0.0017,Medium,1,1,0.6768127760640921,Medium,1434,67.68
PO020539,SUP009,P00209,Avionics,4,853.96,SITE05,2022-02-14,2022-04-07,2022-04-12,52,57,5,1.83,0.6552,0.0,Medium,1,1,0.6766775819642437,Medium,1435,67.67
PO006044,SUP014,P00060,Cabin,14,7652.26,SITE05,2023-09-18,2023-11-09,2023-11-06,52,49,-3,2.47,0.7054,0.0009,Medium,0,1,0.6766667973115329,Medium,1436,67.67
PO004911,SUP013,P00051,LandingGear,12,107451.72,SITE02,2024-02-05,2024-03-10,2024-03-16,34,40,6,2.42,0.6913,0.0017,Medium,1,1,0.6765839648856251,Medium,1437,67.66
PO019420,SUP026,P00199,Cabin,25,27213.75,SITE01,2022-03-07,2022-05-21,2022-05-28,75,82,7,2.2,0.7,0.0,Medium,1,1,0.6765278245756096,Medium,1438,67.65
PO005463,SUP013,P00057,Avionics,20,2363.6,SITE01,2024-07-08,2024-09-01,2024-08-31,55,54,-1,2.41,0.6899,0.0014,Medium,0,1,0.6764608110579454,Medium,1439,67.65
PO028660,SUP027,P00292,Engine,5,1670.85,SITE04,2024-02-19,2024-04-11,2024-04-13,52,54,2,2.55,0.6957,0.0007,Medium,1,1,0.6764306790238162,Medium,1440,67.64
PO022855,SUP002,P00231,Cabin,13,8169.07,SITE05,2023-02-27,2023-05-20,2023-05-19,82,81,-1,2.49,0.6963,0.0016,Medium,0,1,0.6762865419442241,Medium,1441,67.63
PO007866,SUP027,P00080,Cabin,13,34391.76,SITE03,2022-09-12,2022-10-27,2022-10-29,45,47,2,2.64,0.7051,0.0005,Medium,1,1,0.6762677455839219,Medium,1442,67.63
PO019046,SUP025,P00194,Structure,26,9576.84,SITE04,2022-07-18,2022-08-28,2022-09-01,41,45,4,2.34,0.6598,0.001,Medium,1,1,0.6762042292080495,Medium,1443,67.62
PO002695,SUP016,P00027,Avionics,14,11910.22,SITE03,2024-12-09,2025-01-24,2025-01-26,46,48,2,2.44,0.6675,0.0024,Medium,1,1,0.6761826297207126,Medium,1444,67.62
PO025171,SUP016,P00259,Fasteners,4,6454.64,SITE05,2022-01-03,2022-02-25,2022-02-26,53,54,1,1.0,0.3333,0.0,Medium,1,1,0.6761514133001629,Medium,1445,67.62
PO016188,SUP027,P00163,Avionics,14,4128.88,SITE04,2023-02-27,2023-04-13,2023-04-14,45,46,1,2.52,0.6917,0.0004,Medium,1,1,0.6760759342427375,Medium,1446,67.61
PO027173,SUP014,P00275,Engine,10,10395.9,SITE06,2022-10-31,2022-12-11,2022-12-10,41,40,-1,2.59,0.7393,0.0009,Medium,0,1,0.6760418032059067,Medium,1447,67.6
PO011729,SUP013,P00120,Fasteners,9,12014.37,SITE01,2022-01-10,2022-03-01,2022-03-03,50,52,2,2.0,0.625,0.0,Medium,1,1,0.6759952161709643,Medium,1448,67.6
PO006087,SUP014,P00060,Cabin,49,26782.91,SITE06,2024-05-20,2024-07-09,2024-07-06,50,47,-3,2.42,0.6844,0.0006,Medium,0,1,0.6759643813118382,Medium,1449,67.6
PO010112,SUP021,P00101,Cabin,6,6410.28,SITE05,2023-04-03,2023-05-27,2023-05-30,54,57,3,2.48,0.7184,0.0006,Medium,1,1,0.675945871669942,Medium,1450,67.59
PO017827,SUP025,P00181,Structure,10,9956.5,SITE04,2022-10-10,2022-11-24,2022-11-23,45,44,-1,2.36,0.65,0.0013,Medium,0,1,0.6758996587373478,Medium,1451,67.59
PO028122,SUP018,P00286,Electrical,7,26976.11,SITE06,2023-12-04,2024-01-10,2024-01-10,37,37,0,2.3,0.6921,0.0014,Medium,0,1,0.6756888662038868,Medium,1452,67.57
PO002658,SUP016,P00027,Avionics,9,7656.57,SITE01,2023-08-14,2023-09-23,2023-09-27,40,44,4,2.37,0.6588,0.0037,Medium,1,1,0.6756621074880665,Medium,1453,67.57
PO006980,SUP027,P00070,Electrical,19,14210.67,SITE06,2023-05-29,2023-06-24,2023-06-24,26,26,0,2.53,0.6877,0.0004,Medium,0,1,0.6756516515856503,Medium,1454,67.57
PO009104,SUP039,P00090,Avionics,3,851.25,SITE06,2023-02-27,2023-04-02,2023-04-03,34,35,1,2.6,0.7,0.0,Medium,1,1,0.6756131073211076,Medium,1455,67.56
PO020584,SUP027,P00210,Engine,1,1074.18,SITE05,2022-06-13,2022-07-19,2022-07-26,36,43,7,2.71,0.7337,0.0,Medium,1,1,0.6755175879614306,Medium,1456,67.55
PO003812,SUP026,P00040,Structure,10,1665.1,SITE03,2022-05-02,2022-06-28,2022-07-01,57,60,3,2.49,0.7356,0.0018,Medium,1,1,0.6754231906556075,Medium,1457,67.54
PO011701,SUP014,P00119,Electrical,1,6480.24,SITE02,2024-05-20,2024-06-26,2024-06-28,37,39,2,2.42,0.6834,0.0006,Medium,1,1,0.6752964863849866,Medium,1458,67.53
PO005321,SUP027,P00056,Cabin,6,6949.5,SITE03,2023-01-30,2023-03-18,2023-03-17,47,46,-1,2.56,0.7002,0.0004,Medium,0,1,0.6752335870283985,Medium,1459,67.52
PO019183,SUP038,P00196,Electrical,3,8068.23,SITE02,2023-05-01,2023-06-12,2023-06-16,42,46,4,2.27,0.6628,0.0011,Medium,1,1,0.6752254894272294,Medium,1460,67.52
PO027262,SUP013,P00277,Electrical,22,27076.94,SITE02,2022-02-07,2022-03-29,2022-04-01,50,53,3,1.89,0.7234,0.0,Medium,1,1,0.6751765046068733,Medium,1461,67.52
PO016532,SUP023,P00167,Avionics,6,2185.68,SITE06,2023-05-29,2023-07-20,2023-07-24,52,56,4,2.68,0.775,0.0033,Medium,1,1,0.6751217095827652,Medium,1462,67.51
PO006019,SUP014,P00060,Cabin,51,27876.09,SITE04,2024-10-07,2024-11-27,2024-11-29,51,53,2,2.49,0.693,0.0008,Medium,1,1,0.6751000415031652,Medium,1463,67.51
PO003157,SUP024,P00033,Hydraulics,7,1938.09,SITE01,2023-09-18,2023-11-03,2023-11-05,46,48,2,2.38,0.6632,0.0014,Medium,1,1,0.6749630240722384,Medium,1464,67.5
PO005294,SUP027,P00056,Cabin,23,26639.75,SITE02,2023-06-05,2023-08-01,2023-08-08,57,64,7,2.52,0.6874,0.0004,Medium,1,1,0.6747975848988407,Medium,1465,67.48
PO000627,SUP024,P00005,Cabin,38,50158.48,SITE05,2023-01-30,2023-04-13,2023-04-17,73,77,4,2.32,0.671,0.001,Medium,1,1,0.6746796706954665,Medium,1466,67.47
PO011561,SUP038,P00116,Cabin,13,38010.31,SITE06,2024-07-29,2024-09-22,2024-09-27,55,60,5,2.34,0.6711,0.0013,Medium,1,1,0.6746734550007499,Medium,1467,67.47
PO018089,SUP016,P00184,Avionics,11,4663.89,SITE04,2024-04-29,2024-06-10,2024-06-14,42,46,4,2.46,0.6764,0.0031,Medium,1,1,0.6746662382899881,Medium,1468,67.47
PO013677,SUP040,P00138,LandingGear,3,7138.23,SITE05,2023-10-09,2023-11-09,2023-11-09,31,31,0,2.29,0.6563,0.0019,Medium,0,1,0.6746172165038264,Medium,1469,67.46
PO004972,SUP027,P00052,Electrical,12,14112.84,SITE02,2024-10-28,2024-11-27,2024-12-02,30,35,5,2.46,0.6918,0.0009,Medium,1,1,0.6744205018291141,Medium,1470,67.44
PO027309,SUP013,P00277,Electrical,23,28307.71,SITE04,2023-02-06,2023-03-26,2023-03-29,48,51,3,2.44,0.6779,0.0011,Medium,1,1,0.6743637166526384,Medium,1471,67.44
PO027373,SUP022,P00278,Fasteners,8,43567.28,SITE01,2023-02-27,2023-03-20,2023-03-19,21,20,-1,1.08,0.4178,0.0003,Low,0,1,0.6743160305849961,Medium,1472,67.43
PO027177,SUP014,P00275,Engine,8,8316.72,SITE06,2023-01-30,2023-03-20,2023-03-23,49,52,3,2.47,0.7119,0.0009,Medium,1,1,0.674299152672986,Medium,1473,67.43
PO017628,SUP006,P00178,Fasteners,13,10908.17,SITE06,2024-07-22,2024-09-19,2024-09-22,59,62,3,2.49,0.6791,0.0011,Medium,1,1,0.674294612178455,Medium,1474,67.43
PO010279,SUP018,P00103,Fasteners,4,5163.6,SITE03,2024-06-03,2024-07-22,2024-07-30,49,57,8,2.25,0.6879,0.0014,Medium,1,1,0.6742931963841177,Medium,1475,67.43
PO013308,SUP037,P00134,Hydraulics,23,8466.76,SITE06,2024-07-29,2024-08-27,2024-08-29,29,31,2,1.19,0.4359,0.0011,Low,1,1,0.6741804147258432,Medium,1476,67.42
PO003850,SUP026,P00040,Structure,19,3163.69,SITE04,2023-10-30,2023-12-28,2024-01-02,59,64,5,2.47,0.7024,0.0011,Medium,1,1,0.6741679502178883,Medium,1477,67.42
PO015359,SUP013,P00155,Avionics,3,11387.19,SITE02,2022-03-28,2022-05-21,2022-05-20,54,53,-1,1.96,0.6559,0.0022,Medium,0,1,0.6741247250126893,Medium,1478,67.41
PO007156,SUP006,P00072,Fasteners,9,51986.88,SITE04,2022-01-24,2022-03-23,2022-03-28,58,63,5,2.17,0.5417,0.0,Medium,1,1,0.674124421874422,Medium,1479,67.41
PO023165,SUP005,P00237,Structure,6,1149.18,SITE01,2023-02-20,2023-04-11,2023-04-12,50,51,1,2.54,0.6946,0.0,Medium,1,1,0.6740284948801281,Medium,1480,67.4
PO004130,SUP014,P00042,Fasteners,4,8955.28,SITE05,2022-12-26,2023-02-06,2023-02-06,42,42,0,2.58,0.7341,0.0008,Medium,0,1,0.6740129220575809,Medium,1481,67.4
PO009904,SUP040,P00100,Avionics,29,14118.36,SITE05,2022-05-09,2022-06-25,2022-06-24,47,46,-1,2.22,0.6536,0.0027,Medium,0,1,0.6739837212177365,Medium,1482,67.4
PO006992,SUP027,P00070,Electrical,13,9723.09,SITE06,2024-08-19,2024-09-10,2024-09-13,22,25,3,2.47,0.6921,0.0009,Medium,1,1,0.6738761981188021,Medium,1483,67.39
PO027280,SUP013,P00277,Electrical,17,20923.09,SITE02,2024-07-22,2024-09-10,2024-09-08,50,48,-2,2.43,0.6935,0.0014,Medium,0,1,0.6736060100663155,Medium,1484,67.36
PO027382,SUP022,P00278,Fasteners,12,65350.92,SITE02,2022-02-07,2022-03-02,2022-02-28,23,21,-2,0.88,0.3939,0.0,Low,0,1,0.6736008250994142,Medium,1485,67.36
PO002198,SUP015,P00021,Hydraulics,3,1246.11,SITE03,2024-07-01,2024-08-25,2024-08-30,55,60,5,2.57,0.7118,0.0018,Medium,1,1,0.6735616882916932,Medium,1486,67.36
PO000594,SUP024,P00005,Cabin,100,131996.0,SITE04,2023-02-06,2023-04-15,2023-04-13,68,66,-2,2.33,0.674,0.0009,Medium,0,1,0.6735142059182538,Medium,1487,67.35
PO026471,SUP006,P00270,Electrical,10,32958.1,SITE02,2022-07-25,2022-09-15,2022-09-17,52,54,2,2.41,0.6544,0.0005,Medium,1,1,0.6733975691408363,Medium,1488,67.34
PO025150,SUP016,P00259,Fasteners,5,8068.3,SITE03,2023-07-03,2023-08-13,2023-08-19,41,47,6,2.37,0.6584,0.0041,Medium,1,1,0.673345007965163,Medium,1489,67.33
PO009074,SUP039,P00090,Avionics,5,1418.75,SITE04,2022-09-12,2022-10-27,2022-10-31,45,49,4,2.37,0.6667,0.0,Medium,1,1,0.6731340681353982,Medium,1490,67.31
PO021481,SUP017,P00218,Cabin,21,49145.25,SITE03,2022-12-26,2023-01-30,2023-02-02,35,38,3,1.14,0.4406,0.0005,Low,1,1,0.6729378557111771,Medium,1491,67.29
PO029167,SUP002,P00297,LandingGear,14,17619.14,SITE04,2023-09-04,2023-10-30,2023-10-29,56,55,-1,2.51,0.6961,0.0011,Medium,0,1,0.6728760229454118,Medium,1492,67.29
PO022183,SUP028,P00224,Fasteners,24,68587.44,SITE04,2023-08-21,2023-09-16,2023-09-17,26,27,1,1.0,0.3986,0.001,Low,1,1,0.6728436969842044,Medium,1493,67.28
PO009217,SUP024,P00091,Electrical,12,20541.6,SITE06,2022-11-28,2023-01-13,2023-01-13,46,46,0,2.23,0.6581,0.0011,Medium,0,1,0.6726772558115768,Medium,1494,67.27
PO024087,SUP003,P00246,LandingGear,8,7946.56,SITE03,2024-05-13,2024-06-18,2024-06-21,36,39,3,2.28,0.6521,0.0001,Medium,1,1,0.6726211266122536,Medium,1495,67.26
PO009514,SUP013,P00095,Engine,7,3813.95,SITE02,2023-04-17,2023-06-14,2023-06-17,58,61,3,2.43,0.6731,0.0011,Medium,1,1,0.6726011955250099,Medium,1496,67.26
PO020781,SUP005,P00212,Fasteners,8,8487.52,SITE05,2022-03-28,2022-05-22,2022-05-21,55,54,-1,2.61,0.6957,0.0,Medium,0,1,0.6726011587273758,Medium,1497,67.26
PO021829,SUP021,P00222,Fasteners,5,12436.35,SITE02,2022-05-16,2022-07-05,2022-07-06,50,51,1,2.32,0.7018,0.0,Medium,1,1,0.6724674440902441,Medium,1498,67.25
PO027300,SUP013,P00277,Electrical,20,24615.4,SITE04,2022-04-25,2022-06-14,2022-06-18,50,54,4,2.05,0.64,0.0012,Medium,1,1,0.6724565002898334,Medium,1499,67.25
PO003856,SUP026,P00040,Structure,67,11156.17,SITE04,2024-05-27,2024-07-22,2024-07-28,56,62,6,2.39,0.6945,0.0012,Medium,1,1,0.6724479651555045,Medium,1500,67.24
PO009661,SUP003,P00097,Hydraulics,16,11231.36,SITE04,2022-04-04,2022-05-16,2022-05-18,42,44,2,2.3,0.625,0.0,Medium,1,1,0.6724370324985334,Medium,1501,67.24
PO017866,SUP025,P00181,Structure,12,11947.8,SITE06,2022-02-14,2022-03-31,2022-04-04,45,49,4,3.11,0.7778,0.0,Medium,1,1,0.6723314599803142,Medium,1502,67.23
PO009595,SUP026,P00096,Engine,3,1452.87,SITE02,2022-05-30,2022-08-12,2022-08-09,74,71,-3,2.55,0.7523,0.0012,Medium,0,1,0.6721397024875285,Medium,1503,67.21
PO000989,SUP040,P00007,Fasteners,11,29317.42,SITE06,2024-12-16,2025-02-02,2025-01-30,48,45,-3,2.28,0.6614,0.0016,Medium,0,1,0.6720265912880671,Medium,1504,67.2
PO001114,SUP018,P00008,Avionics,20,5793.2,SITE06,2022-07-04,2022-08-18,2022-08-20,45,47,2,2.32,0.7333,0.0017,Medium,1,1,0.6719757127030739,Medium,1505,67.2
PO010288,SUP018,P00103,Fasteners,19,24527.1,SITE04,2022-05-30,2022-07-07,2022-07-09,38,40,2,2.4,0.7222,0.0025,Medium,1,1,0.6718570459951836,Medium,1506,67.19
PO018023,SUP016,P00184,Avionics,9,3815.91,SITE01,2023-07-10,2023-08-19,2023-08-16,40,37,-3,2.39,0.6601,0.004,Medium,0,1,0.6718362386757203,Medium,1507,67.18
PO023469,SUP013,P00239,Structure,12,3277.2,SITE06,2022-08-08,2022-09-26,2022-09-25,49,48,-1,2.24,0.6584,0.001,Medium,0,1,0.6718055944666792,Medium,1508,67.18
PO018295,SUP040,P00186,Fasteners,11,10606.42,SITE06,2022-01-24,2022-03-11,2022-03-19,46,54,8,2.2,0.6857,0.0,Medium,1,1,0.6717943169767769,Medium,1509,67.18
PO006593,SUP031,P00067,LandingGear,9,7093.8,SITE03,2023-07-31,2023-08-28,2023-08-28,28,28,0,1.22,0.4112,0.0005,Low,0,1,0.6717807539682542,Medium,1510,67.18
PO018060,SUP016,P00184,Avionics,39,16535.61,SITE04,2022-03-21,2022-05-05,2022-05-05,45,45,0,2.59,0.75,0.0,Medium,0,1,0.6717293567955206,Medium,1511,67.17
PO021612,SUP021,P00219,Avionics,11,26259.97,SITE02,2023-02-27,2023-04-22,2023-04-28,54,60,6,2.52,0.7263,0.0007,Medium,1,1,0.6716572840358742,Medium,1512,67.17
PO019657,SUP003,P00200,Hydraulics,4,1148.84,SITE05,2024-12-16,2025-01-27,2025-02-02,42,48,6,2.33,0.6672,0.0011,Medium,1,1,0.6716260707903483,Medium,1513,67.16
PO027986,SUP004,P00285,Fasteners,5,4562.8,SITE02,2023-07-24,2023-09-08,2023-09-09,46,47,1,1.19,0.4644,0.0007,Low,1,1,0.6715923175332286,Medium,1514,67.16
PO026027,SUP009,P00267,Cabin,15,3268.35,SITE04,2023-10-02,2023-11-28,2023-11-28,57,57,0,2.2,0.6796,0.002,Medium,0,1,0.6715355321751346,Medium,1515,67.15
PO000988,SUP040,P00007,Fasteners,9,23986.98,SITE06,2024-11-04,2024-12-16,2024-12-20,42,46,4,2.28,0.6582,0.0016,Medium,1,1,0.6715050691212545,Medium,1516,67.15
PO015795,SUP015,P00159,Structure,19,7116.64,SITE01,2023-01-02,2023-02-08,2023-02-11,37,40,3,2.25,0.6887,0.0009,Medium,1,1,0.6714182922558144,Medium,1517,67.14
PO023947,SUP009,P00245,LandingGear,16,19925.6,SITE04,2022-08-15,2022-09-24,2022-09-25,40,41,1,2.49,0.7519,0.0017,Medium,1,1,0.6713772277753752,Medium,1518,67.14
PO021020,SUP024,P00215,Fasteners,6,13720.74,SITE01,2024-11-04,2024-12-29,2024-12-28,55,54,-1,2.47,0.6821,0.0011,Medium,0,1,0.6711736871423429,Medium,1519,67.12
PO028644,SUP027,P00292,Engine,6,2005.02,SITE02,2022-06-13,2022-08-02,2022-08-04,50,52,2,2.73,0.7351,0.0,Medium,1,1,0.6711617966830229,Medium,1520,67.12
PO024863,SUP038,P00257,Cabin,13,13752.31,SITE01,2024-04-29,2024-06-23,2024-06-26,55,58,3,2.31,0.6676,0.0013,Medium,1,1,0.6711262562314005,Medium,1521,67.11
PO022866,SUP002,P00231,Cabin,21,13196.19,SITE05,2024-11-25,2025-02-03,2025-02-09,70,76,6,2.61,0.7172,0.001,Medium,1,1,0.671095287453214,Medium,1522,67.11
PO008351,SUP009,P00084,Avionics,6,4190.22,SITE02,2022-05-16,2022-07-15,2022-07-17,60,62,2,2.25,0.6914,0.0,Medium,1,1,0.6710059209981263,Medium,1523,67.1
PO018308,SUP040,P00186,Fasteners,29,27962.38,SITE06,2024-02-05,2024-03-30,2024-04-03,54,58,4,2.25,0.6485,0.0021,Medium,1,1,0.6708990510768932,Medium,1524,67.09
PO003005,SUP023,P00030,Hydraulics,30,8848.8,SITE06,2024-10-21,2024-12-16,2024-12-23,56,63,7,2.68,0.7414,0.0032,Medium,1,1,0.6708198710307407,Medium,1525,67.08
PO022807,SUP002,P00231,Cabin,41,25763.99,SITE04,2022-02-07,2022-04-27,2022-04-28,79,80,1,2.11,0.6071,0.0,Medium,1,1,0.6706960339719692,Medium,1526,67.07
PO010223,SUP018,P00103,Fasteners,13,16781.7,SITE01,2022-06-20,2022-07-30,2022-07-30,40,40,0,2.36,0.7327,0.0019,Medium,0,1,0.6706808177297243,Medium,1527,67.07
PO014609,SUP026,P00147,Hydraulics,17,7387.35,SITE04,2024-11-18,2025-01-18,2025-01-23,61,66,5,2.5,0.704,0.0011,Medium,1,1,0.6705648081070914,Medium,1528,67.06
PO011217,SUP018,P00114,LandingGear,6,23939.76,SITE06,2024-10-07,2024-11-11,2024-11-16,35,40,5,2.25,0.6836,0.0015,Medium,1,1,0.6705475952669514,Medium,1529,67.05
PO017989,SUP005,P00183,Avionics,3,9241.74,SITE04,2022-11-07,2022-12-27,2022-12-25,50,48,-2,2.5,0.6721,0.0,Medium,0,1,0.6705402683035655,Medium,1530,67.05
PO027319,SUP013,P00277,Electrical,23,28307.71,SITE04,2024-07-01,2024-08-12,2024-08-09,42,39,-3,2.42,0.6903,0.0014,Medium,0,1,0.6704701895687664,Medium,1531,67.05
PO004989,SUP027,P00052,Electrical,15,17641.05,SITE04,2022-09-19,2022-10-15,2022-10-15,26,26,0,2.62,0.7067,0.0005,Medium,0,1,0.6704248814248813,Medium,1532,67.04
PO017937,SUP005,P00182,Engine,14,5207.72,SITE04,2023-11-27,2024-01-22,2024-01-20,56,54,-2,2.4,0.6655,0.0004,Medium,0,1,0.6704026046113495,Medium,1533,67.04
PO001586,SUP040,P00014,Hydraulics,15,2821.5,SITE06,2024-02-05,2024-03-17,2024-03-20,41,44,3,2.26,0.6496,0.0021,Medium,1,1,0.6703547290069028,Medium,1534,67.04
PO016069,SUP009,P00162,LandingGear,10,29480.8,SITE04,2024-08-26,2024-10-03,2024-10-12,38,47,9,2.28,0.6891,0.0016,Medium,1,1,0.6703545996664455,Medium,1535,67.04
PO008425,SUP009,P00084,Avionics,5,3491.85,SITE05,2022-03-28,2022-05-16,2022-05-19,49,52,3,2.33,0.6667,0.0,Medium,1,1,0.6703043283371991,Medium,1536,67.03
PO001575,SUP040,P00014,Hydraulics,6,1128.6,SITE06,2022-07-11,2022-08-27,2022-08-28,47,48,1,2.26,0.6489,0.0015,Medium,1,1,0.6703023286881545,Medium,1537,67.03
PO003027,SUP006,P00031,Engine,4,1888.64,SITE02,2024-01-22,2024-03-11,2024-03-15,49,53,4,2.49,0.6706,0.0011,Medium,1,1,0.6700569472156847,Medium,1538,67.01
PO022877,SUP002,P00231,Cabin,122,76663.58,SITE06,2022-09-19,2022-12-05,2022-12-15,77,87,10,2.46,0.6796,0.0006,Medium,1,1,0.669945201563429,Medium,1539,66.99
PO004997,SUP027,P00052,Electrical,15,17641.05,SITE04,2023-06-12,2023-07-10,2023-07-11,28,29,1,2.53,0.6892,0.0004,Medium,1,1,0.66983189385776,Medium,1540,66.98
PO025244,SUP013,P00260,Hydraulics,12,15779.64,SITE04,2022-09-05,2022-10-17,2022-10-23,42,48,6,2.3,0.6703,0.0012,Medium,1,1,0.6697851414955095,Medium,1541,66.98
PO009615,SUP026,P00096,Engine,4,1937.16,SITE05,2022-12-12,2023-03-01,2023-02-27,79,77,-2,2.31,0.6943,0.0007,Medium,0,1,0.6697795820164241,Medium,1542,66.98
PO020934,SUP034,P00214,Fasteners,6,5603.64,SITE02,2024-07-22,2024-08-29,2024-08-29,38,38,0,1.26,0.4538,0.0022,Low,0,1,0.6697376417013391,Medium,1543,66.97
PO006035,SUP014,P00060,Cabin,19,10385.21,SITE05,2023-02-13,2023-04-15,2023-04-13,61,59,-2,2.43,0.7074,0.0009,Medium,0,1,0.669733777501408,Medium,1544,66.97
PO010292,SUP018,P00103,Fasteners,7,9036.3,SITE04,2022-09-12,2022-10-19,2022-10-21,37,39,2,2.21,0.6972,0.0017,Medium,1,1,0.6697153588123205,Medium,1545,66.97
PO023419,SUP013,P00239,Structure,7,1911.7,SITE04,2022-10-10,2022-11-26,2022-12-01,47,52,5,2.41,0.6817,0.001,Medium,1,1,0.6696961809857032,Medium,1546,66.97
PO002191,SUP015,P00021,Hydraulics,7,2907.59,SITE02,2023-10-09,2023-11-28,2023-11-27,50,49,-1,2.37,0.6962,0.0025,Medium,0,1,0.6696746377254452,Medium,1547,66.97
PO002985,SUP023,P00030,Hydraulics,26,7668.96,SITE06,2022-12-19,2023-02-03,2023-02-07,46,50,4,3.09,0.8023,0.0052,Medium,1,1,0.6695883378296423,Medium,1548,66.96
PO013204,SUP039,P00133,Electrical,10,31097.0,SITE06,2024-11-11,2024-12-12,2024-12-13,31,32,1,2.47,0.6952,0.0024,Medium,1,1,0.6693523670883952,Medium,1549,66.94
PO014048,SUP040,P00141,LandingGear,15,7704.6,SITE06,2024-12-09,2025-01-21,2025-01-22,43,44,1,2.28,0.6599,0.0016,Medium,1,1,0.6693508554796517,Medium,1550,66.94
PO011409,SUP038,P00116,Cabin,9,26314.83,SITE01,2023-01-16,2023-03-01,2023-02-28,44,43,-1,2.21,0.6598,0.0008,Medium,0,1,0.6692248428661598,Medium,1551,66.92
PO010018,SUP021,P00101,Cabin,10,10683.8,SITE02,2023-07-24,2023-09-20,2023-09-18,58,56,-2,2.54,0.7227,0.0014,Medium,0,1,0.6689859086459856,Medium,1552,66.9
PO024855,SUP038,P00257,Cabin,9,9520.83,SITE01,2022-10-31,2022-12-24,2022-12-24,54,54,0,2.24,0.663,0.001,Medium,0,1,0.668913717396303,Medium,1553,66.89
PO017219,SUP006,P00175,Cabin,3,2719.71,SITE05,2024-02-26,2024-04-20,2024-04-21,54,55,1,2.46,0.6683,0.001,Medium,1,1,0.6687883085861246,Medium,1554,66.88
PO012566,SUP026,P00126,Electrical,22,54864.92,SITE06,2023-03-27,2023-05-21,2023-05-25,55,59,4,2.33,0.6944,0.0011,Medium,1,1,0.668753745036839,Medium,1555,66.88
PO028919,SUP014,P00295,Structure,6,1921.26,SITE02,2022-01-24,2022-02-23,2022-02-23,30,30,0,2.34,0.75,0.0,Medium,0,1,0.6687238367569247,Medium,1556,66.87
PO026535,SUP006,P00270,Electrical,6,19774.86,SITE06,2023-11-13,2024-01-08,2024-01-17,56,65,9,2.49,0.6686,0.0011,Medium,1,1,0.6684722453729928,Medium,1557,66.85
PO018317,SUP040,P00186,Fasteners,4,3856.88,SITE06,2024-12-16,2025-02-02,2025-02-04,48,50,2,2.29,0.6619,0.0016,Medium,1,1,0.6683418165097549,Medium,1558,66.83
PO003510,SUP014,P00037,Electrical,3,19863.15,SITE06,2024-01-29,2024-03-07,2024-03-11,38,42,4,2.46,0.693,0.0007,Medium,1,1,0.6680024797593624,Medium,1559,66.8
PO008500,SUP039,P00085,Cabin,4,22828.84,SITE03,2022-05-02,2022-06-16,2022-06-16,45,45,0,2.19,0.6296,0.0,Medium,0,1,0.6679266996205141,Medium,1560,66.79
PO007397,SUP006,P00076,Structure,9,10884.51,SITE03,2024-12-23,2025-02-09,2025-02-07,48,46,-2,2.52,0.6887,0.0013,Medium,0,1,0.6678748125463168,Medium,1561,66.79
PO000993,SUP018,P00008,Avionics,16,4634.56,SITE01,2022-04-18,2022-05-28,2022-05-30,40,42,2,2.21,0.6774,0.0,Medium,1,1,0.6678033216631767,Medium,1562,66.78
PO006001,SUP014,P00060,Cabin,50,27329.5,SITE04,2023-03-27,2023-05-26,2023-05-29,60,63,3,2.36,0.6979,0.0008,Medium,1,1,0.667726798605804,Medium,1563,66.77
PO024363,SUP015,P00250,Structure,4,19745.6,SITE02,2023-07-17,2023-08-26,2023-08-28,40,42,2,2.36,0.6964,0.0021,Medium,1,1,0.6676892076837344,Medium,1564,66.77
PO027484,SUP022,P00278,Fasteners,18,98026.38,SITE06,2023-11-27,2023-12-20,2023-12-19,23,22,-1,1.17,0.4426,0.0005,Low,0,1,0.6676766452564619,Medium,1565,66.77
PO028522,SUP002,P00290,LandingGear,30,34948.8,SITE04,2022-03-07,2022-04-22,2022-04-27,46,51,5,1.98,0.6279,0.0,Medium,1,1,0.6675548686645726,Medium,1566,66.76
PO013184,SUP039,P00133,Electrical,5,15548.5,SITE05,2024-09-02,2024-10-04,2024-10-07,32,35,3,2.45,0.6996,0.0027,Medium,1,1,0.6675138653616915,Medium,1567,66.75
PO018310,SUP040,P00186,Fasteners,12,11570.64,SITE06,2024-03-25,2024-05-07,2024-05-05,43,41,-2,2.28,0.6551,0.002,Medium,0,1,0.6674268775501375,Medium,1568,66.74
PO017199,SUP006,P00175,Cabin,41,37169.37,SITE04,2024-12-02,2025-01-29,2025-02-01,58,61,3,2.51,0.6888,0.0012,Medium,1,1,0.6674205649810884,Medium,1569,66.74
PO017235,SUP006,P00175,Cabin,13,11785.41,SITE06,2022-10-24,2022-12-24,2022-12-22,61,59,-2,2.51,0.671,0.0009,Medium,0,1,0.6672069087512298,Medium,1570,66.72
PO025187,SUP016,P00259,Fasteners,6,9681.96,SITE06,2022-02-21,2022-04-09,2022-04-11,47,49,2,2.62,0.7083,0.0,Medium,1,1,0.6669701473192737,Medium,1571,66.7
PO024857,SUP038,P00257,Cabin,8,8462.96,SITE01,2023-03-20,2023-05-17,2023-05-19,58,60,2,2.26,0.6598,0.0008,Medium,1,1,0.6669696289014251,Medium,1572,66.7
PO027788,SUP003,P00282,Electrical,4,11016.0,SITE04,2022-12-12,2023-01-12,2023-01-11,31,30,-1,2.29,0.6276,0.0,Medium,0,1,0.6669002719253251,Medium,1573,66.69
PO024861,SUP038,P00257,Cabin,9,9520.83,SITE01,2024-01-08,2024-03-02,2024-03-02,54,54,0,2.28,0.6617,0.0015,Medium,0,1,0.6668681436641862,Medium,1574,66.69
PO019803,SUP038,P00201,Cabin,49,66386.67,SITE06,2023-06-12,2023-08-05,2023-08-07,54,56,2,2.3,0.6674,0.001,Medium,1,1,0.6666963205957543,Medium,1575,66.67
PO005371,SUP027,P00056,Cabin,42,48646.5,SITE04,2024-10-14,2024-11-29,2024-12-01,46,48,2,2.45,0.6905,0.001,Medium,1,1,0.6666113199440323,Medium,1576,66.66
PO028641,SUP027,P00292,Engine,2,668.34,SITE01,2023-07-10,2023-08-28,2023-09-01,49,53,4,2.53,0.6906,0.0005,Medium,1,1,0.6665817826953163,Medium,1577,66.66
PO019437,SUP026,P00199,Cabin,19,20682.45,SITE01,2023-09-25,2023-12-03,2023-12-04,69,70,1,2.48,0.7032,0.001,Medium,1,1,0.6665776569539456,Medium,1578,66.66
PO013201,SUP039,P00133,Electrical,8,24877.6,SITE06,2024-04-08,2024-05-08,2024-05-08,30,30,0,2.38,0.6726,0.0026,Medium,0,1,0.6664759817257235,Medium,1579,66.65
PO002747,SUP016,P00027,Avionics,11,9358.03,SITE05,2024-11-04,2024-12-23,2024-12-23,49,49,0,2.46,0.6703,0.0025,Medium,0,1,0.6664293167661235,Medium,1580,66.64
PO010317,SUP018,P00103,Fasteners,18,23236.2,SITE05,2022-05-16,2022-07-01,2022-07-06,46,51,5,2.32,0.6835,0.0,Medium,1,1,0.666421964656534,Medium,1581,66.64
PO009664,SUP003,P00097,Hydraulics,6,4211.76,SITE04,2022-08-22,2022-10-04,2022-10-13,43,52,9,2.07,0.6048,0.0,Medium,1,1,0.6664177894275363,Medium,1582,66.64
PO001997,SUP027,P00018,Cabin,55,63436.45,SITE06,2022-12-26,2023-02-10,2023-02-14,46,50,4,2.6,0.7049,0.0005,Medium,1,1,0.6663637799169497,Medium,1583,66.64
PO019428,SUP026,P00199,Cabin,48,52250.4,SITE01,2022-09-12,2022-11-14,2022-11-15,63,64,1,2.49,0.7222,0.0005,Medium,1,1,0.6663324452158732,Medium,1584,66.63
PO000580,SUP024,P00005,Cabin,44,58078.24,SITE03,2024-11-04,2025-01-10,2025-01-11,67,68,1,2.48,0.6813,0.0011,Medium,1,1,0.6661446290858644,Medium,1585,66.61
PO011000,SUP039,P00111,Cabin,8,63610.72,SITE03,2022-08-08,2022-09-28,2022-10-01,51,54,3,2.54,0.6667,0.0,Medium,1,1,0.6661243064833177,Medium,1586,66.61
PO005413,SUP027,P00056,Cabin,65,75286.25,SITE06,2022-04-18,2022-06-07,2022-06-10,50,53,3,2.61,0.7209,0.0,Medium,1,1,0.6660373976007843,Medium,1587,66.6
PO022480,SUP001,P00227,LandingGear,3,2217.81,SITE03,2024-08-26,2024-09-27,2024-09-29,32,34,2,1.2,0.4208,0.0005,Low,1,1,0.6658999289109582,Medium,1588,66.59
PO007430,SUP006,P00076,Structure,2,2418.78,SITE05,2024-06-24,2024-08-11,2024-08-09,48,46,-2,2.51,0.6785,0.001,Medium,0,1,0.6658285188068843,Medium,1589,66.58
PO002770,SUP016,P00027,Avionics,30,25521.9,SITE06,2023-12-11,2024-01-23,2024-01-20,43,40,-3,2.42,0.664,0.0034,Medium,0,1,0.6655996412261109,Medium,1590,66.56
PO027252,SUP013,P00277,Electrical,9,11076.93,SITE01,2023-04-24,2023-06-10,2023-06-14,47,51,4,2.43,0.6768,0.0011,Medium,1,1,0.6655397515527951,Medium,1591,66.55
PO027767,SUP021,P00281,Fasteners,5,50527.9,SITE06,2024-03-25,2024-05-27,2024-05-24,63,60,-3,2.5,0.7132,0.0011,Medium,0,1,0.665533266988449,Medium,1592,66.55
PO015185,SUP026,P00153,Fasteners,10,22612.9,SITE06,2024-09-16,2024-12-08,2024-12-13,83,88,5,2.5,0.7053,0.0012,Medium,1,1,0.665403910109761,Medium,1593,66.54
PO015047,SUP025,P00151,Hydraulics,25,24239.75,SITE06,2024-11-25,2025-01-10,2025-01-09,46,45,-1,2.47,0.6869,0.0017,Medium,0,1,0.6652842878260714,Medium,1594,66.53
PO006476,SUP038,P00065,Fasteners,15,21264.15,SITE06,2023-09-18,2023-11-16,2023-11-17,59,60,1,2.28,0.6642,0.0013,Medium,1,1,0.6652467258516699,Medium,1595,66.52
PO012508,SUP026,P00126,Electrical,3,7481.58,SITE01,2022-04-11,2022-05-30,2022-06-03,49,53,4,2.45,0.7297,0.0034,Medium,1,1,0.665224477817664,Medium,1596,66.52
PO006965,SUP027,P00070,Electrical,13,9723.09,SITE06,2022-05-09,2022-06-04,2022-06-08,26,30,4,2.56,0.7192,0.0,Medium,1,1,0.6652206017432511,Medium,1597,66.52
PO009924,SUP040,P00100,Avionics,3,1460.52,SITE05,2024-09-23,2024-11-06,2024-11-10,44,48,4,2.28,0.6594,0.0016,Medium,1,1,0.665052123400875,Medium,1598,66.51
PO029211,SUP002,P00297,LandingGear,11,13843.61,SITE06,2022-10-31,2022-12-27,2022-12-31,57,61,4,2.42,0.6857,0.0009,Medium,1,1,0.6648375269995764,Medium,1599,66.48
PO027027,SUP004,P00274,Avionics,31,6791.17,SITE04,2024-01-01,2024-02-09,2024-02-06,39,36,-3,1.19,0.4533,0.0006,Low,0,1,0.6648119549879979,Medium,1600,66.48
PO011130,SUP025,P00112,Hydraulics,17,3854.41,SITE06,2023-11-27,2024-01-13,2024-01-15,47,49,2,2.55,0.6866,0.0016,Medium,1,1,0.6646761491605968,Medium,1601,66.47
PO016023,SUP009,P00162,LandingGear,3,8844.24,SITE01,2024-03-18,2024-04-25,2024-04-25,38,38,0,2.23,0.6743,0.0017,Medium,0,1,0.6645614307883126,Medium,1602,66.46
PO020692,SUP005,P00212,Fasteners,6,6365.64,SITE01,2022-03-07,2022-04-24,2022-04-24,48,48,0,2.67,0.6667,0.0,Medium,0,1,0.6644959491603047,Medium,1603,66.45
PO029419,SUP003,P00299,Fasteners,13,9002.11,SITE01,2024-05-20,2024-06-28,2024-06-29,39,40,1,2.27,0.6537,0.0001,Medium,1,1,0.6644907295206484,Medium,1604,66.45
PO013544,SUP038,P00137,Fasteners,22,17470.42,SITE04,2024-02-19,2024-04-11,2024-04-08,52,49,-3,2.3,0.6633,0.0014,Medium,0,1,0.6644681035952407,Medium,1605,66.45
PO009531,SUP013,P00095,Engine,19,10352.15,SITE04,2022-05-30,2022-07-27,2022-07-29,58,60,2,2.15,0.649,0.0017,Medium,1,1,0.6644653149242732,Medium,1606,66.45
PO028272,SUP035,P00287,Cabin,21,43401.75,SITE05,2024-08-05,2024-09-15,2024-09-12,41,38,-3,1.23,0.4411,0.0017,Low,0,1,0.6644116489101245,Medium,1607,66.44
PO006938,SUP027,P00070,Electrical,12,8975.16,SITE04,2024-02-19,2024-03-14,2024-03-19,24,29,5,2.54,0.6956,0.0007,Medium,1,1,0.66437861167209,Medium,1608,66.44
PO004635,SUP006,P00048,Fasteners,10,13840.3,SITE01,2022-03-28,2022-05-31,2022-06-01,64,65,1,2.68,0.6667,0.0,Medium,1,1,0.6643472766167782,Medium,1609,66.43
PO009605,SUP026,P00096,Engine,3,1452.87,SITE04,2022-03-28,2022-06-04,2022-06-08,68,72,4,2.44,0.7302,0.0,Medium,1,1,0.6643390849921817,Medium,1610,66.43
PO002712,SUP016,P00027,Avionics,20,17014.6,SITE04,2023-03-27,2023-05-09,2023-05-18,43,52,9,2.34,0.6562,0.0053,Medium,1,1,0.6641615615284672,Medium,1611,66.42
PO020016,SUP024,P00203,Fasteners,25,32729.0,SITE06,2024-02-26,2024-04-20,2024-04-23,54,57,3,2.48,0.6759,0.0013,Medium,1,1,0.664120275562708,Medium,1612,66.41
PO007920,SUP027,P00080,Cabin,13,34391.76,SITE05,2022-02-21,2022-04-08,2022-04-11,46,49,3,2.7,0.7193,0.0,Medium,1,1,0.663995106541037,Medium,1613,66.4
PO001572,SUP040,P00014,Hydraulics,3,564.3,SITE05,2024-08-12,2024-09-30,2024-10-03,49,52,3,2.29,0.6606,0.0017,Medium,1,1,0.6639817378841352,Medium,1614,66.4
PO015736,SUP024,P00158,Structure,19,35782.32,SITE04,2024-03-11,2024-05-04,2024-05-03,54,53,-1,2.48,0.6763,0.0012,Medium,0,1,0.6639537959334922,Medium,1615,66.4
PO002670,SUP016,P00027,Avionics,8,6805.84,SITE02,2022-12-26,2023-02-09,2023-02-11,45,47,2,2.28,0.6587,0.0021,Medium,1,1,0.6639211127620616,Medium,1616,66.39
PO003921,SUP026,P00040,Structure,16,2664.16,SITE06,2024-08-19,2024-10-15,2024-10-16,57,58,1,2.48,0.7055,0.0012,Medium,1,1,0.663917286140206,Medium,1617,66.39
PO007627,SUP012,P00078,Electrical,9,14871.24,SITE04,2023-07-24,2023-08-07,2023-08-04,14,11,-3,1.02,0.4061,0.0006,Low,0,1,0.66388129672508,Medium,1618,66.39
PO021669,SUP023,P00220,Electrical,4,35972.0,SITE03,2024-05-20,2024-06-28,2024-06-27,39,38,-1,2.65,0.7512,0.0033,Medium,0,1,0.6636867751424202,Medium,1619,66.37
PO008499,SUP039,P00085,Cabin,7,39950.47,SITE03,2022-04-11,2022-05-23,2022-05-26,42,45,3,2.05,0.55,0.0,Medium,1,1,0.6634823429632433,Medium,1620,66.35
PO015728,SUP024,P00158,Structure,36,67798.08,SITE04,2023-05-29,2023-07-23,2023-07-27,55,59,4,2.33,0.6641,0.0015,Medium,1,1,0.6633858478881917,Medium,1621,66.34
PO003792,SUP026,P00040,Structure,5,832.55,SITE01,2024-03-18,2024-05-14,2024-05-13,57,56,-1,2.4,0.6952,0.0012,Medium,0,1,0.663285818427695,Medium,1622,66.33
PO029354,SUP006,P00298,Avionics,35,10682.0,SITE05,2023-02-13,2023-04-20,2023-04-18,66,64,-2,2.41,0.6644,0.0008,Medium,0,1,0.6630473224261344,Medium,1623,66.3
PO007352,SUP031,P00075,Engine,1,1671.55,SITE05,2023-11-27,2024-01-18,2024-01-16,52,50,-2,1.26,0.4283,0.0006,Low,0,1,0.6629775523601424,Medium,1624,66.3
PO000919,SUP040,P00007,Fasteners,9,23986.98,SITE03,2023-11-06,2023-12-22,2023-12-22,46,46,0,2.32,0.6576,0.0019,Medium,0,1,0.6626673092329977,Medium,1625,66.27
PO013536,SUP038,P00137,Fasteners,66,52411.26,SITE04,2023-05-22,2023-07-10,2023-07-14,49,53,4,2.3,0.6652,0.0011,Medium,1,1,0.662639470520184,Medium,1626,66.26
PO012545,SUP026,P00126,Electrical,14,34914.04,SITE04,2023-09-18,2023-11-06,2023-11-08,49,51,2,2.49,0.7041,0.001,Medium,1,1,0.6625900946253729,Medium,1627,66.26
PO024325,SUP031,P00249,Hydraulics,7,3470.11,SITE04,2024-09-09,2024-10-19,2024-10-17,40,38,-2,1.25,0.4357,0.0005,Low,0,1,0.6625207911250843,Medium,1628,66.25
PO018281,SUP040,P00186,Fasteners,7,6749.54,SITE04,2024-09-02,2024-10-23,2024-10-27,51,55,4,2.28,0.6599,0.0017,Medium,1,1,0.6623610307481377,Medium,1629,66.24
PO028121,SUP018,P00286,Electrical,4,15414.92,SITE06,2023-09-25,2023-11-06,2023-11-14,42,50,8,2.32,0.6944,0.0015,Medium,1,1,0.6623259380932051,Medium,1630,66.23
PO020825,SUP005,P00212,Fasteners,24,25462.56,SITE06,2024-05-06,2024-06-20,2024-06-22,45,47,2,2.4,0.6647,0.0003,Medium,1,1,0.6622004808517638,Medium,1631,66.22
PO009075,SUP039,P00090,Avionics,10,2837.5,SITE04,2022-09-26,2022-11-06,2022-11-08,41,43,2,2.63,0.6765,0.0,Medium,1,1,0.6621906065693876,Medium,1632,66.22
PO000442,SUP040,P00003,Avionics,26,5705.44,SITE06,2024-11-25,2025-01-11,2025-01-18,47,54,7,2.27,0.659,0.0015,Medium,1,1,0.662058359884123,Medium,1633,66.21
PO016660,SUP015,P00169,Structure,14,11403.14,SITE06,2022-10-24,2022-12-04,2022-12-06,41,43,2,2.36,0.7154,0.0012,Medium,1,1,0.6619823213632753,Medium,1634,66.2
PO025976,SUP009,P00267,Cabin,20,4357.8,SITE03,2022-05-30,2022-07-30,2022-08-02,61,64,3,2.19,0.6875,0.0011,Medium,1,1,0.6618537134712458,Medium,1635,66.19
PO002999,SUP023,P00030,Hydraulics,28,8258.88,SITE06,2024-07-15,2024-09-02,2024-09-02,49,49,0,2.67,0.7456,0.0036,Medium,0,1,0.661839584432807,Medium,1636,66.18
PO013506,SUP038,P00137,Fasteners,29,23029.19,SITE03,2023-03-13,2023-05-06,2023-05-09,54,57,3,2.26,0.6632,0.0008,Medium,1,1,0.6618069914468614,Medium,1637,66.18
PO022976,SUP005,P00233,Cabin,7,72779.63,SITE04,2022-02-21,2022-04-19,2022-04-19,57,57,0,2.67,0.6667,0.0,Medium,0,1,0.6616972640440628,Medium,1638,66.17
PO014638,SUP026,P00147,Hydraulics,10,4345.5,SITE06,2023-10-16,2023-12-20,2023-12-28,65,73,8,2.46,0.7022,0.0011,Medium,1,1,0.6616656717935185,Medium,1639,66.17
PO023978,SUP009,P00245,LandingGear,6,7472.1,SITE05,2023-12-18,2024-01-22,2024-01-31,35,44,9,2.24,0.6791,0.0019,Medium,1,1,0.6616310728490394,Medium,1640,66.16
PO014562,SUP026,P00147,Hydraulics,9,3910.95,SITE01,2024-07-08,2024-09-07,2024-09-04,61,58,-3,2.43,0.6995,0.0011,Medium,0,1,0.6616272551813779,Medium,1641,66.16
PO029370,SUP006,P00298,Avionics,43,13123.6,SITE06,2022-02-28,2022-04-26,2022-05-05,57,66,9,2.59,0.6667,0.0,Medium,1,1,0.6616234735335572,Medium,1642,66.16
PO021834,SUP021,P00222,Fasteners,10,24872.7,SITE02,2023-09-25,2023-11-25,2023-11-30,61,66,5,2.58,0.7343,0.0012,Medium,1,1,0.6615831726254254,Medium,1643,66.16
PO021832,SUP021,P00222,Fasteners,4,9949.08,SITE02,2023-07-03,2023-08-30,2023-09-04,58,63,5,2.52,0.7251,0.0014,Medium,1,1,0.6615697767232899,Medium,1644,66.16
PO001510,SUP040,P00014,Hydraulics,4,752.4,SITE01,2024-09-16,2024-11-04,2024-11-06,49,51,2,2.28,0.6606,0.0016,Medium,1,1,0.661514563850583,Medium,1645,66.15
PO008428,SUP009,P00084,Avionics,13,9078.81,SITE05,2022-11-14,2023-01-04,2023-01-09,51,56,5,2.32,0.7,0.0015,Medium,1,1,0.6612964271721199,Medium,1646,66.13
PO018548,SUP038,P00189,Fasteners,11,23905.09,SITE04,2022-05-23,2022-07-11,2022-07-11,49,49,0,2.01,0.6522,0.0,Medium,0,1,0.6612195935356731,Medium,1647,66.12
PO002666,SUP016,P00027,Avionics,11,9358.03,SITE02,2022-03-28,2022-05-11,2022-05-14,44,47,3,2.52,0.7273,0.0,Medium,1,1,0.6611790816345747,Medium,1648,66.12
PO015915,SUP015,P00159,Structure,40,14982.4,SITE06,2024-11-25,2024-12-29,2024-12-30,34,35,1,2.55,0.7005,0.0019,Medium,1,1,0.6611387645724173,Medium,1649,66.11
PO006456,SUP038,P00065,Fasteners,4,5670.44,SITE04,2024-11-25,2025-01-14,2025-01-20,50,56,6,2.32,0.6724,0.0014,Medium,1,1,0.661129254374376,Medium,1650,66.11
PO018715,SUP002,P00191,LandingGear,10,11014.7,SITE04,2022-09-26,2022-11-25,2022-11-26,60,61,1,2.5,0.6857,0.0006,Medium,1,1,0.6611000015179355,Medium,1651,66.11
PO011033,SUP039,P00111,Cabin,4,31805.36,SITE06,2022-05-09,2022-06-28,2022-06-30,50,52,2,2.26,0.6471,0.0,Medium,1,1,0.6610566662454388,Medium,1652,66.11
PO005481,SUP013,P00057,Avionics,12,1418.16,SITE02,2024-08-19,2024-10-18,2024-10-18,60,60,0,2.44,0.6949,0.0015,Medium,0,1,0.6608917721627187,Medium,1653,66.09
PO004413,SUP018,P00046,Avionics,16,2785.92,SITE01,2023-05-29,2023-07-27,2023-07-26,59,58,-1,2.28,0.7025,0.0011,Medium,0,1,0.6608769118960066,Medium,1654,66.09
PO025975,SUP009,P00267,Cabin,24,5229.36,SITE03,2022-04-04,2022-05-29,2022-06-01,55,58,3,2.26,0.6552,0.0,Medium,1,1,0.6607964201320318,Medium,1655,66.08
PO011705,SUP014,P00119,Electrical,3,19440.72,SITE03,2023-12-11,2024-01-13,2024-01-17,33,37,4,2.46,0.6939,0.0008,Medium,1,1,0.6605998456987888,Medium,1656,66.06
PO009810,SUP040,P00100,Avionics,6,2921.04,SITE01,2023-10-02,2023-11-16,2023-11-19,45,48,3,2.28,0.6562,0.0018,Medium,1,1,0.6605736207866012,Medium,1657,66.06
PO015735,SUP024,P00158,Structure,7,13182.96,SITE04,2024-02-19,2024-04-13,2024-04-15,54,56,2,2.49,0.6787,0.0013,Medium,1,1,0.6604361698903447,Medium,1658,66.04
PO003935,SUP017,P00041,Fasteners,5,3503.9,SITE01,2023-07-03,2023-07-27,2023-07-27,24,24,0,1.11,0.4329,0.0005,Low,0,1,0.6601763448657139,Medium,1659,66.02
PO026497,SUP006,P00270,Electrical,10,32958.1,SITE04,2022-11-14,2023-01-06,2023-01-10,53,57,4,2.51,0.6716,0.0009,Medium,1,1,0.6600880068722074,Medium,1660,66.01
PO013663,SUP040,P00138,LandingGear,9,21414.69,SITE04,2024-06-17,2024-07-25,2024-08-01,38,45,7,2.27,0.6572,0.0018,Medium,1,1,0.6600524968201746,Medium,1661,66.01
PO002794,SUP017,P00028,Engine,15,7078.65,SITE01,2024-09-30,2024-10-29,2024-11-02,29,33,4,1.11,0.4136,0.0007,Low,1,1,0.659798163532032,Medium,1662,65.98
PO025247,SUP013,P00260,Hydraulics,4,5259.88,SITE04,2022-11-14,2022-12-28,2023-01-01,44,48,4,2.44,0.6816,0.0009,Medium,1,1,0.6596937566995619,Medium,1663,65.97
PO019465,SUP026,P00199,Cabin,31,33745.05,SITE02,2022-12-12,2023-02-16,2023-02-18,66,68,2,2.3,0.6923,0.0007,Medium,1,1,0.6596812970198732,Medium,1664,65.97
PO010227,SUP018,P00103,Fasteners,24,30981.6,SITE01,2022-11-14,2022-12-23,2022-12-28,39,44,5,2.17,0.6901,0.0019,Medium,1,1,0.6596755035933266,Medium,1665,65.97
PO000971,SUP040,P00007,Fasteners,17,45308.74,SITE06,2023-04-03,2023-05-23,2023-05-26,50,53,3,2.19,0.6556,0.0023,Medium,1,1,0.6596233542166005,Medium,1666,65.96
PO027557,SUP003,P00280,Cabin,37,53194.9,SITE01,2024-06-10,2024-08-04,2024-08-06,55,57,2,2.28,0.6533,0.0001,Medium,1,1,0.6595093089750943,Medium,1667,65.95
PO029158,SUP002,P00297,LandingGear,18,22653.18,SITE04,2022-10-31,2022-12-15,2022-12-14,45,44,-1,2.43,0.6885,0.0009,Medium,0,1,0.6595010464937463,Medium,1668,65.95
PO001084,SUP018,P00008,Avionics,36,10427.76,SITE04,2024-09-30,2024-11-23,2024-11-25,54,56,2,2.26,0.6866,0.0015,Medium,1,1,0.6594327613495536,Medium,1669,65.94
PO011108,SUP025,P00112,Hydraulics,3,680.19,SITE05,2024-11-04,2024-12-24,2024-12-28,50,54,4,2.47,0.686,0.0018,Medium,1,1,0.6593402408952014,Medium,1670,65.93
PO018499,SUP038,P00189,Fasteners,3,6519.57,SITE01,2023-01-09,2023-02-19,2023-02-19,41,41,0,2.23,0.6647,0.0008,Medium,0,1,0.6592099817954882,Medium,1671,65.92
PO020807,SUP005,P00212,Fasteners,36,38193.84,SITE06,2023-01-30,2023-03-24,2023-03-22,53,51,-2,2.57,0.7037,0.0,Medium,0,1,0.6591931699236572,Medium,1672,65.92
PO013156,SUP039,P00133,Electrical,11,34206.7,SITE03,2024-08-26,2024-09-28,2024-10-01,33,36,3,2.43,0.6974,0.0028,Medium,1,1,0.6590889922766109,Medium,1673,65.91
PO005779,SUP036,P00059,Cabin,11,13023.67,SITE03,2023-11-13,2023-12-29,2024-01-03,46,51,5,1.16,0.4086,0.0021,Low,1,1,0.6590728208364521,Medium,1674,65.91
PO013341,SUP013,P00135,Electrical,3,30941.58,SITE06,2023-12-25,2024-01-29,2024-01-26,35,32,-3,2.4,0.6877,0.0016,Medium,0,1,0.6590585435351204,Medium,1675,65.91
PO009198,SUP024,P00091,Electrical,4,6847.2,SITE05,2022-08-22,2022-09-28,2022-10-05,37,44,7,2.18,0.6346,0.001,Medium,1,1,0.6590162585236115,Medium,1676,65.9
PO018717,SUP002,P00191,LandingGear,8,8811.76,SITE04,2022-11-07,2023-01-06,2023-01-06,60,60,0,2.43,0.6883,0.0008,Medium,0,1,0.6590082416810752,Medium,1677,65.9
PO022578,SUP040,P00228,Fasteners,4,32287.24,SITE04,2022-05-16,2022-07-08,2022-07-11,53,56,3,2.2,0.6509,0.0026,Medium,1,1,0.6588455908758462,Medium,1678,65.88
PO002741,SUP016,P00027,Avionics,16,13611.68,SITE05,2023-12-18,2024-01-27,2024-01-25,40,38,-2,2.41,0.6601,0.0034,Medium,0,1,0.6587753903321955,Medium,1679,65.88
PO016132,SUP027,P00163,Avionics,28,8257.76,SITE01,2024-06-03,2024-07-18,2024-07-16,45,43,-2,2.51,0.6884,0.0009,Medium,0,1,0.6587695101832425,Medium,1680,65.88
PO009886,SUP040,P00100,Avionics,26,12657.84,SITE04,2023-09-25,2023-11-10,2023-11-13,46,49,3,2.29,0.6585,0.0018,Medium,1,1,0.6586964083124033,Medium,1681,65.87
PO012546,SUP026,P00126,Electrical,36,89778.96,SITE04,2023-10-23,2023-12-09,2023-12-12,47,50,3,2.47,0.701,0.0011,Medium,1,1,0.6585422737190052,Medium,1682,65.85
PO012190,SUP029,P00123,Cabin,15,45010.95,SITE01,2023-04-03,2023-05-20,2023-05-27,47,54,7,1.16,0.4337,0.0009,Low,1,1,0.6585045536359645,Medium,1683,65.85
PO005282,SUP027,P00056,Cabin,23,26639.75,SITE02,2022-04-18,2022-06-11,2022-06-09,54,52,-2,2.63,0.7266,0.0,Medium,0,1,0.6584709757637804,Medium,1684,65.85
PO010126,SUP021,P00101,Cabin,18,19230.84,SITE05,2024-09-09,2024-11-08,2024-11-06,60,58,-2,2.47,0.6983,0.0011,Medium,0,1,0.6584594492030601,Medium,1685,65.85
PO004731,SUP006,P00048,Fasteners,15,20760.45,SITE04,2023-10-09,2023-12-18,2023-12-23,70,75,5,2.49,0.6672,0.0012,Medium,1,1,0.6584244100873,Medium,1686,65.84
PO026242,SUP036,P00268,Cabin,91,38893.4,SITE04,2024-09-16,2024-10-29,2024-10-30,43,44,1,1.22,0.4189,0.0014,Low,1,1,0.6583894666526294,Medium,1687,65.84
PO015119,SUP026,P00153,Fasteners,5,11306.45,SITE03,2023-07-17,2023-09-21,2023-09-23,66,68,2,2.45,0.6943,0.0011,Medium,1,1,0.6583867024928983,Medium,1688,65.84
PO022789,SUP002,P00231,Cabin,33,20736.87,SITE03,2023-06-26,2023-09-22,2023-09-28,88,94,6,2.48,0.6942,0.0012,Medium,1,1,0.6583861487794384,Medium,1689,65.84
PO010000,SUP021,P00101,Cabin,15,16025.7,SITE02,2022-02-28,2022-05-13,2022-05-14,74,75,1,2.26,0.6087,0.0,Medium,1,1,0.6583852439643856,Medium,1690,65.84
PO018677,SUP002,P00191,LandingGear,19,20927.93,SITE02,2023-01-02,2023-02-28,2023-03-09,57,66,9,2.46,0.6942,0.0009,Medium,1,1,0.6583514238771867,Medium,1691,65.84
PO028994,SUP014,P00295,Structure,3,960.63,SITE05,2024-12-23,2025-01-26,2025-01-27,34,35,1,2.5,0.692,0.0008,Medium,1,1,0.6583266241608634,Medium,1692,65.83
PO013974,SUP040,P00141,LandingGear,13,6677.32,SITE04,2022-03-28,2022-05-09,2022-05-12,42,45,3,2.13,0.6505,0.0038,Medium,1,1,0.6580321248924528,Medium,1693,65.8
PO001597,SUP040,P00014,Hydraulics,20,3762.0,SITE06,2024-11-18,2025-01-09,2025-01-10,52,53,1,2.27,0.6575,0.0015,Medium,1,1,0.6580221495311002,Medium,1694,65.8
PO004645,SUP006,P00048,Fasteners,14,19376.42,SITE01,2023-02-13,2023-04-14,2023-04-19,60,65,5,2.39,0.6635,0.0008,Medium,1,1,0.6580015344588582,Medium,1695,65.8
PO013202,SUP039,P00133,Electrical,25,77742.5,SITE06,2024-07-29,2024-08-28,2024-08-28,30,30,0,2.42,0.6911,0.0022,Medium,0,1,0.6579666806085833,Medium,1696,65.8
PO010080,SUP021,P00101,Cabin,38,40598.44,SITE04,2023-01-02,2023-03-03,2023-03-05,60,62,2,2.47,0.7405,0.0008,Medium,1,1,0.6577988022982586,Medium,1697,65.78
PO011517,SUP038,P00116,Cabin,8,23390.96,SITE05,2023-03-27,2023-05-17,2023-05-23,51,57,6,2.27,0.6616,0.0011,Medium,1,1,0.6576393954693803,Medium,1698,65.76
PO007145,SUP006,P00072,Fasteners,10,57763.2,SITE03,2022-10-10,2022-12-04,2022-12-10,55,61,6,2.49,0.6735,0.001,Medium,1,1,0.6573498935632556,Medium,1699,65.73
PO029199,SUP002,P00297,LandingGear,18,22653.18,SITE05,2024-05-20,2024-07-14,2024-07-13,55,54,-1,2.55,0.7081,0.001,Medium,0,1,0.6573058150455211,Medium,1700,65.73
PO027379,SUP022,P00278,Fasteners,6,32675.46,SITE01,2024-07-15,2024-08-06,2024-08-04,22,20,-2,1.15,0.445,0.0009,Low,0,1,0.6571342891652107,Medium,1701,65.71
PO019893,SUP024,P00203,Fasteners,6,7854.96,SITE02,2022-11-21,2023-01-27,2023-01-31,67,71,4,2.23,0.658,0.0011,Medium,1,1,0.6571056751146237,Medium,1702,65.71
PO001117,SUP018,P00008,Avionics,40,11586.4,SITE06,2022-10-31,2022-12-16,2022-12-18,46,48,2,2.21,0.7062,0.0015,Medium,1,1,0.6569838708929161,Medium,1703,65.7
PO012571,SUP026,P00126,Electrical,4,9975.44,SITE06,2024-04-22,2024-06-22,2024-06-23,61,62,1,2.4,0.6954,0.0013,Medium,1,1,0.6569136581372387,Medium,1704,65.69
PO024425,SUP013,P00251,Hydraulics,13,25625.47,SITE04,2023-01-23,2023-02-28,2023-03-05,36,41,5,2.44,0.68,0.0011,Medium,1,1,0.6568491183681126,Medium,1705,65.68
PO023214,SUP005,P00237,Structure,7,1340.71,SITE06,2023-08-07,2023-09-16,2023-09-21,40,45,5,2.5,0.6807,0.0,Medium,1,1,0.6567817691251951,Medium,1706,65.68
PO021082,SUP024,P00215,Fasteners,9,20581.11,SITE05,2024-04-22,2024-06-25,2024-06-26,64,65,1,2.49,0.6801,0.0012,Medium,1,1,0.6566917501215124,Medium,1707,65.67
PO003336,SUP030,P00035,Hydraulics,5,23903.7,SITE04,2024-07-08,2024-08-16,2024-08-17,39,40,1,1.2,0.4232,0.001,Low,1,1,0.6564621154310943,Medium,1708,65.65
PO000579,SUP024,P00005,Cabin,93,122756.28,SITE03,2024-10-21,2024-12-31,2025-01-01,71,72,1,2.48,0.6793,0.0011,Medium,1,1,0.6563508500299592,Medium,1709,65.64
PO019649,SUP003,P00200,Hydraulics,4,1148.84,SITE04,2024-02-26,2024-04-12,2024-04-13,46,47,1,2.29,0.6513,0.0002,Medium,1,1,0.6562609914641943,Medium,1710,65.63
PO009554,SUP013,P00095,Engine,19,10352.15,SITE04,2024-09-16,2024-11-07,2024-11-10,52,55,3,2.43,0.6919,0.0015,Medium,1,1,0.6562557804842789,Medium,1711,65.63
PO019492,SUP026,P00199,Cabin,48,52250.4,SITE03,2022-06-06,2022-08-10,2022-08-12,65,67,2,2.58,0.7436,0.0011,Medium,1,1,0.656250867285281,Medium,1712,65.63
PO027323,SUP013,P00277,Electrical,15,18461.55,SITE04,2024-08-19,2024-09-30,2024-10-03,42,45,3,2.43,0.6931,0.0015,Medium,1,1,0.6561440939660583,Medium,1713,65.61
PO009245,SUP025,P00092,Avionics,4,1042.4,SITE02,2022-09-05,2022-10-20,2022-10-20,45,45,0,2.49,0.6695,0.0016,Medium,0,1,0.6561327708121745,Medium,1714,65.61
PO002200,SUP015,P00021,Hydraulics,34,14122.58,SITE04,2022-09-26,2022-11-03,2022-11-07,38,42,4,2.24,0.717,0.0014,Medium,1,1,0.6560954310715666,Medium,1715,65.61
PO005445,SUP013,P00057,Avionics,12,1418.16,SITE01,2022-03-07,2022-05-05,2022-05-08,59,62,3,1.96,0.6479,0.0064,Medium,1,1,0.6560449357270944,Medium,1716,65.6
PO029450,SUP003,P00299,Fasteners,3,2077.41,SITE03,2023-12-18,2024-01-21,2024-01-25,34,38,4,2.28,0.6603,0.0002,Medium,1,1,0.655924030867086,Medium,1717,65.59
PO006420,SUP038,P00065,Fasteners,2,2835.22,SITE01,2022-09-26,2022-11-08,2022-11-11,43,46,3,2.26,0.6696,0.0009,Medium,1,1,0.6558482731318271,Medium,1718,65.58
PO006007,SUP014,P00060,Cabin,29,15851.11,SITE04,2023-09-11,2023-10-30,2023-11-01,49,51,2,2.47,0.7035,0.0009,Medium,1,1,0.6556419807561916,Medium,1719,65.56
PO009552,SUP013,P00095,Engine,49,26697.65,SITE04,2024-08-19,2024-10-13,2024-10-12,55,54,-1,2.43,0.6939,0.0015,Medium,0,1,0.6555844327520607,Medium,1720,65.56
PO014019,SUP040,P00141,LandingGear,7,3595.48,SITE06,2022-05-16,2022-06-23,2022-07-01,38,46,8,2.17,0.6488,0.0026,Medium,1,1,0.6555097324390203,Medium,1721,65.55
PO019519,SUP026,P00199,Cabin,8,8708.4,SITE04,2022-01-31,2022-04-13,2022-04-16,72,75,3,2.54,0.6667,0.0,Medium,1,1,0.6555089921842132,Medium,1722,65.55
PO014590,SUP026,P00147,Hydraulics,32,13905.6,SITE04,2022-04-11,2022-06-05,2022-06-10,55,60,5,2.43,0.7237,0.0034,Medium,1,1,0.6554441303827638,Medium,1723,65.54
PO004336,SUP019,P00045,Fasteners,5,20225.75,SITE03,2024-01-15,2024-02-16,2024-02-15,32,31,-1,1.14,0.411,0.002,Low,0,1,0.6553349745793877,Medium,1724,65.53
PO007443,SUP006,P00076,Structure,18,21769.02,SITE06,2023-07-03,2023-08-20,2023-08-19,48,47,-1,2.49,0.6702,0.001,Medium,0,1,0.6552666015873579,Medium,1725,65.53
PO023331,SUP040,P00238,Cabin,23,16077.23,SITE06,2023-01-23,2023-03-16,2023-03-16,52,52,0,2.2,0.6608,0.0023,Medium,0,1,0.6552606521346457,Medium,1726,65.53
PO012796,SUP014,P00128,Fasteners,16,17639.2,SITE05,2022-01-10,2022-02-24,2022-02-24,45,45,0,2.64,0.7857,0.0,Medium,0,1,0.6551381120648346,Medium,1727,65.51
PO002016,SUP027,P00018,Cabin,31,35755.09,SITE06,2024-10-21,2024-12-07,2024-12-12,47,52,5,2.45,0.6907,0.001,Medium,1,1,0.6549589612815403,Medium,1728,65.5
PO022651,SUP040,P00230,Avionics,6,1891.26,SITE01,2024-06-03,2024-07-29,2024-08-02,56,60,4,2.27,0.6564,0.0018,Medium,1,1,0.6548950274910107,Medium,1729,65.49
PO023260,SUP040,P00238,Cabin,12,8388.12,SITE03,2022-09-05,2022-11-01,2022-11-02,57,58,1,2.31,0.6713,0.0018,Medium,1,1,0.6546618085934213,Medium,1730,65.47
PO028938,SUP014,P00295,Structure,8,2561.68,SITE03,2022-09-12,2022-10-14,2022-10-14,32,32,0,2.65,0.7475,0.0012,Medium,0,1,0.6546521740387039,Medium,1731,65.47
PO017823,SUP025,P00181,Structure,14,13939.1,SITE04,2022-03-14,2022-04-23,2022-04-28,40,45,5,2.91,0.7353,0.0083,Medium,1,1,0.6546489050402092,Medium,1732,65.46
PO006040,SUP014,P00060,Cabin,6,3279.54,SITE05,2023-05-29,2023-07-23,2023-07-23,55,55,0,2.46,0.7069,0.0009,Medium,0,1,0.6545757599047612,Medium,1733,65.46
PO012467,SUP018,P00125,Avionics,1,1490.01,SITE02,2024-02-12,2024-03-28,2024-03-29,45,46,1,2.28,0.6804,0.0012,Medium,1,1,0.6544609756698464,Medium,1734,65.45
PO023506,SUP013,P00240,Electrical,6,6674.64,SITE01,2023-07-24,2023-09-03,2023-08-31,41,38,-3,2.43,0.6855,0.0017,Medium,0,1,0.6544217486288458,Medium,1735,65.44
PO016034,SUP009,P00162,LandingGear,6,17688.48,SITE03,2022-04-11,2022-05-19,2022-05-23,38,42,4,2.23,0.6557,0.0,Medium,1,1,0.654397034253119,Medium,1736,65.44
PO015388,SUP013,P00155,Avionics,3,11387.19,SITE06,2022-04-25,2022-06-12,2022-06-12,48,48,0,2.08,0.6504,0.0012,Medium,0,1,0.6543824315855186,Medium,1737,65.44
PO026547,SUP006,P00270,Electrical,15,49437.15,SITE06,2024-12-09,2025-02-02,2025-02-05,55,58,3,2.5,0.6874,0.0013,Medium,1,1,0.6541656362489137,Medium,1738,65.42
PO025031,SUP038,P00257,Cabin,11,11636.57,SITE06,2023-11-13,2024-01-02,2024-01-10,50,58,8,2.25,0.659,0.0016,Medium,1,1,0.654079394480698,Medium,1739,65.41
PO001877,SUP027,P00018,Cabin,11,12687.29,SITE02,2024-05-13,2024-06-24,2024-06-25,42,43,1,2.51,0.6896,0.0008,Medium,1,1,0.6540768194416491,Medium,1740,65.41
PO013567,SUP038,P00137,Fasteners,6,4764.66,SITE05,2024-05-20,2024-07-09,2024-07-14,50,55,5,2.31,0.6658,0.0013,Medium,1,1,0.6539073785967328,Medium,1741,65.39
PO020491,SUP009,P00209,Avionics,7,1494.43,SITE01,2024-12-09,2025-01-27,2025-01-28,49,50,1,2.33,0.6938,0.0015,Medium,1,1,0.6538729363947401,Medium,1742,65.39
PO020708,SUP005,P00212,Fasteners,8,8487.52,SITE01,2024-10-07,2024-11-29,2024-11-29,53,53,0,2.36,0.6634,0.0002,Medium,0,1,0.6538539004821268,Medium,1743,65.39
PO027981,SUP004,P00285,Fasteners,7,6387.92,SITE02,2022-12-19,2023-01-29,2023-02-01,41,44,3,1.17,0.4712,0.0012,Low,1,1,0.6538506279320789,Medium,1744,65.39
PO019706,SUP038,P00201,Cabin,10,13548.3,SITE02,2024-05-06,2024-06-22,2024-06-19,47,44,-3,2.3,0.6649,0.0013,Medium,0,1,0.6537184795898563,Medium,1745,65.37
PO020794,SUP005,P00212,Fasteners,10,10609.4,SITE05,2024-02-05,2024-03-25,2024-03-27,49,51,2,2.4,0.6602,0.0003,Medium,1,1,0.6537174717475115,Medium,1746,65.37
PO002006,SUP027,P00018,Cabin,33,38061.87,SITE06,2023-09-11,2023-10-30,2023-10-27,49,46,-3,2.49,0.6899,0.0006,Medium,0,1,0.6536451939228807,Medium,1747,65.36
PO017808,SUP025,P00181,Structure,4,3982.6,SITE03,2022-05-16,2022-06-25,2022-06-25,40,40,0,2.42,0.6567,0.002,Medium,0,1,0.6536099771822044,Medium,1748,65.36
PO008474,SUP009,P00084,Avionics,25,17459.25,SITE06,2024-07-22,2024-09-15,2024-09-16,55,56,1,2.27,0.684,0.0015,Medium,1,1,0.6535569610752127,Medium,1749,65.36
PO019756,SUP038,P00201,Cabin,53,71805.99,SITE04,2023-08-21,2023-10-15,2023-10-14,55,54,-1,2.29,0.6692,0.001,Medium,0,1,0.6535275919888235,Medium,1750,65.35
PO025015,SUP038,P00257,Cabin,83,87803.21,SITE06,2022-07-25,2022-09-11,2022-09-12,48,49,1,2.27,0.6793,0.0008,Medium,1,1,0.6534842827518982,Medium,1751,65.35
PO029472,SUP003,P00299,Fasteners,4,2769.88,SITE04,2023-08-21,2023-09-30,2023-10-03,40,43,3,2.25,0.6581,0.0,Medium,1,1,0.6533708479984375,Medium,1752,65.34
PO000917,SUP040,P00007,Fasteners,6,15991.32,SITE03,2023-07-10,2023-08-20,2023-08-17,41,38,-3,2.3,0.6645,0.0021,Medium,0,1,0.6533434952060246,Medium,1753,65.33
PO022812,SUP002,P00231,Cabin,45,28277.55,SITE04,2022-07-25,2022-10-11,2022-10-14,78,81,3,2.44,0.6812,0.0005,Medium,1,1,0.653318359539809,Medium,1754,65.33
PO027181,SUP014,P00275,Engine,10,10395.9,SITE06,2024-04-29,2024-06-16,2024-06-18,48,50,2,2.45,0.691,0.0006,Medium,1,1,0.6532546514012355,Medium,1755,65.33
PO008528,SUP039,P00085,Cabin,5,28536.05,SITE05,2023-02-27,2023-04-16,2023-04-14,48,46,-2,2.62,0.7059,0.0,Medium,0,1,0.6530702717680877,Medium,1756,65.31
PO013145,SUP039,P00133,Electrical,7,21767.9,SITE02,2024-05-13,2024-06-17,2024-06-22,35,40,5,2.38,0.6792,0.0025,Medium,1,1,0.6530454840217623,Medium,1757,65.3
PO028989,SUP014,P00295,Structure,3,960.63,SITE05,2024-01-22,2024-02-22,2024-02-27,31,36,5,2.46,0.6919,0.0007,Medium,1,1,0.652982128622289,Medium,1758,65.3
PO014064,SUP031,P00142,LandingGear,2,1123.1,SITE03,2023-02-13,2023-03-15,2023-03-14,30,29,-1,1.17,0.4103,0.0003,Low,0,1,0.6529712463462464,Medium,1759,65.3
PO001573,SUP040,P00014,Hydraulics,8,1504.8,SITE05,2024-10-28,2024-12-15,2024-12-16,48,49,1,2.28,0.6576,0.0016,Medium,1,1,0.6529622733829632,Medium,1760,65.3
PO009701,SUP003,P00097,Hydraulics,17,11933.32,SITE06,2024-04-22,2024-06-05,2024-06-03,44,42,-2,2.3,0.6531,0.0001,Medium,0,1,0.6529557636401078,Medium,1761,65.3
PO018760,SUP002,P00191,LandingGear,2,2202.94,SITE06,2022-04-25,2022-06-25,2022-06-29,61,65,4,2.4,0.7011,0.0017,Medium,1,1,0.6529119462570427,Medium,1762,65.29
PO028249,SUP035,P00287,Cabin,18,37201.5,SITE05,2022-03-14,2022-04-20,2022-04-19,37,36,-1,1.26,0.3846,0.0,Low,0,1,0.6527695282442156,Medium,1763,65.28
PO007420,SUP006,P00076,Structure,5,6046.95,SITE05,2022-02-28,2022-04-21,2022-04-25,52,56,4,2.56,0.661,0.0,Medium,1,1,0.6525967852790906,Medium,1764,65.26
PO003801,SUP026,P00040,Structure,4,666.04,SITE02,2023-01-16,2023-03-17,2023-03-17,60,60,0,2.34,0.6953,0.001,Medium,0,1,0.6525092945573984,Medium,1765,65.25
PO010605,SUP022,P00107,Engine,5,5877.1,SITE03,2022-09-19,2022-10-27,2022-10-30,38,41,3,1.01,0.3807,0.0,Low,1,1,0.6524522047065152,Medium,1766,65.25
PO029154,SUP002,P00297,LandingGear,17,21394.67,SITE04,2022-05-09,2022-07-01,2022-07-05,53,57,4,2.44,0.7059,0.0013,Medium,1,1,0.652224923189122,Medium,1767,65.22
PO002154,SUP013,P00020,Hydraulics,2,590.8,SITE03,2024-06-17,2024-08-06,2024-08-10,50,54,4,2.42,0.6906,0.0014,Medium,1,1,0.6522230867248192,Medium,1768,65.22
PO014633,SUP026,P00147,Hydraulics,9,3910.95,SITE06,2023-02-13,2023-04-14,2023-04-17,60,63,3,2.32,0.6912,0.0009,Medium,1,1,0.652185713642821,Medium,1769,65.22
PO028529,SUP002,P00290,LandingGear,18,20969.28,SITE04,2023-06-19,2023-08-07,2023-08-08,49,50,1,2.45,0.6911,0.0013,Medium,1,1,0.6521547451572839,Medium,1770,65.22
PO003176,SUP024,P00033,Hydraulics,9,2491.83,SITE02,2024-11-04,2024-12-28,2025-01-01,54,58,4,2.48,0.6817,0.0011,Medium,1,1,0.6518953318044045,Medium,1771,65.19
PO027346,SUP013,P00277,Electrical,5,6153.85,SITE06,2023-01-23,2023-03-12,2023-03-13,48,49,1,2.45,0.6783,0.0011,Medium,1,1,0.6518930883387628,Medium,1772,65.19
PO000309,SUP040,P00003,Avionics,35,7680.4,SITE02,2023-02-27,2023-04-25,2023-04-27,57,59,2,2.22,0.6645,0.0024,Medium,1,1,0.65186275137942,Medium,1773,65.19
PO013981,SUP040,P00141,LandingGear,45,23113.8,SITE04,2023-05-22,2023-06-26,2023-06-25,35,34,-1,2.26,0.6527,0.002,Medium,0,1,0.6518331927113581,Medium,1774,65.18
PO004431,SUP018,P00046,Avionics,14,2437.68,SITE02,2022-06-20,2022-08-12,2022-08-09,53,50,-3,2.38,0.7374,0.0019,Medium,0,1,0.6517707310847941,Medium,1775,65.18
PO027119,SUP014,P00275,Engine,15,15593.85,SITE01,2024-09-30,2024-11-13,2024-11-18,44,49,5,2.5,0.6937,0.0008,Medium,1,1,0.6517418410874942,Medium,1776,65.17
PO019552,SUP026,P00199,Cabin,46,50073.3,SITE04,2024-10-21,2024-12-26,2024-12-28,66,68,2,2.49,0.7025,0.0011,Medium,1,1,0.6516537627546991,Medium,1777,65.17
PO005970,SUP014,P00060,Cabin,18,9838.62,SITE03,2023-06-26,2023-08-18,2023-08-18,53,53,0,2.42,0.6983,0.0009,Medium,0,1,0.6516309158066137,Medium,1778,65.16
PO000751,SUP002,P00006,Cabin,47,31271.92,SITE03,2022-08-29,2022-11-09,2022-11-09,72,72,0,2.43,0.6738,0.0007,Medium,0,1,0.6516265842515009,Medium,1779,65.16
PO018058,SUP016,P00184,Avionics,26,11023.74,SITE03,2024-06-03,2024-07-18,2024-07-17,45,44,-1,2.49,0.675,0.0029,Medium,0,1,0.6515651386112251,Medium,1780,65.16
PO021087,SUP024,P00215,Fasteners,13,29728.27,SITE05,2024-11-04,2025-01-01,2025-01-03,58,60,2,2.47,0.6803,0.0011,Medium,1,1,0.6515601833970978,Medium,1781,65.16
PO018504,SUP038,P00189,Fasteners,12,26078.28,SITE01,2023-09-25,2023-11-04,2023-11-05,40,41,1,2.26,0.6613,0.0012,Medium,1,1,0.6515307836515839,Medium,1782,65.15
PO000925,SUP040,P00007,Fasteners,37,98613.14,SITE04,2022-05-23,2022-07-03,2022-07-02,41,40,-1,2.18,0.6494,0.0025,Medium,0,1,0.6513968057398196,Medium,1783,65.14
PO028120,SUP018,P00286,Electrical,4,15414.92,SITE06,2023-08-21,2023-09-25,2023-10-03,35,43,8,2.3,0.6928,0.0014,Medium,1,1,0.6513189445582735,Medium,1784,65.13
PO023287,SUP040,P00238,Cabin,17,11883.17,SITE04,2022-08-22,2022-10-15,2022-10-18,54,57,3,2.29,0.6618,0.0016,Medium,1,1,0.651220142974203,Medium,1785,65.12
PO017099,SUP006,P00175,Cabin,9,8159.13,SITE01,2024-11-25,2025-01-20,2025-01-23,56,59,3,2.51,0.6906,0.0012,Medium,1,1,0.6511579402432441,Medium,1786,65.12
PO009624,SUP026,P00096,Engine,8,3874.32,SITE06,2023-08-28,2023-11-01,2023-11-03,65,67,2,2.45,0.6992,0.001,Medium,1,1,0.6511361975144928,Medium,1787,65.11
PO019750,SUP038,P00201,Cabin,42,56902.86,SITE04,2023-02-27,2023-04-29,2023-04-29,61,61,0,2.26,0.6649,0.0008,Medium,0,1,0.650779349649852,Medium,1788,65.08
PO015027,SUP025,P00151,Hydraulics,31,30057.29,SITE06,2022-06-13,2022-07-24,2022-07-21,41,38,-3,2.39,0.6667,0.0013,Medium,0,1,0.6507694092123718,Medium,1789,65.08
PO027148,SUP014,P00275,Engine,7,7277.13,SITE04,2023-01-09,2023-02-20,2023-02-23,42,45,3,2.54,0.7254,0.0007,Medium,1,1,0.6507397994817808,Medium,1790,65.07
PO019635,SUP003,P00200,Hydraulics,9,2584.89,SITE03,2023-09-18,2023-10-29,2023-11-08,41,51,10,2.25,0.653,0.0002,Medium,1,1,0.650734038770624,Medium,1791,65.07
PO012524,SUP026,P00126,Electrical,3,7481.58,SITE03,2023-07-31,2023-09-23,2023-09-26,54,57,3,2.47,0.6961,0.0011,Medium,1,1,0.6506545289897451,Medium,1792,65.07
PO004930,SUP013,P00051,LandingGear,4,35817.24,SITE05,2022-05-09,2022-06-15,2022-06-18,37,40,3,2.11,0.6466,0.001,Medium,1,1,0.6506340153101648,Medium,1793,65.06
PO000881,SUP040,P00007,Fasteners,12,31982.64,SITE01,2022-09-05,2022-10-26,2022-10-28,51,53,2,2.33,0.6725,0.0018,Medium,1,1,0.650545843929426,Medium,1794,65.05
PO005309,SUP027,P00056,Cabin,10,11582.5,SITE03,2022-02-28,2022-04-11,2022-04-14,42,45,3,2.68,0.7273,0.0,Medium,1,1,0.6504575018692874,Medium,1795,65.05
PO005513,SUP013,P00057,Avionics,31,3663.58,SITE04,2022-02-07,2022-03-30,2022-04-02,51,54,3,1.97,0.7436,0.0,Medium,1,1,0.6501697685639573,Medium,1796,65.02
PO005251,SUP027,P00056,Cabin,17,19690.25,SITE01,2022-04-04,2022-05-17,2022-05-19,43,45,2,2.51,0.7273,0.0,Medium,1,1,0.6500249348704727,Medium,1797,65.0
PO027653,SUP003,P00280,Cabin,18,25878.6,SITE05,2022-05-23,2022-07-07,2022-07-07,45,45,0,2.36,0.6111,0.0,Medium,0,1,0.6496435428558036,Medium,1798,64.96
PO009878,SUP040,P00100,Avionics,22,10710.48,SITE04,2022-11-07,2022-12-17,2022-12-18,40,41,1,2.22,0.6612,0.0015,Medium,1,1,0.64954336918045,Medium,1799,64.95
PO001895,SUP027,P00018,Cabin,7,8073.73,SITE03,2023-01-30,2023-03-13,2023-03-13,42,42,0,2.57,0.7028,0.0004,Medium,0,1,0.6494609487659023,Medium,1800,64.95
PO007139,SUP006,P00072,Fasteners,19,109750.08,SITE02,2023-10-09,2023-12-04,2023-12-03,56,55,-1,2.5,0.6672,0.0012,Medium,0,1,0.6494249740848781,Medium,1801,64.94
PO029336,SUP006,P00298,Avionics,28,8545.6,SITE04,2024-07-15,2024-09-20,2024-09-19,67,66,-1,2.49,0.6785,0.001,Medium,0,1,0.6493735951937191,Medium,1802,64.94
PO004477,SUP018,P00046,Avionics,17,2960.04,SITE04,2022-10-24,2022-12-13,2022-12-13,50,50,0,2.21,0.7051,0.0015,Medium,0,1,0.649359026916124,Medium,1803,64.94
PO023261,SUP040,P00238,Cabin,10,6990.1,SITE03,2022-09-26,2022-11-19,2022-11-23,54,58,4,2.31,0.6752,0.0017,Medium,1,1,0.6493355071995873,Medium,1804,64.93
PO006973,SUP027,P00070,Electrical,12,8975.16,SITE06,2023-02-06,2023-03-07,2023-03-10,29,32,3,2.53,0.6944,0.0004,Medium,1,1,0.6493344088633779,Medium,1805,64.93
PO005405,SUP027,P00056,Cabin,52,60229.0,SITE05,2024-07-15,2024-09-03,2024-09-08,50,55,5,2.48,0.6887,0.0009,Medium,1,1,0.6492790516424859,Medium,1806,64.93
PO023532,SUP013,P00240,Electrical,11,12236.84,SITE03,2022-10-10,2022-11-25,2022-11-25,46,46,0,2.43,0.6837,0.001,Medium,0,1,0.6492743628440047,Medium,1807,64.93
PO003024,SUP006,P00031,Engine,4,1888.64,SITE02,2022-12-05,2023-02-14,2023-02-17,71,74,3,2.5,0.6685,0.0008,Medium,1,1,0.64918916666622,Medium,1808,64.92
PO010125,SUP021,P00101,Cabin,11,11752.18,SITE05,2024-07-22,2024-10-02,2024-10-01,72,71,-1,2.53,0.7103,0.0011,Medium,0,1,0.6491061557556855,Medium,1809,64.91
PO015738,SUP024,P00158,Structure,19,35782.32,SITE04,2024-10-07,2024-11-29,2024-11-30,53,54,1,2.49,0.6785,0.0011,Medium,1,1,0.6490982925363449,Medium,1810,64.91
PO010337,SUP018,P00103,Fasteners,35,45181.5,SITE06,2022-04-25,2022-06-02,2022-06-08,38,44,6,2.18,0.6716,0.0,Medium,1,1,0.6490317227072633,Medium,1811,64.9
PO013316,SUP013,P00135,Electrical,1,10313.86,SITE02,2023-03-13,2023-04-13,2023-04-19,31,37,6,2.43,0.6715,0.001,Medium,1,1,0.6489180965412582,Medium,1812,64.89
PO008508,SUP039,P00085,Cabin,14,79900.94,SITE03,2024-12-02,2025-01-20,2025-01-29,49,58,9,2.46,0.6973,0.0024,Medium,1,1,0.6488457506001896,Medium,1813,64.88
PO015714,SUP024,P00158,Structure,10,18832.8,SITE04,2022-04-25,2022-06-18,2022-06-17,54,53,-1,2.33,0.6486,0.0018,Medium,0,1,0.648802278965813,Medium,1814,64.88
PO000567,SUP024,P00005,Cabin,15,19799.4,SITE03,2023-07-24,2023-09-26,2023-09-26,64,64,0,2.35,0.6667,0.0015,Medium,0,1,0.6487963631847002,Medium,1815,64.88
PO022004,SUP012,P00223,Avionics,19,10140.87,SITE03,2023-06-26,2023-08-02,2023-08-01,37,36,-1,1.02,0.4065,0.0004,Low,0,1,0.6487757194041092,Medium,1816,64.88
PO009694,SUP003,P00097,Hydraulics,10,7019.6,SITE06,2023-05-15,2023-06-24,2023-06-28,40,44,4,2.32,0.6551,0.0,Medium,1,1,0.64875559919378,Medium,1817,64.88
PO005514,SUP013,P00057,Avionics,4,472.72,SITE04,2022-04-04,2022-05-31,2022-05-29,57,55,-2,1.98,0.6531,0.0015,Medium,0,1,0.6487408702432995,Medium,1818,64.87
PO010983,SUP039,P00111,Cabin,4,31805.36,SITE01,2023-04-17,2023-06-05,2023-06-06,49,50,1,2.67,0.7132,0.0,Medium,1,1,0.6486836777778248,Medium,1819,64.87
PO019758,SUP038,P00201,Cabin,62,83999.46,SITE04,2023-09-25,2023-11-20,2023-11-21,56,57,1,2.27,0.6631,0.0012,Medium,1,1,0.6486372944984281,Medium,1820,64.86
PO011496,SUP038,P00116,Cabin,79,230985.73,SITE04,2024-01-15,2024-03-12,2024-03-18,57,63,6,2.28,0.6612,0.0015,Medium,1,1,0.6486145185419981,Medium,1821,64.86
PO022367,SUP027,P00226,Hydraulics,11,12483.57,SITE01,2023-09-11,2023-10-21,2023-10-23,40,42,2,2.5,0.6926,0.0006,Medium,1,1,0.6485927978587939,Medium,1822,64.86
PO000901,SUP040,P00007,Fasteners,10,26652.2,SITE02,2023-01-16,2023-02-27,2023-02-27,42,42,0,2.24,0.6651,0.0023,Medium,0,1,0.6485761511978088,Medium,1823,64.86
PO024994,SUP038,P00257,Cabin,12,12694.44,SITE05,2023-11-06,2023-12-29,2023-12-26,53,50,-3,2.25,0.6577,0.0016,Medium,0,1,0.6485699656990968,Medium,1824,64.86
PO019313,SUP040,P00198,LandingGear,13,15157.35,SITE02,2022-09-05,2022-10-14,2022-10-15,39,40,1,2.33,0.6748,0.0018,Medium,1,1,0.6485668530920143,Medium,1825,64.86
PO017217,SUP006,P00175,Cabin,7,6345.99,SITE05,2023-12-18,2024-02-24,2024-02-22,68,66,-2,2.47,0.668,0.0012,Medium,0,1,0.6484233896384497,Medium,1826,64.84
PO021259,SUP008,P00216,Avionics,39,11967.54,SITE06,2024-02-05,2024-03-01,2024-02-28,25,23,-2,1.15,0.4224,0.0013,Low,0,1,0.6483738930600824,Medium,1827,64.84
PO022904,SUP021,P00232,Engine,4,2679.64,SITE01,2022-10-17,2022-12-29,2023-01-01,73,76,3,2.48,0.7402,0.001,Medium,1,1,0.6482921222413958,Medium,1828,64.83
PO016662,SUP015,P00169,Structure,13,10588.63,SITE06,2023-05-22,2023-07-02,2023-07-06,41,45,4,2.32,0.6976,0.0024,Medium,1,1,0.6482447960007777,Medium,1829,64.82
PO020576,SUP027,P00210,Engine,1,1074.18,SITE03,2024-09-16,2024-11-03,2024-11-04,48,49,1,2.46,0.6898,0.0009,Medium,1,1,0.6482346662021418,Medium,1830,64.82
PO005011,SUP027,P00052,Electrical,10,11760.7,SITE04,2024-10-07,2024-11-03,2024-11-02,27,26,-1,2.45,0.6897,0.001,Medium,0,1,0.6481827646733054,Medium,1831,64.82
PO012757,SUP014,P00128,Fasteners,12,13229.4,SITE03,2023-11-20,2023-12-28,2023-12-28,38,38,0,2.49,0.6986,0.0008,Medium,0,1,0.6481008129131784,Medium,1832,64.81
PO010221,SUP018,P00103,Fasteners,39,50345.1,SITE01,2022-04-18,2022-06-05,2022-06-04,48,47,-1,2.2,0.6769,0.0,Medium,0,1,0.6480085248923693,Medium,1833,64.8
PO011495,SUP038,P00116,Cabin,35,102335.45,SITE04,2023-12-11,2024-01-23,2024-01-27,43,47,4,2.25,0.6609,0.0016,Medium,1,1,0.6479492027109446,Medium,1834,64.79
PO000922,SUP040,P00007,Fasteners,5,13326.1,SITE03,2024-08-19,2024-10-03,2024-10-03,45,45,0,2.3,0.6623,0.0017,Medium,0,1,0.6479188822781891,Medium,1835,64.79
PO017581,SUP006,P00178,Fasteners,21,17620.89,SITE04,2024-04-22,2024-06-13,2024-06-13,52,52,0,2.5,0.6769,0.001,Medium,0,1,0.6478859655455762,Medium,1836,64.79
PO023213,SUP005,P00237,Structure,18,3447.54,SITE06,2023-07-31,2023-09-11,2023-09-14,42,45,3,2.51,0.6822,0.0,Medium,1,1,0.6478568675216324,Medium,1837,64.79
PO000986,SUP040,P00007,Fasteners,6,15991.32,SITE06,2024-08-05,2024-09-15,2024-09-16,41,42,1,2.29,0.6606,0.0017,Medium,1,1,0.647851227148674,Medium,1838,64.79
PO015030,SUP025,P00151,Hydraulics,27,26178.93,SITE06,2022-08-01,2022-09-22,2022-09-26,52,56,4,2.4,0.6762,0.0009,Medium,1,1,0.647824534372825,Medium,1839,64.78
PO018309,SUP040,P00186,Fasteners,6,5785.32,SITE06,2024-02-12,2024-03-28,2024-04-04,45,52,7,2.25,0.6502,0.0021,Medium,1,1,0.6478223203001942,Medium,1840,64.78
PO009196,SUP024,P00091,Electrical,25,42795.0,SITE05,2022-05-23,2022-07-07,2022-07-06,45,44,-1,2.39,0.6667,0.0018,Medium,0,1,0.6478096886363061,Medium,1841,64.78
PO010121,SUP021,P00101,Cabin,16,17094.08,SITE05,2024-03-25,2024-05-22,2024-05-26,58,62,4,2.51,0.7139,0.0011,Medium,1,1,0.6477912278217499,Medium,1842,64.78
PO004674,SUP006,P00048,Fasteners,20,27680.6,SITE02,2023-05-29,2023-07-28,2023-07-26,60,58,-2,2.46,0.6635,0.0011,Medium,0,1,0.6476382141405224,Medium,1843,64.76
PO029028,SUP014,P00295,Structure,9,2881.89,SITE06,2024-12-09,2025-01-08,2025-01-13,30,35,5,2.5,0.6947,0.0007,Medium,1,1,0.6476279559786564,Medium,1844,64.76
PO000853,SUP002,P00006,Cabin,27,17964.72,SITE06,2023-01-09,2023-03-19,2023-03-25,69,75,6,2.46,0.689,0.0009,Medium,1,1,0.6476110548944912,Medium,1845,64.76
PO009614,SUP026,P00096,Engine,2,968.58,SITE05,2022-11-21,2023-02-02,2023-01-31,73,71,-2,2.31,0.6941,0.0008,Medium,0,1,0.6475591473976847,Medium,1846,64.76
PO026713,SUP036,P00272,Avionics,75,15169.5,SITE04,2022-11-28,2023-01-19,2023-01-21,52,54,2,1.15,0.4078,0.0042,Low,1,1,0.647248747276881,Medium,1847,64.72
PO019634,SUP003,P00200,Hydraulics,3,861.63,SITE03,2022-11-28,2023-01-07,2023-01-08,40,41,1,2.23,0.6075,0.0,Medium,1,1,0.6472355648084147,Medium,1848,64.72
PO029386,SUP006,P00298,Avionics,25,7630.0,SITE06,2023-04-03,2023-05-24,2023-05-25,51,52,1,2.45,0.6625,0.0007,Medium,1,1,0.6471661096455845,Medium,1849,64.72
PO025172,SUP016,P00259,Fasteners,4,6454.64,SITE05,2022-02-07,2022-04-01,2022-04-02,53,54,1,2.68,0.7368,0.0,Medium,1,1,0.6471481813128597,Medium,1850,64.71
PO012745,SUP014,P00128,Fasteners,10,11024.5,SITE02,2024-09-30,2024-11-07,2024-11-06,38,37,-1,2.5,0.6946,0.0008,Medium,0,1,0.6470450685276422,Medium,1851,64.7
PO027774,SUP003,P00282,Electrical,5,13770.0,SITE01,2024-03-11,2024-04-09,2024-04-07,29,27,-2,2.3,0.6544,0.0002,Medium,0,1,0.646941078855081,Medium,1852,64.69
PO016208,SUP027,P00163,Avionics,23,6783.16,SITE04,2024-12-02,2025-01-12,2025-01-13,41,42,1,2.43,0.6845,0.001,Medium,1,1,0.6468397547362278,Medium,1853,64.68
PO009509,SUP013,P00095,Engine,2,1089.7,SITE02,2022-03-21,2022-05-17,2022-05-16,57,56,-1,1.98,0.6628,0.0025,Medium,0,1,0.6468358112712335,Medium,1854,64.68
PO021055,SUP024,P00215,Fasteners,4,9147.16,SITE04,2022-06-20,2022-08-20,2022-08-20,61,61,0,2.31,0.6481,0.0014,Medium,0,1,0.6467713150051864,Medium,1855,64.68
PO019099,SUP025,P00194,Structure,17,6261.78,SITE06,2022-10-24,2022-11-29,2022-12-05,36,42,6,2.39,0.6575,0.0012,Medium,1,1,0.6466205538855173,Medium,1856,64.66
PO003872,SUP026,P00040,Structure,24,3996.24,SITE05,2023-01-02,2023-02-28,2023-03-06,57,63,6,2.33,0.6935,0.0007,Medium,1,1,0.6466164452653835,Medium,1857,64.66
PO019733,SUP038,P00201,Cabin,13,17612.79,SITE03,2024-09-30,2024-11-19,2024-11-18,50,49,-1,2.32,0.6716,0.0015,Medium,0,1,0.6464307286853033,Medium,1858,64.64
PO021558,SUP017,P00218,Cabin,30,70207.5,SITE05,2024-03-04,2024-04-12,2024-04-12,39,39,0,1.08,0.4112,0.0008,Low,0,1,0.6463756926106431,Medium,1859,64.64
PO016028,SUP009,P00162,LandingGear,5,14740.4,SITE02,2023-08-07,2023-09-18,2023-09-17,42,41,-1,2.23,0.6838,0.0021,Medium,0,1,0.6463669776352968,Medium,1860,64.64
PO015068,SUP026,P00152,Electrical,3,6427.71,SITE04,2023-09-04,2023-10-24,2023-10-24,50,50,0,2.46,0.7005,0.001,Medium,0,1,0.6462920736887989,Medium,1861,64.63
PO013937,SUP040,P00141,LandingGear,5,2568.2,SITE01,2024-01-22,2024-03-03,2024-03-05,41,43,2,2.27,0.6506,0.0021,Medium,1,1,0.6462764312915699,Medium,1862,64.63
PO007440,SUP006,P00076,Structure,13,15722.07,SITE06,2023-04-03,2023-05-22,2023-05-25,49,52,3,2.47,0.666,0.0007,Medium,1,1,0.6462276209408727,Medium,1863,64.62
PO012530,SUP026,P00126,Electrical,6,14963.16,SITE03,2024-05-06,2024-06-26,2024-06-23,51,48,-3,2.41,0.6974,0.0012,Medium,0,1,0.646204180133592,Medium,1864,64.62
PO021852,SUP021,P00222,Fasteners,3,7461.81,SITE03,2023-10-23,2023-12-11,2023-12-18,49,56,7,2.58,0.7303,0.0012,Medium,1,1,0.6461742073359722,Medium,1865,64.62
PO000766,SUP002,P00006,Cabin,10,6653.6,SITE03,2023-12-11,2024-02-14,2024-02-15,65,66,1,2.57,0.701,0.0012,Medium,1,1,0.6461596473268827,Medium,1866,64.62
PO002780,SUP016,P00027,Avionics,14,11910.22,SITE06,2024-10-21,2024-12-02,2024-12-04,42,44,2,2.45,0.6685,0.0026,Medium,1,1,0.6461029818890329,Medium,1867,64.61
PO023014,SUP005,P00233,Cabin,4,41588.36,SITE06,2023-05-29,2023-08-03,2023-07-31,66,63,-3,2.53,0.7014,0.0,Medium,0,1,0.6460665885566247,Medium,1868,64.61
PO022979,SUP005,P00233,Cabin,4,41588.36,SITE04,2022-10-03,2022-12-08,2022-12-12,66,70,4,2.49,0.6607,0.0,Medium,1,1,0.64606354610302,Medium,1869,64.61
PO027176,SUP014,P00275,Engine,8,8316.72,SITE06,2022-12-26,2023-02-10,2023-02-07,46,43,-3,2.56,0.7343,0.0008,Medium,0,1,0.6459802113628339,Medium,1870,64.6
PO011214,SUP018,P00114,LandingGear,10,39899.6,SITE06,2024-04-08,2024-05-11,2024-05-10,33,32,-1,2.26,0.6852,0.0011,Medium,0,1,0.6457188797506607,Medium,1871,64.57
PO004996,SUP027,P00052,Electrical,30,35282.1,SITE04,2023-05-22,2023-06-22,2023-06-22,31,31,0,2.53,0.6885,0.0004,Medium,0,1,0.6456451219204876,Medium,1872,64.56
PO007199,SUP006,P00072,Fasteners,18,103973.76,SITE06,2023-01-16,2023-03-13,2023-03-14,56,57,1,2.44,0.6633,0.0009,Medium,1,1,0.6456329220236788,Medium,1873,64.56
PO016873,SUP014,P00172,Engine,2,1045.46,SITE03,2022-04-11,2022-06-07,2022-06-14,57,64,7,2.67,0.7179,0.0028,Medium,1,1,0.6453772518381967,Medium,1874,64.54
PO027819,SUP010,P00283,LandingGear,3,17792.43,SITE03,2023-04-03,2023-04-20,2023-04-19,17,16,-1,1.4,0.4539,0.0004,Low,0,1,0.645331967511563,Medium,1875,64.53
PO017116,SUP006,P00175,Cabin,25,22664.25,SITE02,2023-11-06,2024-01-10,2024-01-12,65,67,2,2.48,0.6662,0.0011,Medium,1,1,0.6452917521901483,Medium,1876,64.53
PO000959,SUP040,P00007,Fasteners,35,93282.7,SITE06,2022-01-24,2022-03-13,2022-03-12,48,47,-1,2.24,0.697,0.0,Medium,0,1,0.645255914722371,Medium,1877,64.53
PO018010,SUP005,P00183,Avionics,2,6161.16,SITE06,2024-02-19,2024-04-09,2024-04-14,50,55,5,2.4,0.6613,0.0003,Medium,1,1,0.6451089129798065,Medium,1878,64.51
PO019961,SUP024,P00203,Fasteners,11,14400.76,SITE05,2022-04-04,2022-06-09,2022-06-16,66,73,7,2.29,0.6559,0.0012,Medium,1,1,0.6449278076037329,Medium,1879,64.49
PO029533,SUP003,P00299,Fasteners,27,18696.69,SITE06,2023-04-17,2023-05-21,2023-05-29,34,42,8,2.26,0.6374,0.0,Medium,1,1,0.6447548152390664,Medium,1880,64.48
PO029206,SUP002,P00297,LandingGear,9,11326.59,SITE06,2022-04-11,2022-05-30,2022-06-06,49,56,7,2.35,0.6962,0.0024,Medium,1,1,0.644699995310064,Medium,1881,64.47
PO018607,SUP038,P00189,Fasteners,8,17385.52,SITE06,2023-12-25,2024-02-07,2024-02-09,44,46,2,2.28,0.6662,0.0015,Medium,1,1,0.6444729951659771,Medium,1882,64.45
PO024125,SUP003,P00246,LandingGear,10,9933.2,SITE05,2023-01-16,2023-02-16,2023-02-16,31,31,0,2.24,0.6129,0.0,Medium,0,1,0.6444180476591471,Medium,1883,64.44
PO016051,SUP009,P00162,LandingGear,11,32428.88,SITE04,2022-08-29,2022-10-08,2022-10-08,40,40,0,2.44,0.75,0.0015,Medium,0,1,0.6442685943299349,Medium,1884,64.43
PO020782,SUP005,P00212,Fasteners,7,7426.58,SITE05,2022-04-25,2022-06-16,2022-06-14,52,50,-2,2.54,0.6667,0.0,Medium,0,1,0.6442530390350669,Medium,1885,64.43
PO015691,SUP024,P00158,Structure,3,5649.84,SITE02,2022-05-16,2022-07-19,2022-07-24,64,69,5,2.34,0.6508,0.002,Medium,1,1,0.6442517186752087,Medium,1886,64.43
PO028101,SUP018,P00286,Electrical,5,19268.65,SITE04,2022-11-21,2023-01-02,2022-12-30,42,39,-3,2.13,0.6798,0.0019,Medium,0,1,0.644194057766713,Medium,1887,64.42
PO011563,SUP038,P00116,Cabin,26,76020.62,SITE06,2024-11-18,2025-01-14,2025-01-23,57,66,9,2.31,0.6702,0.0014,Medium,1,1,0.644126472823176,Medium,1888,64.41
PO011497,SUP038,P00116,Cabin,78,228061.86,SITE04,2024-01-22,2024-03-19,2024-03-21,57,59,2,2.29,0.6637,0.0014,Medium,1,1,0.6438630310644832,Medium,1889,64.39
PO021915,SUP021,P00222,Fasteners,13,32334.51,SITE06,2023-04-24,2023-06-16,2023-06-21,53,58,5,2.51,0.7222,0.0014,Medium,1,1,0.6438616675050018,Medium,1890,64.39
PO024458,SUP013,P00251,Hydraulics,6,11827.14,SITE06,2024-06-03,2024-07-10,2024-07-14,37,41,4,2.41,0.6905,0.0014,Medium,1,1,0.6434115216518252,Medium,1891,64.34
PO023595,SUP013,P00240,Electrical,20,22248.8,SITE06,2023-06-19,2023-08-05,2023-08-10,47,52,5,2.4,0.6803,0.0016,Medium,1,1,0.6432895612681112,Medium,1892,64.33
PO001608,SUP019,P00015,Engine,3,9010.29,SITE03,2022-10-10,2022-11-23,2022-11-22,44,43,-1,1.25,0.4371,0.0018,Low,0,1,0.6432244796266535,Medium,1893,64.32
PO010175,SUP016,P00102,Electrical,2,2142.5,SITE02,2023-04-10,2023-05-11,2023-05-17,31,37,6,2.37,0.6587,0.005,Medium,1,1,0.6431758426521852,Medium,1894,64.32
PO023993,SUP009,P00245,LandingGear,11,13698.85,SITE06,2022-10-03,2022-11-08,2022-11-07,36,35,-1,2.34,0.7246,0.0018,Medium,0,1,0.6430985718457355,Medium,1895,64.31
PO029019,SUP014,P00295,Structure,39,12488.19,SITE06,2024-04-01,2024-05-02,2024-05-05,31,34,3,2.46,0.6907,0.0006,Medium,1,1,0.643098538227853,Medium,1896,64.31
PO006060,SUP014,P00060,Cabin,30,16397.7,SITE06,2022-06-20,2022-08-15,2022-08-21,56,62,6,2.76,0.7638,0.0016,Medium,1,1,0.6430507693062762,Medium,1897,64.31
PO009625,SUP026,P00096,Engine,7,3390.03,SITE06,2024-05-20,2024-07-21,2024-07-18,62,59,-3,2.41,0.6974,0.0012,Medium,0,1,0.643036594105884,Medium,1898,64.3
PO000292,SUP040,P00003,Avionics,7,1536.08,SITE01,2023-08-28,2023-10-15,2023-10-15,48,48,0,2.3,0.6617,0.0019,Medium,0,1,0.6430183890780617,Medium,1899,64.3
PO018084,SUP016,P00184,Avionics,35,14839.65,SITE04,2024-01-15,2024-03-04,2024-03-08,49,53,4,2.42,0.6604,0.0033,Medium,1,1,0.6429889974917299,Medium,1900,64.3
PO007445,SUP006,P00076,Structure,12,14512.68,SITE06,2023-07-31,2023-09-17,2023-09-17,48,48,0,2.47,0.6667,0.0009,Medium,0,1,0.6424728723741036,Medium,1901,64.25
PO027597,SUP003,P00280,Cabin,12,17252.4,SITE03,2022-09-26,2022-11-21,2022-11-22,56,57,1,2.2,0.6096,0.0,Medium,1,1,0.6424061917415635,Medium,1902,64.24
PO026493,SUP006,P00270,Electrical,4,13183.24,SITE03,2024-07-29,2024-09-26,2024-10-01,59,64,5,2.49,0.6811,0.0011,Medium,1,1,0.6422102280290121,Medium,1903,64.22
PO005311,SUP027,P00056,Cabin,12,13899.0,SITE03,2022-05-16,2022-07-11,2022-07-15,56,60,4,2.63,0.7226,0.0,Medium,1,1,0.6421379205270537,Medium,1904,64.21
PO013329,SUP013,P00135,Electrical,6,61883.16,SITE04,2023-04-03,2023-05-13,2023-05-13,40,40,0,2.42,0.6713,0.0011,Medium,0,1,0.642080055889007,Medium,1905,64.21
PO021676,SUP023,P00220,Electrical,7,62951.0,SITE04,2023-12-25,2024-02-09,2024-02-15,46,52,6,2.57,0.7374,0.0028,Medium,1,1,0.6415117004064689,Medium,1906,64.15
PO020564,SUP009,P00209,Avionics,17,3629.33,SITE06,2024-11-18,2025-01-12,2025-01-13,55,56,1,2.32,0.6927,0.0014,Medium,1,1,0.6414943672652793,Medium,1907,64.15
PO021341,SUP007,P00217,Fasteners,7,4838.96,SITE04,2022-04-04,2022-05-12,2022-05-15,38,41,3,1.36,0.4407,0.0,Low,1,1,0.641410629716394,Medium,1908,64.14
PO029377,SUP006,P00298,Avionics,18,5493.6,SITE06,2022-07-25,2022-09-22,2022-09-24,59,61,2,2.42,0.6575,0.0005,Medium,1,1,0.6413306721776603,Medium,1909,64.13
PO029526,SUP003,P00299,Fasteners,24,16619.28,SITE06,2022-10-17,2022-11-27,2022-11-27,41,41,0,2.17,0.6051,0.0,Medium,0,1,0.6412022457569324,Medium,1910,64.12
PO009816,SUP040,P00100,Avionics,14,6815.76,SITE01,2024-08-19,2024-10-01,2024-09-28,43,40,-3,2.29,0.6616,0.0017,Medium,0,1,0.6411992317757974,Medium,1911,64.12
PO013566,SUP038,P00137,Fasteners,7,5558.77,SITE05,2024-05-06,2024-06-29,2024-06-26,54,51,-3,2.3,0.6653,0.0013,Medium,0,1,0.6411569634808744,Medium,1912,64.12
PO011957,SUP035,P00121,Avionics,22,6519.7,SITE04,2022-08-22,2022-09-19,2022-09-17,28,26,-2,1.37,0.4437,0.0,Low,0,1,0.6409773827008393,Medium,1913,64.1
PO003865,SUP026,P00040,Structure,9,1498.59,SITE05,2022-03-07,2022-05-05,2022-05-03,59,57,-2,2.3,0.7174,0.0,Medium,0,1,0.6409692047713487,Medium,1914,64.1
PO019580,SUP026,P00199,Cabin,7,7619.85,SITE05,2024-09-23,2024-11-30,2024-12-04,68,72,4,2.5,0.7054,0.0011,Medium,1,1,0.6409267682162281,Medium,1915,64.09
PO019710,SUP038,P00201,Cabin,19,25741.77,SITE02,2024-11-04,2024-12-22,2024-12-25,48,51,3,2.33,0.6736,0.0014,Medium,1,1,0.6407910773281864,Medium,1916,64.08
PO018185,SUP019,P00185,Hydraulics,6,2204.88,SITE04,2022-12-12,2023-01-02,2022-12-30,21,18,-3,1.19,0.4306,0.0015,Low,0,1,0.6407166113474028,Medium,1917,64.07
PO025038,SUP038,P00257,Cabin,15,15868.05,SITE06,2024-12-16,2025-02-05,2025-02-07,51,53,2,2.33,0.6729,0.0014,Medium,1,1,0.6407108017549502,Medium,1918,64.07
PO028598,SUP014,P00291,Hydraulics,11,15117.08,SITE04,2022-03-07,2022-04-20,2022-04-21,44,45,1,2.36,0.6964,0.0036,Medium,1,1,0.6406849487115197,Medium,1919,64.07
PO007804,SUP027,P00080,Cabin,27,71429.04,SITE01,2022-01-17,2022-03-06,2022-03-03,48,45,-3,3.13,0.8667,0.0,Medium,0,1,0.6406806786515404,Medium,1920,64.07
PO010176,SUP016,P00102,Electrical,2,2142.5,SITE02,2023-05-08,2023-06-10,2023-06-07,33,30,-3,2.38,0.6685,0.0046,Medium,0,1,0.6406684602399115,Medium,1921,64.07
PO019002,SUP025,P00194,Structure,4,1473.36,SITE02,2023-03-06,2023-04-17,2023-04-22,42,47,5,2.51,0.6542,0.0008,Medium,1,1,0.6406634534447034,Medium,1922,64.07
PO026196,SUP036,P00268,Cabin,24,10257.6,SITE03,2023-11-06,2023-12-22,2023-12-25,46,49,3,1.15,0.4071,0.0021,Low,1,1,0.6405692453946433,Medium,1923,64.06
PO011529,SUP038,P00116,Cabin,36,105259.32,SITE05,2024-10-14,2024-12-09,2024-12-09,56,56,0,2.33,0.6712,0.0015,Medium,0,1,0.640545112894151,Medium,1924,64.05
PO016596,SUP015,P00169,Structure,12,9774.12,SITE01,2024-09-02,2024-10-12,2024-10-10,40,38,-2,2.61,0.7097,0.0017,Medium,0,1,0.6404624768555716,Medium,1925,64.05
PO010302,SUP018,P00103,Fasteners,14,18072.6,SITE04,2023-04-17,2023-05-21,2023-05-21,34,34,0,2.23,0.7011,0.0012,Medium,0,1,0.6404410442611785,Medium,1926,64.04
PO023233,SUP040,P00238,Cabin,19,13281.19,SITE01,2023-02-27,2023-04-19,2023-04-17,51,49,-2,2.22,0.6618,0.0024,Medium,0,1,0.6404132925341275,Medium,1927,64.04
PO005077,SUP006,P00053,Engine,4,2004.6,SITE04,2023-05-01,2023-07-06,2023-07-07,66,67,1,2.45,0.66,0.001,Medium,1,1,0.6404119038298842,Medium,1928,64.04
PO004718,SUP006,P00048,Fasteners,8,11072.24,SITE04,2023-01-30,2023-04-04,2023-04-09,64,69,5,2.42,0.6609,0.0009,Medium,1,1,0.6403995991877954,Medium,1929,64.04
PO009308,SUP025,P00092,Avionics,6,1563.6,SITE06,2023-02-06,2023-04-02,2023-04-01,55,54,-1,2.57,0.6633,0.0008,Medium,0,1,0.6403050801648772,Medium,1930,64.03
PO017518,SUP006,P00178,Fasteners,22,18459.98,SITE01,2024-09-30,2024-11-28,2024-11-30,59,61,2,2.49,0.6859,0.0012,Medium,1,1,0.6402995398891241,Medium,1931,64.03
PO002176,SUP013,P00020,Hydraulics,7,2067.8,SITE06,2024-02-19,2024-04-09,2024-04-07,50,48,-2,2.42,0.69,0.0016,Medium,0,1,0.6402418414214982,Medium,1932,64.02
PO023230,SUP040,P00238,Cabin,6,4194.06,SITE01,2023-01-16,2023-03-09,2023-03-10,52,53,1,2.21,0.6629,0.0023,Medium,1,1,0.64017486600571,Medium,1933,64.02
PO007869,SUP027,P00080,Cabin,11,29100.72,SITE03,2023-01-23,2023-03-09,2023-03-13,45,49,4,2.58,0.7046,0.0004,Medium,1,1,0.6400886382867367,Medium,1934,64.01
PO022967,SUP005,P00233,Cabin,5,51985.45,SITE03,2022-08-01,2022-10-05,2022-10-16,65,76,11,2.57,0.6632,0.0,Medium,1,1,0.6398841257927947,Medium,1935,63.99
PO010135,SUP021,P00101,Cabin,125,133547.5,SITE06,2022-03-07,2022-05-04,2022-05-04,58,58,0,2.43,0.6786,0.0,Medium,0,1,0.6396807943850481,Medium,1936,63.97
PO002164,SUP013,P00020,Hydraulics,6,1772.4,SITE04,2024-04-15,2024-05-29,2024-06-01,44,47,3,2.41,0.6872,0.0015,Medium,1,1,0.6396697579788405,Medium,1937,63.97
PO002703,SUP016,P00027,Avionics,19,16163.87,SITE04,2022-09-12,2022-10-20,2022-10-23,38,41,3,2.42,0.6914,0.0011,Medium,1,1,0.6396277133066475,Medium,1938,63.96
PO011467,SUP038,P00116,Cabin,13,38010.31,SITE03,2024-07-01,2024-08-27,2024-08-30,57,60,3,2.32,0.6692,0.0012,Medium,1,1,0.639583747906584,Medium,1939,63.96
PO010222,SUP018,P00103,Fasteners,6,7745.4,SITE01,2022-06-06,2022-07-14,2022-07-15,38,39,1,2.44,0.734,0.0023,Medium,1,1,0.6395804064263622,Medium,1940,63.96
PO014643,SUP026,P00147,Hydraulics,14,6083.7,SITE06,2024-08-19,2024-10-16,2024-10-21,58,63,5,2.47,0.7036,0.0012,Medium,1,1,0.6394879048618428,Medium,1941,63.95
PO016164,SUP027,P00163,Avionics,5,1474.6,SITE03,2024-02-05,2024-03-11,2024-03-15,35,39,4,2.53,0.6946,0.0007,Medium,1,1,0.6394320350028132,Medium,1942,63.94
PO005567,SUP013,P00057,Avionics,10,1181.8,SITE05,2024-09-16,2024-11-10,2024-11-15,55,60,5,2.43,0.6916,0.0015,Medium,1,1,0.6393753786365174,Medium,1943,63.94
PO009681,SUP003,P00097,Hydraulics,6,4211.76,SITE05,2022-08-22,2022-10-07,2022-10-15,46,54,8,2.13,0.608,0.0,Medium,1,1,0.6392762146724358,Medium,1944,63.93
PO021905,SUP021,P00222,Fasteners,8,19898.16,SITE05,2024-11-04,2024-12-25,2024-12-27,51,53,2,2.47,0.7047,0.0011,Medium,1,1,0.6391949838318132,Medium,1945,63.92
PO011114,SUP025,P00112,Hydraulics,25,5668.25,SITE06,2022-07-18,2022-09-14,2022-09-16,58,60,2,2.34,0.6562,0.001,Medium,1,1,0.6391271962897201,Medium,1946,63.91
PO019920,SUP024,P00203,Fasteners,36,47129.76,SITE04,2022-01-31,2022-03-31,2022-04-03,59,62,3,2.29,0.6571,0.0,Medium,1,1,0.6390946218133716,Medium,1947,63.91
PO000806,SUP002,P00006,Cabin,29,19295.44,SITE04,2024-09-16,2024-11-24,2024-11-28,69,73,4,2.55,0.7084,0.0009,Medium,1,1,0.6390305184759302,Medium,1948,63.9
PO012472,SUP018,P00125,Avionics,2,2980.02,SITE03,2023-10-16,2023-11-24,2023-11-29,39,44,5,2.34,0.6962,0.0014,Medium,1,1,0.6390111262091526,Medium,1949,63.9
PO017995,SUP005,P00183,Avionics,2,6161.16,SITE05,2022-08-01,2022-09-19,2022-09-19,49,49,0,2.58,0.6667,0.0,Medium,0,1,0.6388794163095287,Medium,1950,63.89
PO009283,SUP025,P00092,Avionics,5,1303.0,SITE05,2022-12-19,2023-02-04,2023-02-08,47,51,4,2.4,0.6416,0.001,Medium,1,1,0.6386920137620266,Medium,1951,63.87
PO008349,SUP009,P00084,Avionics,11,7682.07,SITE02,2022-01-17,2022-03-11,2022-03-12,53,54,1,1.7,0.6,0.0,Medium,1,1,0.6386585907989168,Medium,1952,63.87
PO021846,SUP021,P00222,Fasteners,6,14923.62,SITE03,2022-11-07,2023-01-08,2023-01-12,62,66,4,2.5,0.7556,0.0009,Medium,1,1,0.6386269051579356,Medium,1953,63.86
PO007951,SUP027,P00080,Cabin,57,150794.64,SITE06,2022-09-26,2022-11-09,2022-11-17,44,52,8,2.61,0.7023,0.0005,Medium,1,1,0.6386216144749881,Medium,1954,63.86
PO019430,SUP026,P00199,Cabin,26,28302.3,SITE01,2022-10-31,2023-01-07,2023-01-10,68,71,3,2.33,0.6981,0.0008,Medium,1,1,0.6385883937029099,Medium,1955,63.86
PO007296,SUP012,P00074,Electrical,2,13720.64,SITE05,2023-11-27,2023-12-21,2023-12-23,24,26,2,1.01,0.4011,0.0006,Low,1,1,0.6385737923701884,Medium,1956,63.86
PO016536,SUP023,P00167,Avionics,16,5828.48,SITE06,2023-11-06,2023-12-26,2023-12-29,50,53,3,2.63,0.7381,0.003,Medium,1,1,0.6385733126804356,Medium,1957,63.86
PO009757,SUP013,P00098,Electrical,9,9432.18,SITE06,2024-04-29,2024-06-16,2024-06-19,48,51,3,2.4,0.6865,0.0015,Medium,1,1,0.6384554111402064,Medium,1958,63.85
PO024243,SUP027,P00248,Avionics,11,2860.55,SITE06,2022-08-22,2022-10-07,2022-10-11,46,50,4,2.66,0.7096,0.0003,Medium,1,1,0.6384512366174993,Medium,1959,63.85
PO006876,SUP027,P00070,Electrical,8,5983.44,SITE01,2023-11-20,2023-12-15,2023-12-19,25,29,4,2.5,0.6894,0.0006,Medium,1,1,0.638445623128175,Medium,1960,63.84
PO010235,SUP018,P00103,Fasteners,12,15490.8,SITE01,2024-01-15,2024-02-27,2024-03-02,43,47,4,2.28,0.6808,0.0013,Medium,1,1,0.6384332867485183,Medium,1961,63.84
PO026518,SUP006,P00270,Electrical,16,52732.96,SITE05,2023-07-24,2023-09-16,2023-09-19,54,57,3,2.48,0.6678,0.001,Medium,1,1,0.6381818727314984,Medium,1962,63.82
PO010291,SUP018,P00103,Fasteners,17,21945.3,SITE04,2022-08-22,2022-09-28,2022-09-27,37,36,-1,2.23,0.7045,0.0019,Medium,0,1,0.6380798524087999,Medium,1963,63.81
PO000555,SUP024,P00005,Cabin,38,50158.48,SITE03,2022-09-19,2022-11-29,2022-12-01,71,73,2,2.22,0.6404,0.0009,Medium,1,1,0.637803827764601,Medium,1964,63.78
PO005821,SUP036,P00059,Cabin,80,94717.6,SITE04,2024-03-04,2024-04-12,2024-04-09,39,36,-3,1.21,0.4104,0.0019,Low,0,1,0.6370470012709107,Medium,1965,63.7
PO015172,SUP026,P00153,Fasteners,12,27135.48,SITE06,2023-10-09,2023-12-20,2023-12-21,72,73,1,2.46,0.701,0.0012,Medium,1,1,0.636962518168369,Medium,1966,63.7
PO009855,SUP040,P00100,Avionics,44,21420.96,SITE03,2023-12-11,2024-01-22,2024-01-21,42,41,-1,2.31,0.6573,0.0021,Medium,0,1,0.636936487418121,Medium,1967,63.69
PO017702,SUP031,P00180,LandingGear,6,16553.58,SITE02,2023-09-18,2023-10-25,2023-10-22,37,34,-3,1.28,0.426,0.0004,Low,0,1,0.636935803227486,Medium,1968,63.69
PO009730,SUP013,P00098,Electrical,9,9432.18,SITE04,2022-10-31,2022-12-13,2022-12-15,43,45,2,2.42,0.6806,0.0009,Medium,1,1,0.6369323217202181,Medium,1969,63.69
PO022830,SUP002,P00231,Cabin,11,6912.29,SITE04,2024-02-19,2024-05-05,2024-05-11,76,82,6,2.54,0.6987,0.0011,Medium,1,1,0.6368975306952945,Medium,1970,63.69
PO010664,SUP017,P00108,Cabin,34,20458.48,SITE01,2023-07-24,2023-08-30,2023-09-01,37,39,2,1.09,0.4244,0.0005,Low,1,1,0.6368150322548009,Medium,1971,63.68
PO019958,SUP024,P00203,Fasteners,12,15709.92,SITE05,2022-03-14,2022-05-03,2022-05-06,50,53,3,2.33,0.6944,0.0028,Medium,1,1,0.6368092226244078,Medium,1972,63.68
PO009972,SUP021,P00101,Cabin,28,29914.64,SITE01,2022-10-03,2022-12-07,2022-12-10,65,68,3,2.53,0.735,0.0006,Medium,1,1,0.636801806196877,Medium,1973,63.68
PO002197,SUP015,P00021,Hydraulics,4,1661.48,SITE03,2024-02-12,2024-04-03,2024-03-31,51,48,-3,2.51,0.7082,0.0021,Medium,0,1,0.6367996490979384,Medium,1974,63.68
PO005578,SUP013,P00057,Avionics,23,2718.14,SITE06,2022-09-26,2022-11-17,2022-11-14,52,49,-3,2.37,0.6804,0.001,Medium,0,1,0.6367455133219856,Medium,1975,63.67
PO026011,SUP009,P00267,Cabin,50,10894.5,SITE04,2022-05-09,2022-07-05,2022-07-06,57,58,1,2.25,0.6835,0.0,Medium,1,1,0.6366890924366743,Medium,1976,63.67
PO003949,SUP017,P00041,Fasteners,7,4905.46,SITE02,2022-12-26,2023-01-20,2023-01-17,25,22,-3,1.14,0.4384,0.0005,Low,0,1,0.6366313397083324,Medium,1977,63.66
PO006338,SUP032,P00064,Structure,5,9068.8,SITE02,2023-10-23,2023-11-13,2023-11-14,21,22,1,0.92,0.36,0.0021,Low,1,1,0.6365439210245964,Medium,1978,63.65
PO028602,SUP014,P00291,Hydraulics,23,31608.44,SITE04,2022-11-28,2023-01-10,2023-01-07,43,40,-3,2.59,0.7393,0.0009,Medium,0,1,0.6364978988189652,Medium,1979,63.65
PO020540,SUP009,P00209,Avionics,7,1494.43,SITE05,2022-08-08,2022-09-27,2022-09-30,50,53,3,2.5,0.7462,0.0018,Medium,1,1,0.6357638026230951,Medium,1980,63.58
PO012058,SUP022,P00122,Fasteners,8,38821.2,SITE01,2023-12-18,2024-01-14,2024-01-11,27,24,-3,1.17,0.4431,0.0005,Low,0,1,0.6355623989867751,Medium,1981,63.56
PO027136,SUP014,P00275,Engine,5,5197.95,SITE03,2023-10-23,2023-12-04,2023-12-12,42,50,8,2.5,0.7039,0.0008,Medium,1,1,0.6350881692101609,Medium,1982,63.51
PO012718,SUP014,P00128,Fasteners,5,5512.25,SITE01,2024-01-08,2024-02-24,2024-02-21,47,44,-3,2.45,0.6913,0.0007,Medium,0,1,0.6349330520798055,Medium,1983,63.49
PO018757,SUP002,P00191,LandingGear,11,12116.17,SITE05,2024-12-23,2025-02-17,2025-02-14,56,53,-3,2.6,0.7188,0.0009,Medium,0,1,0.6349164590518579,Medium,1984,63.49
PO012053,SUP022,P00122,Fasteners,15,72789.75,SITE01,2023-07-10,2023-08-07,2023-08-06,28,27,-1,1.1,0.4237,0.0004,Low,0,1,0.6348908733463958,Medium,1985,63.49
PO007706,SUP012,P00079,Electrical,7,9328.9,SITE02,2022-02-14,2022-03-06,2022-03-05,20,19,-1,0.81,0.3333,0.0,Low,0,1,0.6347086380700272,Medium,1986,63.47
PO011042,SUP039,P00111,Cabin,3,23854.02,SITE06,2023-10-02,2023-11-28,2023-12-01,57,60,3,2.56,0.7041,0.0027,Medium,1,1,0.6346156277107462,Medium,1987,63.46
PO011065,SUP025,P00112,Hydraulics,10,2267.3,SITE02,2023-08-21,2023-10-11,2023-10-10,51,50,-1,2.58,0.6856,0.0019,Medium,0,1,0.6345090316523208,Medium,1988,63.45
PO029371,SUP006,P00298,Avionics,28,8545.6,SITE06,2022-03-07,2022-05-07,2022-05-06,61,60,-1,2.6,0.6667,0.0,Medium,0,1,0.6343642774168337,Medium,1989,63.44
PO027380,SUP022,P00278,Fasteners,12,65350.92,SITE01,2024-10-07,2024-10-25,2024-10-27,18,20,2,1.16,0.4477,0.0008,Low,1,1,0.6342263407888408,Medium,1990,63.42
PO029380,SUP006,P00298,Avionics,33,10071.6,SITE06,2022-10-24,2022-12-18,2022-12-20,55,57,2,2.52,0.6667,0.0009,Medium,1,1,0.6341718661119836,Medium,1991,63.42
PO022809,SUP002,P00231,Cabin,51,32047.89,SITE04,2022-04-18,2022-06-28,2022-06-29,71,72,1,2.43,0.6905,0.0019,Medium,1,1,0.6341325663120003,Medium,1992,63.41
PO004733,SUP006,P00048,Fasteners,8,11072.24,SITE04,2023-11-20,2024-01-20,2024-01-25,61,66,5,2.5,0.6695,0.0011,Medium,1,1,0.6340955258039401,Medium,1993,63.41
PO018550,SUP038,P00189,Fasteners,9,19558.71,SITE04,2022-07-18,2022-08-30,2022-08-27,43,40,-3,2.19,0.6686,0.0009,Medium,0,1,0.6340906151076882,Medium,1994,63.41
PO014628,SUP026,P00147,Hydraulics,15,6518.25,SITE06,2022-09-12,2022-10-29,2022-10-26,47,44,-3,2.52,0.7247,0.0005,Medium,0,1,0.6340884876368973,Medium,1995,63.41
PO004938,SUP013,P00051,LandingGear,3,26862.93,SITE06,2023-03-27,2023-04-26,2023-04-28,30,32,2,2.42,0.6727,0.0012,Medium,1,1,0.6340882264417335,Medium,1996,63.41
PO024262,SUP027,P00248,Avionics,25,6501.25,SITE06,2024-06-03,2024-07-08,2024-07-11,35,38,3,2.5,0.6877,0.0009,Medium,1,1,0.6340231225758939,Medium,1997,63.4
PO017215,SUP006,P00175,Cabin,7,6345.99,SITE05,2023-09-04,2023-10-27,2023-10-30,53,56,3,2.49,0.6677,0.001,Medium,1,1,0.6339966834896668,Medium,1998,63.4
PO028601,SUP014,P00291,Hydraulics,9,12368.52,SITE04,2022-10-24,2022-12-17,2022-12-22,54,59,5,2.59,0.738,0.001,Medium,1,1,0.6339724768144108,Medium,1999,63.4
PO000936,SUP040,P00007,Fasteners,5,13326.1,SITE04,2024-02-12,2024-04-02,2024-04-06,50,54,4,2.25,0.6502,0.0021,Medium,1,1,0.6339616347013571,Medium,2000,63.4
PO025183,SUP016,P00259,Fasteners,11,17750.26,SITE05,2024-06-03,2024-07-27,2024-08-08,54,66,12,2.48,0.6729,0.0029,Medium,1,1,0.6338956268476391,Medium,2001,63.39
PO018674,SUP002,P00191,LandingGear,6,6608.82,SITE02,2022-08-08,2022-10-08,2022-10-07,61,60,-1,2.4,0.6724,0.0004,Medium,0,1,0.6338609294968706,Medium,2002,63.39
PO009948,SUP040,P00100,Avionics,32,15578.88,SITE06,2023-10-23,2023-12-04,2023-12-10,42,48,6,2.29,0.6559,0.002,Medium,1,1,0.6338205729101252,Medium,2003,63.38
PO027731,SUP021,P00281,Fasteners,2,20211.16,SITE02,2024-09-16,2024-11-12,2024-11-14,57,59,2,2.46,0.6957,0.0011,Medium,1,1,0.6337597002991519,Medium,2004,63.38
PO019908,SUP024,P00203,Fasteners,5,6545.8,SITE03,2022-10-10,2022-12-12,2022-12-12,63,63,0,2.21,0.6449,0.0013,Medium,0,1,0.6335969440100538,Medium,2005,63.36
PO010124,SUP021,P00101,Cabin,15,16025.7,SITE05,2024-07-01,2024-08-28,2024-08-29,58,59,1,2.53,0.7086,0.0011,Medium,1,1,0.6335838983562504,Medium,2006,63.36
PO025160,SUP016,P00259,Fasteners,11,17750.26,SITE04,2022-10-03,2022-11-22,2022-11-24,50,52,2,2.35,0.6809,0.001,Medium,1,1,0.6335734215385983,Medium,2007,63.36
PO029008,SUP014,P00295,Structure,30,9606.3,SITE06,2023-04-17,2023-05-19,2023-05-28,32,41,9,2.41,0.7054,0.001,Medium,1,1,0.6335484401947525,Medium,2008,63.35
PO009080,SUP039,P00090,Avionics,17,4823.75,SITE04,2023-11-06,2023-12-18,2023-12-24,42,48,6,2.52,0.6949,0.0025,Medium,1,1,0.633545112765259,Medium,2009,63.35
PO015615,SUP019,P00157,LandingGear,8,20028.32,SITE03,2024-02-19,2024-03-15,2024-03-14,25,24,-1,1.14,0.413,0.0019,Low,0,1,0.6329614525507138,Medium,2010,63.3
PO014547,SUP020,P00146,Electrical,19,81038.42,SITE06,2024-01-01,2024-01-12,2024-01-13,11,12,1,1.08,0.392,0.0011,Low,1,1,0.6329454510488388,Medium,2011,63.29
PO022416,SUP027,P00226,Hydraulics,14,15888.18,SITE06,2022-01-24,2022-03-11,2022-03-13,46,48,2,3.12,0.7917,0.0,Medium,1,1,0.6329020001749619,Medium,2012,63.29
PO025161,SUP016,P00259,Fasteners,14,22591.24,SITE04,2022-10-17,2022-11-30,2022-12-06,44,50,6,2.28,0.6667,0.001,Medium,1,1,0.632871911479882,Medium,2013,63.29
PO018542,SUP038,P00189,Fasteners,9,19558.71,SITE03,2023-12-18,2024-01-29,2024-01-29,42,42,0,2.27,0.6651,0.0015,Medium,0,1,0.6328601895694697,Medium,2014,63.29
PO024139,SUP003,P00246,LandingGear,4,3973.28,SITE06,2023-05-29,2023-06-29,2023-07-01,31,33,2,2.28,0.6465,0.0,Medium,1,1,0.6328483440715293,Medium,2015,63.28
PO024399,SUP013,P00251,Hydraulics,8,15769.52,SITE01,2023-12-04,2024-01-13,2024-01-19,40,46,6,2.39,0.6855,0.0015,Medium,1,1,0.6327526775438007,Medium,2016,63.28
PO027488,SUP022,P00278,Fasteners,21,114364.11,SITE06,2024-08-05,2024-08-27,2024-08-28,22,23,1,1.16,0.4462,0.0008,Low,1,1,0.6326778335058268,Medium,2017,63.27
PO001840,SUP027,P00018,Cabin,55,63436.45,SITE01,2023-07-31,2023-09-18,2023-09-19,49,50,1,2.5,0.6889,0.0004,Medium,1,1,0.6326304263169749,Medium,2018,63.26
PO019201,SUP038,P00196,Electrical,29,77992.89,SITE04,2022-03-28,2022-05-12,2022-05-11,45,44,-1,2.28,0.6944,0.0,Medium,0,1,0.6325376741347744,Medium,2019,63.25
PO022701,SUP040,P00230,Avionics,6,1891.26,SITE05,2023-04-03,2023-05-22,2023-05-25,49,52,3,2.19,0.6551,0.0023,Medium,1,1,0.6324316266166226,Medium,2020,63.24
PO024264,SUP027,P00248,Avionics,26,6761.3,SITE06,2024-06-24,2024-07-29,2024-08-01,35,38,3,2.49,0.69,0.0009,Medium,1,1,0.6322612745205674,Medium,2021,63.23
PO010673,SUP017,P00108,Cabin,19,11432.68,SITE01,2024-04-08,2024-05-20,2024-05-22,42,44,2,1.09,0.4098,0.0008,Low,1,1,0.6322345639907652,Medium,2022,63.22
PO011169,SUP015,P00113,Engine,3,12093.9,SITE06,2023-09-11,2023-11-01,2023-11-07,51,57,6,2.33,0.6895,0.0026,Medium,1,1,0.6322290448571039,Medium,2023,63.22
PO019068,SUP025,P00194,Structure,26,9576.84,SITE04,2024-04-08,2024-05-16,2024-05-13,38,35,-3,2.51,0.6822,0.0014,Medium,0,1,0.6321930216035242,Medium,2024,63.22
PO000389,SUP040,P00003,Avionics,17,3730.48,SITE05,2022-12-12,2023-02-02,2023-02-05,52,55,3,2.22,0.6675,0.0017,Medium,1,1,0.6321745934047194,Medium,2025,63.22
PO014551,SUP020,P00146,Electrical,19,81038.42,SITE06,2024-07-22,2024-08-06,2024-08-10,15,19,4,1.02,0.3885,0.0009,Low,1,1,0.6321473866445074,Medium,2026,63.21
PO007977,SUP027,P00080,Cabin,11,29100.72,SITE06,2024-11-25,2025-01-14,2025-01-20,50,56,6,2.43,0.6851,0.001,Medium,1,1,0.6319162335223724,Medium,2027,63.19
PO000760,SUP002,P00006,Cabin,10,6653.6,SITE03,2023-02-13,2023-04-15,2023-04-20,61,66,5,2.5,0.6945,0.0008,Medium,1,1,0.6318845931695506,Medium,2028,63.19
PO009510,SUP013,P00095,Engine,8,4358.8,SITE02,2022-06-27,2022-08-22,2022-08-22,56,56,0,2.08,0.6383,0.0012,Medium,0,1,0.6318718058156908,Medium,2029,63.19
PO027781,SUP003,P00282,Electrical,3,8262.0,SITE03,2022-07-11,2022-08-13,2022-08-12,33,32,-1,2.1,0.6042,0.0,Medium,0,1,0.6318529085192968,Medium,2030,63.19
PO000299,SUP040,P00003,Avionics,9,1974.96,SITE01,2024-07-29,2024-09-15,2024-09-21,48,54,6,2.29,0.6586,0.0017,Medium,1,1,0.6318486152249311,Medium,2031,63.18
PO005881,SUP036,P00059,Cabin,84,99453.48,SITE06,2024-01-01,2024-02-14,2024-02-19,44,49,5,1.2,0.4116,0.0021,Low,1,1,0.6318394778774395,Medium,2032,63.18
PO019867,SUP024,P00203,Fasteners,11,14400.76,SITE01,2023-01-23,2023-03-31,2023-04-05,67,72,5,2.31,0.6699,0.001,Medium,1,1,0.6318270473801703,Medium,2033,63.18
PO029135,SUP002,P00297,LandingGear,23,28945.73,SITE03,2023-05-29,2023-07-24,2023-07-28,56,60,4,2.47,0.6937,0.0014,Medium,1,1,0.631785225627798,Medium,2034,63.18
PO026487,SUP006,P00270,Electrical,18,59324.58,SITE03,2023-06-12,2023-08-01,2023-08-02,50,51,1,2.47,0.6697,0.0011,Medium,1,1,0.631712119853396,Medium,2035,63.17
PO004146,SUP014,P00042,Fasteners,24,53731.68,SITE06,2022-07-18,2022-08-28,2022-09-02,41,46,5,2.75,0.755,0.0018,Medium,1,1,0.6317107437958466,Medium,2036,63.17
PO027641,SUP003,P00280,Cabin,12,17252.4,SITE04,2024-03-18,2024-05-12,2024-05-17,55,60,5,2.3,0.6539,0.0002,Medium,1,1,0.6316008098003896,Medium,2037,63.16
PO024213,SUP027,P00248,Avionics,4,1040.2,SITE04,2022-06-27,2022-08-03,2022-08-03,37,37,0,2.76,0.74,0.0,Medium,0,1,0.6315052052386608,Medium,2038,63.15
PO013427,SUP034,P00136,LandingGear,23,71264.58,SITE06,2022-01-24,2022-02-21,2022-02-20,28,27,-1,1.17,0.5,0.0,Low,0,1,0.6314393008894673,Medium,2039,63.14
PO019498,SUP026,P00199,Cabin,52,56604.6,SITE03,2023-01-02,2023-03-19,2023-03-19,76,76,0,2.36,0.6972,0.0007,Medium,0,1,0.6313693667481028,Medium,2040,63.14
PO020814,SUP005,P00212,Fasteners,36,38193.84,SITE06,2023-08-14,2023-10-10,2023-10-10,57,57,0,2.51,0.682,0.0,Medium,0,1,0.6312777133008728,Medium,2041,63.13
PO002318,SUP015,P00024,Fasteners,5,38176.85,SITE03,2022-09-26,2022-11-16,2022-11-18,51,53,2,2.25,0.7196,0.0014,Medium,1,1,0.631225509181313,Medium,2042,63.12
PO018763,SUP002,P00191,LandingGear,6,6608.82,SITE06,2022-06-20,2022-08-23,2022-08-27,64,68,4,2.23,0.6569,0.0007,Medium,1,1,0.6310387820245928,Medium,2043,63.1
PO011683,SUP035,P00118,Engine,6,2116.56,SITE06,2024-01-08,2024-02-16,2024-02-16,39,39,0,1.29,0.4481,0.0022,Low,0,1,0.6309215470882747,Medium,2044,63.09
PO027489,SUP022,P00278,Fasteners,18,98026.38,SITE06,2024-10-07,2024-10-30,2024-11-02,23,26,3,1.16,0.4493,0.0008,Low,1,1,0.6309022805746031,Medium,2045,63.09
PO002334,SUP015,P00024,Fasteners,11,83989.07,SITE06,2022-01-03,2022-02-15,2022-02-17,43,45,2,0.0,0.0,0.0,Medium,1,1,0.6309011178032914,Medium,2046,63.09
PO011964,SUP035,P00121,Avionics,92,27264.2,SITE04,2023-02-13,2023-03-12,2023-03-13,27,28,1,1.44,0.4531,0.0,Low,1,1,0.6308413089909861,Medium,2047,63.08
PO019564,SUP026,P00199,Cabin,33,35922.15,SITE05,2023-04-17,2023-07-06,2023-07-11,80,85,5,2.37,0.6928,0.001,Medium,1,1,0.6308152437584457,Medium,2048,63.08
PO017146,SUP006,P00175,Cabin,28,25383.96,SITE03,2023-09-11,2023-11-16,2023-11-19,66,69,3,2.49,0.6677,0.0011,Medium,1,1,0.6306621821597015,Medium,2049,63.07
PO019306,SUP040,P00198,LandingGear,6,6995.7,SITE01,2024-05-13,2024-06-16,2024-06-19,34,37,3,2.27,0.6541,0.0019,Medium,1,1,0.6306042557953502,Medium,2050,63.06
PO020751,SUP005,P00212,Fasteners,37,39254.78,SITE04,2022-06-06,2022-07-27,2022-07-27,51,51,0,2.55,0.7027,0.0,Medium,0,1,0.6305810638558437,Medium,2051,63.06
PO019751,SUP038,P00201,Cabin,50,67741.5,SITE04,2023-03-06,2023-04-26,2023-04-30,51,55,4,2.26,0.6622,0.0008,Medium,1,1,0.6305702490319862,Medium,2052,63.06
PO026781,SUP036,P00272,Avionics,46,9303.96,SITE06,2024-05-06,2024-06-28,2024-07-03,53,58,5,1.2,0.4147,0.0017,Low,1,1,0.6303136733209683,Medium,2053,63.03
PO010720,SUP017,P00108,Cabin,70,42120.4,SITE03,2022-03-14,2022-04-21,2022-04-26,38,43,5,0.94,0.3462,0.0,Low,1,1,0.6302368595755694,Medium,2054,63.02
PO025216,SUP013,P00260,Hydraulics,8,10519.76,SITE02,2022-12-19,2023-02-04,2023-02-09,47,52,5,2.41,0.6811,0.001,Medium,1,1,0.6302131472710679,Medium,2055,63.02
PO019964,SUP024,P00203,Fasteners,19,24874.04,SITE05,2022-06-20,2022-08-27,2022-08-30,68,71,3,2.33,0.6541,0.0014,Medium,1,1,0.6302009821550693,Medium,2056,63.02
PO017088,SUP006,P00175,Cabin,8,7252.56,SITE01,2023-12-18,2024-02-19,2024-02-22,63,66,3,2.47,0.6676,0.0012,Medium,1,1,0.6301029428385465,Medium,2057,63.01
PO003697,SUP008,P00039,LandingGear,13,20787.39,SITE03,2023-08-21,2023-09-16,2023-09-16,26,26,0,1.2,0.43,0.0011,Low,0,1,0.6297012611682894,Medium,2058,62.97
PO001066,SUP018,P00008,Avionics,20,5793.2,SITE04,2023-04-10,2023-05-30,2023-06-05,50,56,6,2.24,0.7047,0.0012,Medium,1,1,0.629627931963695,Medium,2059,62.96
PO027638,SUP003,P00280,Cabin,24,34504.8,SITE04,2023-09-18,2023-11-12,2023-11-14,55,57,2,2.27,0.654,0.0002,Medium,1,1,0.6296260242642887,Medium,2060,62.96
PO001079,SUP018,P00008,Avionics,29,8400.14,SITE04,2024-07-22,2024-09-14,2024-09-22,54,62,8,2.25,0.692,0.0014,Medium,1,1,0.6296149494323842,Medium,2061,62.96
PO007412,SUP006,P00076,Structure,9,10884.51,SITE04,2023-09-11,2023-11-10,2023-11-14,60,64,4,2.48,0.6667,0.0011,Medium,1,1,0.6295572941176478,Medium,2062,62.96
PO017103,SUP006,P00175,Cabin,22,19944.54,SITE02,2022-05-02,2022-06-27,2022-06-27,56,56,0,2.59,0.6692,0.0,Medium,0,1,0.6295486396484637,Medium,2063,62.95
PO018261,SUP040,P00186,Fasteners,11,10606.42,SITE04,2022-01-03,2022-02-15,2022-02-20,43,48,5,1.6,0.4,0.0,Medium,1,1,0.6292094235101436,Medium,2064,62.92
PO022963,SUP005,P00233,Cabin,5,51985.45,SITE02,2024-12-23,2025-03-05,2025-03-03,72,70,-2,2.37,0.6628,0.0002,Medium,0,1,0.6291418468408402,Medium,2065,62.91
PO014579,SUP026,P00147,Hydraulics,5,2172.75,SITE03,2022-12-19,2023-02-23,2023-02-20,66,63,-3,2.3,0.6936,0.0007,Medium,0,1,0.629135888097166,Medium,2066,62.91
PO001517,SUP040,P00014,Hydraulics,21,3950.1,SITE02,2022-10-03,2022-11-19,2022-11-16,47,44,-3,2.3,0.6709,0.0017,Medium,0,1,0.6290942855521853,Medium,2067,62.91
PO005582,SUP013,P00057,Avionics,23,2718.14,SITE06,2022-11-21,2023-01-16,2023-01-21,56,61,5,2.44,0.6814,0.0009,Medium,1,1,0.6289758584618507,Medium,2068,62.9
PO015248,SUP012,P00154,Avionics,15,3472.5,SITE03,2023-10-02,2023-11-06,2023-11-03,35,32,-3,1.0,0.4006,0.0005,Low,0,1,0.6289602420309887,Medium,2069,62.9
PO028541,SUP002,P00290,LandingGear,4,4659.84,SITE04,2024-08-26,2024-10-20,2024-10-19,55,54,-1,2.54,0.7065,0.001,Medium,0,1,0.6289050491051734,Medium,2070,62.89
PO018994,SUP025,P00194,Structure,7,2578.38,SITE01,2024-07-08,2024-08-14,2024-08-16,37,39,2,2.48,0.6788,0.0014,Medium,1,1,0.6288842419776757,Medium,2071,62.89
PO009666,SUP003,P00097,Hydraulics,13,9125.48,SITE04,2022-11-28,2023-01-09,2023-01-13,42,46,4,2.22,0.6054,0.0,Medium,1,1,0.628684450929775,Medium,2072,62.87
PO010378,SUP028,P00104,Engine,12,5778.72,SITE01,2023-10-30,2023-11-28,2023-11-29,29,30,1,1.06,0.4121,0.001,Low,1,1,0.6286213628527817,Medium,2073,62.86
PO011192,SUP018,P00114,LandingGear,15,59849.4,SITE04,2022-05-30,2022-07-08,2022-07-14,39,45,6,2.4,0.7253,0.0025,Medium,1,1,0.6285169692225581,Medium,2074,62.85
PO010039,SUP021,P00101,Cabin,12,12820.56,SITE03,2022-10-24,2022-12-27,2022-12-29,64,66,2,2.48,0.7462,0.001,Medium,1,1,0.6285016885715571,Medium,2075,62.85
PO028632,SUP014,P00291,Hydraulics,9,12368.52,SITE06,2023-04-24,2023-06-15,2023-06-13,52,50,-2,2.43,0.7095,0.001,Medium,0,1,0.6285016792799993,Medium,2076,62.85
PO010234,SUP018,P00103,Fasteners,24,30981.6,SITE01,2023-12-11,2024-01-19,2024-01-23,39,43,4,2.29,0.6895,0.0013,Medium,1,1,0.6284512230501074,Medium,2077,62.85
PO010506,SUP022,P00105,Structure,1,344.57,SITE05,2023-09-04,2023-09-24,2023-09-26,20,22,2,1.14,0.4289,0.0004,Low,1,1,0.6284324534239795,Medium,2078,62.84
PO015126,SUP026,P00153,Fasteners,9,20351.61,SITE04,2022-04-11,2022-06-20,2022-06-21,70,71,1,2.44,0.7179,0.0034,Medium,1,1,0.6282571338686505,Medium,2079,62.83
PO005987,SUP014,P00060,Cabin,51,27876.09,SITE03,2024-11-25,2025-01-22,2025-01-26,58,62,4,2.49,0.6919,0.0007,Medium,1,1,0.6281784086544466,Medium,2080,62.82
PO001509,SUP040,P00014,Hydraulics,4,752.4,SITE01,2024-08-12,2024-09-29,2024-10-03,48,52,4,2.29,0.6603,0.0017,Medium,1,1,0.628135098982596,Medium,2081,62.81
PO006480,SUP038,P00065,Fasteners,13,18428.93,SITE06,2024-02-26,2024-04-11,2024-04-12,45,46,1,2.3,0.6643,0.0014,Medium,1,1,0.628129568864746,Medium,2082,62.81
PO004960,SUP027,P00052,Electrical,16,18817.12,SITE02,2022-07-25,2022-08-21,2022-08-20,27,26,-1,2.75,0.7309,0.0,Medium,0,1,0.6280949636385382,Medium,2083,62.81
PO003019,SUP006,P00031,Engine,16,7554.56,SITE02,2022-02-14,2022-04-16,2022-04-23,61,68,7,2.4,0.6222,0.0,Medium,1,1,0.6280835129473665,Medium,2084,62.81
PO009109,SUP039,P00090,Avionics,5,1418.75,SITE06,2024-04-01,2024-05-07,2024-05-07,36,36,0,2.42,0.6847,0.0027,Medium,0,1,0.6278494888904821,Medium,2085,62.78
PO008523,SUP039,P00085,Cabin,21,119851.41,SITE04,2024-08-12,2024-09-28,2024-10-03,47,52,5,2.42,0.6908,0.0028,Medium,1,1,0.6276684660149358,Medium,2086,62.77
PO029314,SUP006,P00298,Avionics,25,7630.0,SITE04,2022-05-09,2022-07-17,2022-07-19,69,71,2,2.56,0.6549,0.0,Medium,1,1,0.6276605344134222,Medium,2087,62.77
PO015910,SUP015,P00159,Structure,29,10862.24,SITE06,2024-02-05,2024-03-19,2024-03-18,43,42,-1,2.52,0.7096,0.0021,Medium,0,1,0.6275775323786821,Medium,2088,62.76
PO009846,SUP040,P00100,Avionics,10,4868.4,SITE03,2022-06-27,2022-08-07,2022-08-06,41,40,-1,2.23,0.6432,0.0019,Medium,0,1,0.6274604057821864,Medium,2089,62.75
PO001938,SUP027,P00018,Cabin,65,74970.35,SITE04,2023-11-27,2024-01-02,2024-01-06,36,40,4,2.5,0.69,0.0006,Medium,1,1,0.6273326069283969,Medium,2090,62.73
PO000491,SUP024,P00005,Cabin,34,44878.64,SITE01,2023-02-06,2023-04-07,2023-04-13,60,66,6,2.32,0.6719,0.0009,Medium,1,1,0.6272946654206437,Medium,2091,62.73
PO016616,SUP015,P00169,Structure,7,5701.57,SITE03,2024-04-08,2024-05-20,2024-05-24,42,46,4,2.55,0.7117,0.0019,Medium,1,1,0.6272372734528175,Medium,2092,62.72
PO005021,SUP027,P00052,Electrical,12,14112.84,SITE05,2023-10-02,2023-10-30,2023-11-01,28,30,2,2.5,0.692,0.0006,Medium,1,1,0.6270676095225654,Medium,2093,62.71
PO007437,SUP006,P00076,Structure,12,14512.68,SITE06,2023-02-27,2023-04-20,2023-04-30,52,62,10,2.44,0.6644,0.0008,Medium,1,1,0.6270402503404586,Medium,2094,62.7
PO023531,SUP013,P00240,Electrical,8,8899.52,SITE03,2022-08-22,2022-10-08,2022-10-11,47,50,3,2.26,0.655,0.0013,Medium,1,1,0.6268306652535414,Medium,2095,62.68
PO005573,SUP013,P00057,Avionics,50,5909.0,SITE06,2022-04-25,2022-06-17,2022-06-19,53,55,2,2.05,0.65,0.0012,Medium,1,1,0.6265315312594805,Medium,2096,62.65
PO011218,SUP018,P00114,LandingGear,4,15959.84,SITE06,2024-10-21,2024-11-29,2024-11-30,39,40,1,2.25,0.6828,0.0014,Medium,1,1,0.6265278903272348,Medium,2097,62.65
PO009947,SUP040,P00100,Avionics,25,12171.0,SITE06,2023-10-02,2023-11-13,2023-11-16,42,45,3,2.29,0.6572,0.0018,Medium,1,1,0.6265058322296103,Medium,2098,62.65
PO028240,SUP035,P00287,Cabin,24,49602.0,SITE04,2024-07-08,2024-08-20,2024-08-17,43,40,-3,1.23,0.4399,0.0018,Low,0,1,0.6264694209736527,Medium,2099,62.65
PO011482,SUP038,P00116,Cabin,43,125726.41,SITE04,2022-09-12,2022-11-02,2022-11-01,51,50,-1,2.28,0.68,0.0009,Medium,0,1,0.6264558352855406,Medium,2100,62.65
PO000352,SUP040,P00003,Avionics,26,5705.44,SITE04,2022-10-17,2022-12-01,2022-11-30,45,44,-1,2.25,0.6576,0.0016,Medium,0,1,0.6263298604836702,Medium,2101,62.63
PO019363,SUP040,P00198,LandingGear,15,17489.25,SITE04,2023-10-02,2023-11-10,2023-11-07,39,36,-3,2.29,0.6577,0.0018,Medium,0,1,0.626289650099059,Medium,2102,62.63
PO005079,SUP006,P00053,Engine,4,2004.6,SITE04,2024-01-29,2024-03-29,2024-04-01,60,63,3,2.5,0.6745,0.0011,Medium,1,1,0.6262692522185275,Medium,2103,62.63
PO002725,SUP016,P00027,Avionics,32,27223.36,SITE04,2024-08-12,2024-09-24,2024-09-22,43,41,-2,2.48,0.6764,0.0027,Medium,0,1,0.6261557243227479,Medium,2104,62.62
PO016539,SUP023,P00167,Avionics,23,8378.44,SITE06,2024-01-29,2024-04-03,2024-04-05,65,67,2,2.62,0.7394,0.0033,Medium,1,1,0.6261011955964026,Medium,2105,62.61
PO003907,SUP026,P00040,Structure,30,4995.3,SITE06,2023-05-08,2023-07-01,2023-07-03,54,56,2,2.37,0.6923,0.001,Medium,1,1,0.6260627895245742,Medium,2106,62.61
PO020770,SUP005,P00212,Fasteners,53,56229.82,SITE04,2024-03-25,2024-05-14,2024-05-21,50,57,7,2.39,0.6606,0.0003,Medium,1,1,0.6260361925699547,Medium,2107,62.6
PO008625,SUP022,P00086,Cabin,25,32615.75,SITE03,2022-06-20,2022-07-26,2022-07-23,36,33,-3,0.98,0.3594,0.0,Low,0,1,0.6257722305479452,Medium,2108,62.58
PO000660,SUP024,P00005,Cabin,76,100316.96,SITE06,2022-09-05,2022-11-09,2022-11-14,65,70,5,2.19,0.6376,0.0009,Medium,1,1,0.6256299159993085,Medium,2109,62.56
PO003871,SUP026,P00040,Structure,54,8991.54,SITE05,2022-11-14,2023-01-18,2023-01-23,65,70,5,2.32,0.6963,0.0008,Medium,1,1,0.6256217307674813,Medium,2110,62.56
PO015689,SUP024,P00158,Structure,19,35782.32,SITE02,2022-04-25,2022-06-11,2022-06-10,47,46,-1,2.35,0.6545,0.0018,Medium,0,1,0.62558464722962,Medium,2111,62.56
PO004474,SUP018,P00046,Avionics,11,1915.32,SITE04,2022-06-06,2022-07-26,2022-07-27,50,51,1,2.45,0.7312,0.0023,Medium,1,1,0.625543189920848,Medium,2112,62.55
PO016050,SUP009,P00162,LandingGear,12,35376.96,SITE04,2022-07-04,2022-08-13,2022-08-19,40,46,6,2.39,0.7414,0.0015,Medium,1,1,0.6253625304936502,Medium,2113,62.54
PO022530,SUP001,P00227,LandingGear,15,11089.05,SITE05,2024-02-12,2024-03-21,2024-03-22,38,39,1,1.25,0.4202,0.0006,Low,1,1,0.625273446880843,Medium,2114,62.53
PO017226,SUP006,P00175,Cabin,7,6345.99,SITE05,2024-09-30,2024-11-28,2024-11-27,59,58,-1,2.5,0.6873,0.0012,Medium,0,1,0.6252309074792948,Medium,2115,62.52
PO011760,SUP013,P00120,Fasteners,11,14684.23,SITE02,2023-03-06,2023-04-23,2023-04-20,48,45,-3,2.44,0.6744,0.001,Medium,0,1,0.625058885339652,Medium,2116,62.51
PO014556,SUP026,P00147,Hydraulics,5,2172.75,SITE01,2022-10-10,2022-12-11,2022-12-11,62,62,0,2.39,0.71,0.001,Medium,0,1,0.6250505983846398,Medium,2117,62.51
PO016074,SUP009,P00162,LandingGear,41,120871.28,SITE04,2024-12-09,2025-01-15,2025-01-18,37,40,3,2.33,0.6933,0.0015,Medium,1,1,0.6249063171962624,Medium,2118,62.49
PO000514,SUP024,P00005,Cabin,13,17159.48,SITE01,2024-12-02,2025-02-04,2025-02-04,64,64,0,2.46,0.6822,0.0011,Medium,0,1,0.6246748287711342,Medium,2119,62.47
PO002316,SUP015,P00024,Fasteners,1,7635.37,SITE03,2022-07-25,2022-09-06,2022-09-09,43,46,3,2.16,0.7326,0.0,Medium,1,1,0.6246717617967618,Medium,2120,62.47
PO001925,SUP027,P00018,Cabin,26,29988.14,SITE04,2022-11-07,2022-12-27,2022-12-30,50,53,3,2.59,0.7025,0.0004,Medium,1,1,0.624652580566351,Medium,2121,62.47
PO022801,SUP002,P00231,Cabin,26,16338.14,SITE03,2024-10-14,2024-12-18,2024-12-23,65,70,5,2.56,0.7118,0.0009,Medium,1,1,0.6246248169018694,Medium,2122,62.46
PO017511,SUP006,P00178,Fasteners,8,6712.72,SITE01,2023-07-10,2023-09-10,2023-09-14,62,66,4,2.49,0.6684,0.001,Medium,1,1,0.6246034955370777,Medium,2123,62.46
PO004945,SUP027,P00052,Electrical,7,8232.49,SITE01,2022-04-18,2022-05-16,2022-05-14,28,26,-2,2.65,0.7323,0.0,Medium,0,1,0.6245846441891628,Medium,2124,62.46
PO009055,SUP039,P00090,Avionics,1,283.75,SITE02,2022-03-14,2022-04-17,2022-04-23,34,40,6,1.62,0.4615,0.0,Medium,1,1,0.6245720344470345,Medium,2125,62.46
PO003181,SUP024,P00033,Hydraulics,5,1384.35,SITE03,2022-11-21,2023-01-05,2023-01-05,45,45,0,2.24,0.6579,0.0011,Medium,0,1,0.6243395324686329,Medium,2126,62.43
PO003576,SUP017,P00038,Fasteners,7,8008.56,SITE03,2024-11-04,2024-11-26,2024-12-02,22,28,6,1.11,0.4139,0.0007,Low,1,1,0.6242671331423686,Medium,2127,62.43
PO011502,SUP038,P00116,Cabin,27,78944.49,SITE04,2024-08-12,2024-10-02,2024-09-30,51,49,-2,2.34,0.6715,0.0012,Medium,0,1,0.6241990724262791,Medium,2128,62.42
PO012766,SUP014,P00128,Fasteners,9,9922.05,SITE04,2022-03-21,2022-05-09,2022-05-15,49,55,6,2.52,0.6935,0.0024,Medium,1,1,0.623958897298046,Medium,2129,62.4
PO022989,SUP005,P00233,Cabin,10,103970.9,SITE04,2024-07-29,2024-09-28,2024-09-26,61,59,-2,2.38,0.6684,0.0003,Medium,0,1,0.6239557519548241,Medium,2130,62.4
PO009638,SUP003,P00097,Hydraulics,3,2105.88,SITE01,2024-04-01,2024-05-20,2024-05-26,49,55,6,2.3,0.6542,0.0001,Medium,1,1,0.6235774644447047,Medium,2131,62.36
PO011361,SUP008,P00115,Cabin,23,68039.29,SITE05,2024-11-11,2024-12-26,2024-12-27,45,46,1,1.14,0.4386,0.0011,Low,1,1,0.6234794783175528,Medium,2132,62.35
PO028610,SUP014,P00291,Hydraulics,10,13742.8,SITE04,2023-12-11,2024-01-25,2024-01-25,45,45,0,2.46,0.6957,0.0008,Medium,0,1,0.623356245074721,Medium,2133,62.34
PO027348,SUP013,P00277,Electrical,8,9846.16,SITE06,2023-02-27,2023-04-28,2023-04-28,60,60,0,2.44,0.6766,0.0011,Medium,0,1,0.6230596081598242,Medium,2134,62.31
PO011513,SUP038,P00116,Cabin,9,26314.83,SITE05,2022-08-22,2022-10-17,2022-10-16,56,55,-1,2.26,0.6829,0.0007,Medium,0,1,0.6230018168936161,Medium,2135,62.3
PO015842,SUP015,P00159,Structure,13,4869.28,SITE04,2022-08-22,2022-09-25,2022-09-30,34,39,5,2.24,0.7292,0.0018,Medium,1,1,0.6229293609596437,Medium,2136,62.29
PO001918,SUP027,P00018,Cabin,86,99191.54,SITE04,2022-02-21,2022-04-09,2022-04-09,47,47,0,2.86,0.7755,0.0,Medium,0,1,0.6228933410655039,Medium,2137,62.29
PO003156,SUP024,P00033,Hydraulics,5,1384.35,SITE01,2023-09-11,2023-10-27,2023-10-31,46,50,4,2.38,0.6632,0.0014,Medium,1,1,0.6228900144260581,Medium,2138,62.29
PO027353,SUP013,P00277,Electrical,12,14769.24,SITE06,2023-10-30,2023-12-18,2023-12-20,49,51,2,2.41,0.6896,0.0015,Medium,1,1,0.6227987745782038,Medium,2139,62.28
PO010342,SUP018,P00103,Fasteners,22,28399.8,SITE06,2022-11-28,2023-01-09,2023-01-13,42,46,4,2.12,0.676,0.0019,Medium,1,1,0.6225423560207742,Medium,2140,62.25
PO016433,SUP012,P00165,Electrical,10,14373.1,SITE06,2023-03-06,2023-03-21,2023-03-19,15,13,-2,1.01,0.4038,0.0006,Low,0,1,0.6225138345090859,Medium,2141,62.25
PO000487,SUP024,P00005,Cabin,18,23759.28,SITE01,2022-07-04,2022-09-06,2022-09-03,64,61,-3,2.3,0.6446,0.0013,Medium,0,1,0.6223295887246312,Medium,2142,62.23
PO024236,SUP027,P00248,Avionics,3,780.15,SITE05,2024-08-19,2024-09-30,2024-10-05,42,47,5,2.47,0.6926,0.0009,Medium,1,1,0.6223123455711733,Medium,2143,62.23
PO006503,SUP035,P00066,Fasteners,7,7272.3,SITE02,2024-10-21,2024-11-28,2024-11-28,38,38,0,1.23,0.4405,0.0016,Low,0,1,0.6222446702406749,Medium,2144,62.22
PO009840,SUP040,P00100,Avionics,15,7302.6,SITE02,2024-09-09,2024-10-21,2024-10-26,42,47,5,2.29,0.6602,0.0017,Medium,1,1,0.6221203165808253,Medium,2145,62.21
PO001976,SUP027,P00018,Cabin,70,80737.3,SITE05,2024-04-22,2024-06-04,2024-06-04,43,43,0,2.51,0.6898,0.0008,Medium,0,1,0.6221055839903668,Medium,2146,62.21
PO023427,SUP013,P00239,Structure,66,18024.6,SITE04,2023-07-03,2023-08-26,2023-08-31,54,59,5,2.41,0.6833,0.0018,Medium,1,1,0.6220678032769237,Medium,2147,62.21
PO009594,SUP026,P00096,Engine,1,484.29,SITE02,2022-02-28,2022-05-13,2022-05-14,74,75,1,2.26,0.6977,0.0,Medium,1,1,0.6219625314299226,Medium,2148,62.2
PO001082,SUP018,P00008,Avionics,10,2896.6,SITE04,2024-09-09,2024-10-31,2024-10-31,52,52,0,2.25,0.6854,0.0015,Medium,0,1,0.6219341903989685,Medium,2149,62.19
PO013512,SUP038,P00137,Fasteners,3,2382.33,SITE03,2023-10-09,2023-11-23,2023-11-21,45,43,-2,2.24,0.6567,0.0017,Medium,0,1,0.6218650421597206,Medium,2150,62.19
PO001574,SUP040,P00014,Hydraulics,16,3009.6,SITE06,2022-02-14,2022-04-03,2022-03-31,48,45,-3,2.48,0.7222,0.0,Medium,0,1,0.6218465494013344,Medium,2151,62.18
PO010365,SUP018,P00103,Fasteners,12,15490.8,SITE06,2024-09-16,2024-10-25,2024-10-31,39,45,6,2.24,0.6833,0.0015,Medium,1,1,0.6218354484051809,Medium,2152,62.18
PO022426,SUP027,P00226,Hydraulics,3,3404.61,SITE06,2023-04-03,2023-05-11,2023-05-12,38,39,1,2.53,0.6895,0.0004,Medium,1,1,0.6217946789349668,Medium,2153,62.18
PO028667,SUP027,P00292,Engine,1,334.17,SITE05,2024-10-07,2024-11-22,2024-11-25,46,49,3,2.46,0.6898,0.001,Medium,1,1,0.6216839953301675,Medium,2154,62.17
PO029243,SUP006,P00298,Avionics,32,9766.4,SITE01,2022-10-24,2022-12-22,2022-12-29,59,66,7,2.51,0.6677,0.0009,Medium,1,1,0.6216832799477143,Medium,2155,62.17
PO015849,SUP015,P00159,Structure,18,6742.08,SITE04,2023-01-02,2023-02-07,2023-02-15,36,44,8,2.26,0.6908,0.0009,Medium,1,1,0.621624083775855,Medium,2156,62.16
PO023979,SUP009,P00245,LandingGear,27,33624.45,SITE05,2024-05-13,2024-06-22,2024-06-24,40,42,2,2.2,0.6712,0.0017,Medium,1,1,0.6214016948210013,Medium,2157,62.14
PO013453,SUP038,P00137,Fasteners,8,6352.88,SITE01,2022-01-31,2022-03-23,2022-03-22,51,50,-1,1.44,0.68,0.0,Medium,0,1,0.621325331227592,Medium,2158,62.13
PO018783,SUP017,P00192,Structure,2,997.22,SITE01,2022-10-24,2022-11-17,2022-11-19,24,26,2,1.15,0.4239,0.0004,Low,1,1,0.6212546141698772,Medium,2159,62.13
PO019344,SUP040,P00198,LandingGear,51,59463.45,SITE04,2022-03-28,2022-05-05,2022-05-05,38,38,0,2.13,0.6538,0.0038,Medium,0,1,0.6211589148070835,Medium,2160,62.12
PO005023,SUP027,P00052,Electrical,23,27049.61,SITE05,2024-01-15,2024-02-12,2024-02-15,28,31,3,2.51,0.6907,0.0007,Medium,1,1,0.6210374100907831,Medium,2161,62.1
PO003243,SUP024,P00033,Hydraulics,15,4153.05,SITE06,2023-08-14,2023-10-02,2023-10-08,49,55,6,2.35,0.6682,0.0015,Medium,1,1,0.6209305803464827,Medium,2162,62.09
PO019955,SUP024,P00203,Fasteners,31,40583.96,SITE05,2022-01-10,2022-03-17,2022-03-20,66,69,3,2.14,0.4286,0.0,Medium,1,1,0.62085019479068,Medium,2163,62.09
PO017886,SUP025,P00181,Structure,24,23895.6,SITE06,2024-03-18,2024-04-29,2024-04-30,42,43,1,2.51,0.6819,0.0014,Medium,1,1,0.6208057718737309,Medium,2164,62.08
PO002177,SUP013,P00020,Hydraulics,7,2067.8,SITE06,2024-04-01,2024-05-07,2024-05-04,36,33,-3,2.41,0.688,0.0015,Medium,0,1,0.6207527558586919,Medium,2165,62.08
PO022366,SUP027,P00226,Hydraulics,2,2269.74,SITE01,2023-08-21,2023-09-23,2023-10-01,33,41,8,2.5,0.6909,0.0006,Medium,1,1,0.6207410192525338,Medium,2166,62.07
PO009940,SUP040,P00100,Avionics,30,14605.2,SITE06,2023-04-24,2023-06-11,2023-06-15,48,52,4,2.2,0.653,0.0022,Medium,1,1,0.620141578242958,Medium,2167,62.01
PO009059,SUP039,P00090,Avionics,9,2553.75,SITE02,2023-02-20,2023-03-25,2023-03-26,33,34,1,2.63,0.6957,0.0,Medium,1,1,0.6200301464979742,Medium,2168,62.0
PO003896,SUP026,P00040,Structure,51,8492.01,SITE06,2022-05-30,2022-08-04,2022-08-06,66,68,2,2.56,0.75,0.0012,Medium,1,1,0.6200101549781267,Medium,2169,62.0
PO022423,SUP027,P00226,Hydraulics,14,15888.18,SITE06,2023-01-02,2023-02-16,2023-02-16,45,45,0,2.6,0.703,0.0005,Medium,0,1,0.6199426892468374,Medium,2170,61.99
PO023672,SUP019,P00242,Electrical,14,14093.66,SITE02,2024-01-29,2024-02-19,2024-02-24,21,26,5,1.14,0.4099,0.0019,Low,1,1,0.6198723392562567,Medium,2171,61.99
PO000744,SUP002,P00006,Cabin,19,12641.84,SITE03,2022-04-18,2022-06-24,2022-06-24,67,67,0,2.41,0.7,0.0019,Medium,0,1,0.6198573947333937,Medium,2172,61.99
PO024990,SUP038,P00257,Cabin,23,24331.01,SITE05,2023-06-26,2023-08-20,2023-08-23,55,58,3,2.28,0.6653,0.001,Medium,1,1,0.6198120051132792,Medium,2173,61.98
PO025488,SUP030,P00262,Structure,5,2046.75,SITE05,2024-10-14,2024-11-14,2024-11-19,31,36,5,1.21,0.4262,0.0009,Low,1,1,0.6197404268618382,Medium,2174,61.97
PO009203,SUP024,P00091,Electrical,5,8559.0,SITE05,2023-11-20,2023-12-25,2023-12-24,35,34,-1,2.42,0.6673,0.0013,Medium,0,1,0.6196529327656357,Medium,2175,61.97
PO001508,SUP040,P00014,Hydraulics,6,1128.6,SITE01,2024-07-22,2024-09-07,2024-09-11,47,51,4,2.28,0.6592,0.0017,Medium,1,1,0.6196245166845965,Medium,2176,61.96
PO020828,SUP005,P00212,Fasteners,16,16975.04,SITE06,2024-06-24,2024-08-12,2024-08-17,49,54,5,2.4,0.6721,0.0003,Medium,1,1,0.6195947853226428,Medium,2177,61.96
PO009572,SUP013,P00095,Engine,6,3269.1,SITE06,2022-08-15,2022-10-11,2022-10-10,57,56,-1,2.23,0.6573,0.0014,Medium,0,1,0.6195884330140045,Medium,2178,61.96
PO012462,SUP018,P00125,Avionics,2,2980.02,SITE01,2024-12-09,2025-01-20,2025-01-20,42,42,0,2.24,0.6822,0.0014,Medium,0,1,0.6195273826817306,Medium,2179,61.95
PO003512,SUP014,P00037,Electrical,2,13242.1,SITE06,2024-12-16,2025-01-25,2025-01-25,40,40,0,2.51,0.6951,0.0008,Medium,0,1,0.6194578626134102,Medium,2180,61.95
PO014020,SUP040,P00141,LandingGear,44,22600.16,SITE06,2022-05-30,2022-07-07,2022-07-06,38,37,-1,2.17,0.6429,0.0024,Medium,0,1,0.6193766188567117,Medium,2181,61.94
PO009166,SUP024,P00091,Electrical,44,75319.2,SITE04,2022-06-06,2022-07-22,2022-07-24,46,48,2,2.41,0.6667,0.0017,Medium,1,1,0.6192507564392261,Medium,2182,61.93
PO009590,SUP026,P00096,Engine,1,484.29,SITE01,2022-02-21,2022-04-20,2022-04-25,58,63,5,2.29,0.6842,0.0,Medium,1,1,0.6191916533758639,Medium,2183,61.92
PO001905,SUP027,P00018,Cabin,8,9227.12,SITE03,2023-11-13,2023-12-24,2023-12-21,41,38,-3,2.51,0.6907,0.0006,Medium,0,1,0.6191800657539268,Medium,2184,61.92
PO005961,SUP014,P00060,Cabin,76,41540.84,SITE03,2022-11-07,2022-12-24,2022-12-27,47,50,3,2.59,0.7384,0.0009,Medium,1,1,0.61916830461177,Medium,2185,61.92
PO001732,SUP022,P00016,LandingGear,22,44971.3,SITE06,2024-09-02,2024-09-16,2024-09-18,14,16,2,1.15,0.4436,0.0008,Low,1,1,0.6191177514101031,Medium,2186,61.91
PO011724,SUP014,P00119,Electrical,3,19440.72,SITE06,2023-10-30,2023-12-03,2023-12-06,34,37,3,2.52,0.7042,0.0008,Medium,1,1,0.6189123834207572,Medium,2187,61.89
PO023007,SUP005,P00233,Cabin,10,103970.9,SITE06,2022-02-21,2022-04-25,2022-04-26,63,64,1,2.56,0.64,0.0,Medium,1,1,0.6188432353145997,Medium,2188,61.88
PO021013,SUP024,P00215,Fasteners,12,27441.48,SITE01,2023-06-26,2023-08-30,2023-08-29,65,64,-1,2.32,0.6634,0.0016,Medium,0,1,0.6187720277523644,Medium,2189,61.88
PO019321,SUP040,P00198,LandingGear,6,6995.7,SITE02,2024-04-15,2024-05-21,2024-05-18,36,33,-3,2.28,0.6544,0.0019,Medium,0,1,0.6187457123401124,Medium,2190,61.87
PO018985,SUP025,P00194,Structure,32,11786.88,SITE01,2023-03-06,2023-04-12,2023-04-12,37,37,0,2.52,0.6573,0.0008,Medium,0,1,0.6187300093968945,Medium,2191,61.87
PO003486,SUP014,P00037,Electrical,2,13242.1,SITE02,2024-05-06,2024-06-12,2024-06-10,37,35,-2,2.44,0.6893,0.0006,Medium,0,1,0.6185449959772461,Medium,2192,61.85
PO028711,SUP030,P00293,Hydraulics,8,6152.96,SITE04,2023-08-28,2023-10-07,2023-10-06,40,39,-1,1.15,0.4208,0.0006,Low,0,1,0.6184811300278953,Medium,2193,61.85
PO001933,SUP027,P00018,Cabin,80,92271.2,SITE04,2023-04-24,2023-06-10,2023-06-13,47,50,3,2.54,0.6918,0.0005,Medium,1,1,0.6184686819412042,Medium,2194,61.85
PO029317,SUP006,P00298,Avionics,21,6409.2,SITE04,2022-07-04,2022-09-02,2022-09-05,60,63,3,2.42,0.655,0.0,Medium,1,1,0.6183335051451343,Medium,2195,61.83
PO022137,SUP028,P00224,Fasteners,5,14289.05,SITE02,2022-06-13,2022-07-07,2022-07-05,24,22,-2,0.92,0.3841,0.0011,Low,0,1,0.6181120563634495,Medium,2196,61.81
PO027135,SUP014,P00275,Engine,3,3118.77,SITE03,2023-06-26,2023-08-07,2023-08-04,42,39,-3,2.42,0.6973,0.0009,Medium,0,1,0.6180965208629712,Medium,2197,61.81
PO017537,SUP006,P00178,Fasteners,8,6712.72,SITE03,2022-01-10,2022-03-16,2022-03-16,65,65,0,2.62,0.625,0.0,Medium,0,1,0.6179245914198438,Medium,2198,61.79
PO029165,SUP002,P00297,LandingGear,26,32721.26,SITE04,2023-04-17,2023-06-05,2023-06-04,49,48,-1,2.5,0.6958,0.0015,Medium,0,1,0.6178583400717605,Medium,2199,61.79
PO002175,SUP013,P00020,Hydraulics,4,1181.6,SITE06,2023-09-11,2023-10-25,2023-10-25,44,44,0,2.41,0.688,0.0015,Medium,0,1,0.617802151724275,Medium,2200,61.78
PO009119,SUP024,P00091,Electrical,6,10270.8,SITE01,2022-12-05,2023-01-12,2023-01-14,38,40,2,2.26,0.6606,0.0011,Medium,1,1,0.6176792685536495,Medium,2201,61.77
PO021949,SUP012,P00223,Avionics,19,10140.87,SITE01,2024-03-04,2024-04-09,2024-04-10,36,37,1,0.99,0.3972,0.0005,Low,1,1,0.6176506457909854,Medium,2202,61.77
PO008189,SUP030,P00083,Fasteners,21,13310.01,SITE02,2022-04-11,2022-05-16,2022-05-18,35,37,2,1.39,0.463,0.0,Low,1,1,0.6176106244341266,Medium,2203,61.76
PO027605,SUP003,P00280,Cabin,44,63258.8,SITE03,2023-08-07,2023-09-30,2023-10-01,54,55,1,2.26,0.6577,0.0,Medium,1,1,0.6175278076022649,Medium,2204,61.75
PO005461,SUP013,P00057,Avionics,7,827.26,SITE01,2024-05-13,2024-07-11,2024-07-18,59,66,7,2.4,0.6879,0.0015,Medium,1,1,0.6174793629458152,Medium,2205,61.75
PO011454,SUP038,P00116,Cabin,9,26314.83,SITE03,2023-04-10,2023-06-04,2023-06-11,55,62,7,2.29,0.6618,0.001,Medium,1,1,0.6173730828451357,Medium,2206,61.74
PO022997,SUP005,P00233,Cabin,19,197544.71,SITE05,2023-01-16,2023-03-14,2023-03-15,57,58,1,2.51,0.6923,0.0,Medium,1,1,0.6172048574673409,Medium,2207,61.72
PO019583,SUP026,P00199,Cabin,14,15239.7,SITE05,2024-12-09,2025-02-04,2025-02-06,57,59,2,2.53,0.7075,0.001,Medium,1,1,0.6170928440010558,Medium,2208,61.71
PO025951,SUP009,P00267,Cabin,13,2832.57,SITE02,2022-06-06,2022-08-11,2022-08-12,66,67,1,2.24,0.703,0.002,Medium,1,1,0.6170259277970842,Medium,2209,61.7
PO028592,SUP014,P00291,Hydraulics,2,2748.56,SITE03,2023-03-13,2023-04-27,2023-04-30,45,48,3,2.38,0.6994,0.0008,Medium,1,1,0.6169382626041037,Medium,2210,61.69
PO005391,SUP027,P00056,Cabin,14,16215.5,SITE05,2023-03-13,2023-05-05,2023-05-07,53,55,2,2.51,0.6913,0.0004,Medium,1,1,0.616887943623141,Medium,2211,61.69
PO008415,SUP009,P00084,Avionics,7,4888.59,SITE04,2024-03-25,2024-05-20,2024-05-23,56,59,3,2.21,0.668,0.0016,Medium,1,1,0.616710679241918,Medium,2212,61.67
PO027601,SUP003,P00280,Cabin,31,44568.7,SITE03,2022-12-05,2023-01-25,2023-01-27,51,53,2,2.24,0.6158,0.0,Medium,1,1,0.6166958272061257,Medium,2213,61.67
PO027756,SUP021,P00281,Fasteners,1,10105.58,SITE05,2024-01-08,2024-03-10,2024-03-17,62,69,7,2.5,0.7155,0.0011,Medium,1,1,0.6166178860517715,Medium,2214,61.66
PO000480,SUP024,P00005,Cabin,28,36958.88,SITE01,2022-01-31,2022-04-14,2022-04-15,73,74,1,2.27,0.6,0.0,Medium,1,1,0.6165283694171811,Medium,2215,61.65
PO001017,SUP018,P00008,Avionics,7,2027.62,SITE02,2022-11-14,2022-12-29,2022-12-28,45,44,-1,2.2,0.6964,0.0019,Medium,0,1,0.6162888262244545,Medium,2216,61.63
PO017162,SUP006,P00175,Cabin,18,16318.26,SITE03,2024-09-23,2024-11-20,2024-11-22,58,60,2,2.5,0.6881,0.0012,Medium,1,1,0.6162492124722796,Medium,2217,61.62
PO027802,SUP003,P00282,Electrical,3,8262.0,SITE06,2022-05-09,2022-06-12,2022-06-17,34,39,5,2.29,0.5942,0.0,Medium,1,1,0.6160075366403756,Medium,2218,61.6
PO009801,SUP040,P00100,Avionics,5,2434.2,SITE01,2022-09-05,2022-10-17,2022-10-21,42,46,4,2.33,0.6737,0.0018,Medium,1,1,0.615980864395539,Medium,2219,61.6
PO017576,SUP006,P00178,Fasteners,139,116633.51,SITE04,2024-02-05,2024-03-28,2024-03-26,52,50,-2,2.48,0.6727,0.0011,Medium,0,1,0.6158185197647974,Medium,2220,61.58
PO019378,SUP040,P00198,LandingGear,5,5829.75,SITE05,2022-09-26,2022-10-30,2022-11-01,34,36,2,2.3,0.6731,0.0017,Medium,1,1,0.6157213799696797,Medium,2221,61.57
PO004580,SUP011,P00047,Avionics,8,1403.04,SITE02,2022-05-16,2022-07-01,2022-07-01,46,46,0,1.2,0.3514,0.0,Low,0,1,0.6154810868248368,Medium,2222,61.55
PO028663,SUP027,P00292,Engine,2,668.34,SITE04,2024-09-30,2024-11-25,2024-11-26,56,57,1,2.45,0.6891,0.0009,Medium,1,1,0.6154187587285627,Medium,2223,61.54
PO019681,SUP038,P00201,Cabin,5,6774.15,SITE01,2023-09-25,2023-11-13,2023-11-16,49,52,3,2.26,0.6625,0.0012,Medium,1,1,0.6151187543381618,Medium,2224,61.51
PO011586,SUP034,P00117,Engine,4,5024.92,SITE03,2024-08-12,2024-10-01,2024-09-30,50,49,-1,1.25,0.4545,0.0021,Low,0,1,0.6150636461649621,Medium,2225,61.51
PO029202,SUP002,P00297,LandingGear,6,7551.06,SITE05,2024-11-04,2025-01-02,2025-01-06,59,63,4,2.58,0.7151,0.001,Medium,1,1,0.6149977152477155,Medium,2226,61.5
PO000332,SUP040,P00003,Avionics,20,4388.8,SITE03,2022-09-26,2022-11-08,2022-11-10,43,45,2,2.3,0.6711,0.0017,Medium,1,1,0.6149443447807816,Medium,2227,61.49
PO018767,SUP002,P00191,LandingGear,10,11014.7,SITE06,2023-01-02,2023-03-10,2023-03-12,67,69,2,2.49,0.6953,0.0009,Medium,1,1,0.6149155081438842,Medium,2228,61.49
PO023428,SUP013,P00239,Structure,18,4915.8,SITE04,2023-07-31,2023-09-17,2023-09-21,48,52,4,2.42,0.6843,0.0016,Medium,1,1,0.614878047794318,Medium,2229,61.49
PO029368,SUP006,P00298,Avionics,9,2746.8,SITE06,2022-01-03,2022-03-04,2022-03-09,60,65,5,3.44,0.6667,0.0,Medium,1,1,0.6147870185029708,Medium,2230,61.48
PO022078,SUP012,P00223,Avionics,10,5337.3,SITE05,2024-09-23,2024-10-24,2024-10-22,31,29,-2,1.09,0.4169,0.0006,Low,0,1,0.6146516999062872,Medium,2231,61.47
PO011465,SUP038,P00116,Cabin,12,35086.44,SITE03,2024-05-06,2024-06-29,2024-06-27,54,52,-2,2.31,0.6671,0.0013,Medium,0,1,0.6146344377316643,Medium,2232,61.46
PO000886,SUP040,P00007,Fasteners,5,13326.1,SITE01,2023-08-07,2023-09-27,2023-09-26,51,50,-1,2.32,0.6656,0.0019,Medium,0,1,0.6146015572951827,Medium,2233,61.46
PO001857,SUP027,P00018,Cabin,14,16147.46,SITE02,2022-11-14,2022-12-31,2022-12-28,47,44,-3,2.64,0.7091,0.0004,Medium,0,1,0.6145271041032966,Medium,2234,61.45
PO013595,SUP038,P00137,Fasteners,23,18264.53,SITE06,2024-01-22,2024-03-02,2024-03-05,40,43,3,2.29,0.6637,0.0014,Medium,1,1,0.6144681162824767,Medium,2235,61.45
PO013968,SUP040,P00141,LandingGear,5,2568.2,SITE03,2024-05-20,2024-07-02,2024-07-01,43,42,-1,2.27,0.6563,0.0019,Medium,0,1,0.6144467647694525,Medium,2236,61.44
PO010099,SUP021,P00101,Cabin,34,36324.92,SITE04,2024-09-09,2024-11-15,2024-11-14,67,66,-1,2.47,0.6998,0.0011,Medium,0,1,0.6142989973647518,Medium,2237,61.43
PO006009,SUP014,P00060,Cabin,23,12571.57,SITE04,2023-11-20,2024-01-08,2024-01-05,49,46,-3,2.49,0.6994,0.0008,Medium,0,1,0.6141694879052249,Medium,2238,61.42
PO003171,SUP024,P00033,Hydraulics,15,4153.05,SITE02,2023-10-30,2023-12-19,2023-12-19,50,50,0,2.42,0.6673,0.0013,Medium,0,1,0.6140819928229189,Medium,2239,61.41
PO000494,SUP024,P00005,Cabin,26,34318.96,SITE01,2023-05-29,2023-07-26,2023-07-25,58,57,-1,2.34,0.665,0.0015,Medium,0,1,0.614031327356209,Medium,2240,61.4
PO019718,SUP038,P00201,Cabin,10,13548.3,SITE03,2022-09-26,2022-11-11,2022-11-14,46,49,3,2.24,0.6667,0.0009,Medium,1,1,0.6139939035364919,Medium,2241,61.4
PO027033,SUP004,P00274,Avionics,32,7010.24,SITE04,2024-03-18,2024-04-29,2024-04-28,42,41,-1,1.2,0.4527,0.0005,Low,0,1,0.6139333651185722,Medium,2242,61.39
PO014641,SUP026,P00147,Hydraulics,8,3476.4,SITE06,2024-03-11,2024-05-06,2024-05-08,56,58,2,2.4,0.6934,0.0012,Medium,1,1,0.6136976766407819,Medium,2243,61.37
PO016048,SUP009,P00162,LandingGear,26,76650.08,SITE04,2022-02-07,2022-03-15,2022-03-17,36,38,2,1.83,0.5833,0.0,Medium,1,1,0.613569291779102,Medium,2244,61.36
PO017096,SUP006,P00175,Cabin,18,16318.26,SITE01,2024-09-30,2024-12-01,2024-12-01,62,62,0,2.5,0.6886,0.0012,Medium,0,1,0.613513299255592,Medium,2245,61.35
PO013449,SUP034,P00136,LandingGear,87,269566.02,SITE06,2024-05-20,2024-06-18,2024-06-21,29,32,3,1.26,0.4541,0.0013,Low,1,1,0.6132832022329918,Medium,2246,61.33
PO015199,SUP012,P00154,Avionics,10,2315.0,SITE01,2023-07-24,2023-08-26,2023-08-27,33,34,1,1.02,0.4042,0.0006,Low,1,1,0.6132414806770655,Medium,2247,61.32
PO024269,SUP027,P00248,Avionics,23,5981.15,SITE06,2024-12-09,2025-01-25,2025-01-28,47,50,3,2.43,0.6847,0.001,Medium,1,1,0.6132134265014519,Medium,2248,61.32
PO013334,SUP013,P00135,Electrical,3,30941.58,SITE05,2024-01-01,2024-02-04,2024-02-07,34,37,3,2.41,0.6865,0.0016,Medium,1,1,0.613185387469873,Medium,2249,61.32
PO023806,SUP008,P00243,LandingGear,3,55434.0,SITE06,2022-08-15,2022-09-04,2022-09-03,20,19,-1,1.27,0.4602,0.0,Low,0,1,0.6130530623203023,Medium,2250,61.31
PO016184,SUP027,P00163,Avionics,10,2949.2,SITE04,2022-08-08,2022-09-16,2022-09-13,39,36,-3,2.7,0.7166,0.0003,Medium,0,1,0.6130357208021973,Medium,2251,61.3
PO004962,SUP027,P00052,Electrical,7,8232.49,SITE02,2022-10-17,2022-11-13,2022-11-14,27,28,1,2.6,0.7012,0.0004,Medium,1,1,0.6128937116546206,Medium,2252,61.29
PO000381,SUP040,P00003,Avionics,58,12727.52,SITE05,2022-05-16,2022-07-01,2022-07-03,46,48,2,2.19,0.6481,0.0026,Medium,1,1,0.612852527960958,Medium,2253,61.29
PO015858,SUP015,P00159,Structure,12,4494.72,SITE04,2023-09-25,2023-11-07,2023-11-08,43,44,1,2.35,0.6957,0.0025,Medium,1,1,0.6128380787936304,Medium,2254,61.28
PO009782,SUP029,P00099,Engine,7,8435.91,SITE04,2024-01-29,2024-03-14,2024-03-11,45,42,-3,1.24,0.4352,0.001,Low,0,1,0.6126341578116469,Medium,2255,61.26
PO001823,SUP027,P00018,Cabin,15,17300.85,SITE01,2022-07-11,2022-08-22,2022-08-19,42,39,-3,2.8,0.7416,0.0,Medium,0,1,0.6126001218306207,Medium,2256,61.26
PO017136,SUP006,P00175,Cabin,18,16318.26,SITE03,2022-05-16,2022-07-10,2022-07-09,55,54,-1,2.61,0.6667,0.0,Medium,0,1,0.6125867013676748,Medium,2257,61.26
PO009861,SUP040,P00100,Avionics,15,7302.6,SITE03,2024-05-06,2024-06-14,2024-06-14,39,39,0,2.28,0.6557,0.0019,Medium,0,1,0.6122111962807666,Medium,2258,61.22
PO001058,SUP018,P00008,Avionics,25,7241.5,SITE04,2022-09-05,2022-10-25,2022-11-01,50,57,7,2.22,0.6985,0.0018,Medium,1,1,0.6121843295708898,Medium,2259,61.22
PO014510,SUP020,P00146,Electrical,21,89568.78,SITE04,2023-10-09,2023-10-21,2023-10-18,12,9,-3,1.08,0.3895,0.0012,Low,0,1,0.6121511655430467,Medium,2260,61.22
PO015767,SUP024,P00158,Structure,69,129946.32,SITE06,2023-03-20,2023-05-17,2023-05-20,58,61,3,2.33,0.6667,0.0012,Medium,1,1,0.6118769398995865,Medium,2261,61.19
PO022415,SUP027,P00226,Hydraulics,5,5674.35,SITE06,2022-01-17,2022-03-02,2022-03-14,44,56,12,2.94,0.8125,0.0,Medium,1,1,0.6118683902818708,Medium,2262,61.19
PO022421,SUP027,P00226,Hydraulics,24,27236.88,SITE06,2022-12-05,2023-01-14,2023-01-18,40,44,4,2.61,0.7045,0.0004,Medium,1,1,0.6118056915837046,Medium,2263,61.18
PO029259,SUP006,P00298,Avionics,12,3662.4,SITE01,2024-10-07,2024-12-15,2024-12-12,69,66,-3,2.49,0.6871,0.0011,Medium,0,1,0.6117629886147248,Medium,2264,61.18
PO000240,SUP028,P00002,Cabin,10,6708.4,SITE05,2024-04-22,2024-05-24,2024-05-21,32,29,-3,1.08,0.41,0.0009,Low,0,1,0.6117563607563606,Medium,2265,61.18
PO028329,SUP031,P00288,Electrical,3,2899.26,SITE04,2022-08-08,2022-09-04,2022-09-01,27,24,-3,1.14,0.3772,0.0006,Low,0,1,0.6116998897123652,Medium,2266,61.17
PO005922,SUP014,P00060,Cabin,20,10931.8,SITE02,2022-08-22,2022-10-12,2022-10-13,51,52,1,2.64,0.7374,0.0014,Medium,1,1,0.61141936281719,Medium,2267,61.14
PO020759,SUP005,P00212,Fasteners,18,19096.92,SITE04,2023-04-17,2023-06-03,2023-06-03,47,47,0,2.52,0.6979,0.0,Medium,0,1,0.6114182421376491,Medium,2268,61.14
PO010290,SUP018,P00103,Fasteners,17,21945.3,SITE04,2022-08-15,2022-09-20,2022-09-20,36,36,0,2.18,0.704,0.0019,Medium,0,1,0.6113544973544974,Medium,2269,61.14
PO013703,SUP040,P00138,LandingGear,5,11897.05,SITE06,2024-12-23,2025-01-27,2025-02-01,35,40,5,2.29,0.6625,0.0015,Medium,1,1,0.611343331357599,Medium,2270,61.13
PO000345,SUP040,P00003,Avionics,26,5705.44,SITE04,2022-02-07,2022-04-03,2022-04-07,55,59,4,2.34,0.7045,0.0,Medium,1,1,0.6112516346451596,Medium,2271,61.13
PO003953,SUP017,P00041,Fasteners,6,4204.68,SITE02,2023-09-11,2023-10-09,2023-10-13,28,32,4,1.07,0.4182,0.0005,Low,1,1,0.6110875243024235,Medium,2272,61.11
PO008717,SUP022,P00086,Cabin,29,37834.27,SITE05,2024-11-25,2024-12-26,2024-12-26,31,31,0,1.16,0.4488,0.0007,Low,0,1,0.6110640640904115,Medium,2273,61.11
PO006493,SUP035,P00066,Fasteners,10,10389.0,SITE01,2024-01-22,2024-02-26,2024-02-26,35,35,0,1.28,0.4473,0.0021,Low,0,1,0.6110060543953401,Medium,2274,61.1
PO000063,SUP004,P00001,Electrical,8,18587.6,SITE05,2023-09-25,2023-10-21,2023-10-19,26,24,-2,1.18,0.4569,0.0007,Low,0,1,0.6107800440863779,Medium,2275,61.08
PO002783,SUP017,P00028,Engine,9,4247.19,SITE01,2022-09-05,2022-10-03,2022-10-04,28,29,1,1.1,0.4216,0.0003,Low,1,1,0.6107671388337887,Medium,2276,61.08
PO016971,SUP019,P00173,Structure,19,18459.45,SITE04,2024-04-22,2024-05-22,2024-05-26,30,34,4,1.17,0.4307,0.0018,Low,1,1,0.6106165063481651,Medium,2277,61.06
PO001968,SUP027,P00018,Cabin,27,31141.53,SITE05,2023-04-24,2023-06-07,2023-06-13,44,50,6,2.54,0.6923,0.0005,Medium,1,1,0.6105694824210197,Medium,2278,61.06
PO005981,SUP014,P00060,Cabin,31,16944.29,SITE03,2024-07-01,2024-08-19,2024-08-25,49,55,6,2.4,0.683,0.0007,Medium,1,1,0.6105581474963444,Medium,2279,61.06
PO019535,SUP026,P00199,Cabin,7,7619.85,SITE04,2023-06-05,2023-08-12,2023-08-17,68,73,5,2.41,0.6862,0.001,Medium,1,1,0.610474472265237,Medium,2280,61.05
PO005552,SUP013,P00057,Avionics,12,1418.16,SITE05,2022-11-21,2023-01-11,2023-01-14,51,54,3,2.44,0.6806,0.0009,Medium,1,1,0.610402572353152,Medium,2281,61.04
PO004498,SUP018,P00046,Avionics,28,4875.36,SITE04,2024-03-18,2024-05-01,2024-05-01,44,44,0,2.26,0.6813,0.0012,Medium,0,1,0.6102669040910395,Medium,2282,61.03
PO029006,SUP014,P00295,Structure,37,11847.77,SITE06,2022-12-26,2023-01-27,2023-01-25,32,30,-2,2.55,0.7326,0.0008,Medium,0,1,0.6102345424371446,Medium,2283,61.02
PO015786,SUP015,P00159,Structure,3,1123.68,SITE01,2022-04-25,2022-06-01,2022-05-29,37,34,-3,2.14,0.7619,0.0,Medium,0,1,0.6100265258459477,Medium,2284,61.0
PO015613,SUP019,P00157,LandingGear,7,17524.78,SITE03,2024-01-22,2024-02-16,2024-02-17,25,26,1,1.14,0.4096,0.0019,Low,1,1,0.6099439922332534,Medium,2285,60.99
PO027639,SUP003,P00280,Cabin,22,31629.4,SITE04,2024-01-29,2024-03-23,2024-03-22,54,53,-1,2.3,0.6568,0.0002,Medium,0,1,0.609650831509901,Medium,2286,60.97
PO011215,SUP018,P00114,LandingGear,6,23939.76,SITE06,2024-04-15,2024-05-21,2024-05-24,36,39,3,2.25,0.683,0.0011,Medium,1,1,0.6096454590808654,Medium,2287,60.96
PO009177,SUP024,P00091,Electrical,9,15406.2,SITE04,2023-07-24,2023-09-06,2023-09-11,44,49,5,2.35,0.6659,0.0015,Medium,1,1,0.6095977841190123,Medium,2288,60.96
PO027640,SUP003,P00280,Cabin,19,27316.3,SITE04,2024-03-11,2024-05-06,2024-05-09,56,59,3,2.3,0.6551,0.0002,Medium,1,1,0.6095931631027074,Medium,2289,60.96
PO013520,SUP038,P00137,Fasteners,15,11911.65,SITE04,2022-03-07,2022-04-22,2022-04-25,46,49,3,2.02,0.6875,0.0,Medium,1,1,0.609193571719429,Medium,2290,60.92
PO021071,SUP024,P00215,Fasteners,4,9147.16,SITE04,2024-10-21,2024-12-21,2024-12-24,61,64,3,2.48,0.6801,0.0011,Medium,1,1,0.6091796843930258,Medium,2291,60.92
PO011795,SUP013,P00120,Fasteners,18,24028.74,SITE04,2022-07-18,2022-09-05,2022-09-11,49,55,6,2.12,0.6468,0.0011,Medium,1,1,0.6090333883854389,Medium,2292,60.9
PO010059,SUP021,P00101,Cabin,22,23504.36,SITE03,2024-08-12,2024-10-12,2024-10-12,61,61,0,2.52,0.7047,0.0011,Medium,0,1,0.6090265126278396,Medium,2293,60.9
PO018032,SUP016,P00184,Avionics,10,4239.9,SITE02,2022-10-03,2022-11-16,2022-11-14,44,42,-2,2.4,0.6957,0.001,Medium,0,1,0.6089533457296082,Medium,2294,60.9
PO004727,SUP006,P00048,Fasteners,10,13840.3,SITE04,2023-06-12,2023-08-17,2023-08-18,66,67,1,2.46,0.6661,0.0011,Medium,1,1,0.6089449483313035,Medium,2295,60.89
PO022308,SUP032,P00225,LandingGear,10,6891.0,SITE04,2024-09-23,2024-10-13,2024-10-11,20,18,-2,0.98,0.3756,0.0018,Low,0,1,0.6087881465115293,Medium,2296,60.88
PO007943,SUP027,P00080,Cabin,12,31746.24,SITE05,2024-12-16,2025-02-03,2025-02-03,49,49,0,2.43,0.6856,0.0011,Medium,0,1,0.6087855952199135,Medium,2297,60.88
PO007827,SUP027,P00080,Cabin,13,34391.76,SITE01,2024-12-23,2025-02-12,2025-02-10,51,49,-2,2.43,0.6858,0.0011,Medium,0,1,0.6087586810437834,Medium,2298,60.88
PO005444,SUP013,P00057,Avionics,19,2245.42,SITE01,2022-01-31,2022-03-28,2022-03-28,56,56,0,2.19,0.7778,0.0,Medium,0,1,0.608702941176471,Medium,2299,60.87
PO019565,SUP026,P00199,Cabin,11,11974.05,SITE05,2023-05-08,2023-07-17,2023-07-15,70,68,-2,2.4,0.6952,0.001,Medium,0,1,0.6086886324521323,Medium,2300,60.87
PO010239,SUP018,P00103,Fasteners,5,6454.5,SITE01,2024-06-03,2024-07-13,2024-07-13,40,40,0,2.25,0.6892,0.0014,Medium,0,1,0.6085381646131643,Medium,2301,60.85
PO004489,SUP018,P00046,Avionics,29,5049.48,SITE04,2023-07-17,2023-09-08,2023-09-10,53,55,2,2.27,0.6918,0.0012,Medium,1,1,0.6084422591729,Medium,2302,60.84
PO000743,SUP002,P00006,Cabin,18,11976.48,SITE03,2022-04-11,2022-06-08,2022-06-11,58,61,3,2.26,0.6944,0.0024,Medium,1,1,0.6084209704029608,Medium,2303,60.84
PO005647,SUP001,P00058,Hydraulics,17,26732.33,SITE04,2023-09-04,2023-10-16,2023-10-14,42,40,-2,1.21,0.4271,0.0007,Low,0,1,0.6083930737204776,Medium,2304,60.84
PO023302,SUP040,P00238,Cabin,9,6291.09,SITE04,2023-12-11,2024-02-05,2024-02-07,56,58,2,2.3,0.6556,0.0021,Medium,1,1,0.6081766642295655,Medium,2305,60.82
PO015808,SUP015,P00159,Structure,14,5243.84,SITE02,2022-06-13,2022-07-22,2022-07-27,39,44,5,2.24,0.746,0.0,Medium,1,1,0.6081528788584707,Medium,2306,60.82
PO022134,SUP028,P00224,Fasteners,7,20004.67,SITE02,2022-03-21,2022-04-15,2022-04-16,25,26,1,0.89,0.3867,0.0013,Low,1,1,0.6081013676490555,Medium,2307,60.81
PO016492,SUP023,P00167,Avionics,17,6192.76,SITE02,2024-03-25,2024-05-25,2024-06-04,61,71,10,2.61,0.735,0.0037,Medium,1,1,0.6080918497277819,Medium,2308,60.81
PO018132,SUP016,P00184,Avionics,10,4239.9,SITE06,2023-10-09,2023-11-20,2023-11-18,42,40,-2,2.45,0.6711,0.0034,Medium,0,1,0.6079167088761028,Medium,2309,60.79
PO028673,SUP027,P00292,Engine,9,3007.53,SITE06,2024-01-01,2024-02-22,2024-02-20,52,50,-2,2.52,0.6925,0.0005,Medium,0,1,0.607713548011448,Medium,2310,60.77
PO007968,SUP027,P00080,Cabin,18,47619.36,SITE06,2024-03-25,2024-05-09,2024-05-09,45,45,0,2.51,0.692,0.0008,Medium,0,1,0.6075662622467755,Medium,2311,60.76
PO023943,SUP009,P00245,LandingGear,11,13698.85,SITE04,2022-04-11,2022-05-17,2022-05-18,36,37,1,2.19,0.6406,0.0,Medium,1,1,0.6074164223322682,Medium,2312,60.74
PO023015,SUP005,P00233,Cabin,5,51985.45,SITE06,2023-07-03,2023-09-11,2023-09-14,70,73,3,2.55,0.692,0.0,Medium,1,1,0.6073622760493607,Medium,2313,60.74
PO015701,SUP024,P00158,Structure,3,5649.84,SITE03,2022-12-19,2023-02-10,2023-02-19,53,62,9,2.24,0.6586,0.0011,Medium,1,1,0.6073208156008844,Medium,2314,60.73
PO028669,SUP027,P00292,Engine,3,1002.51,SITE06,2022-10-24,2022-12-11,2022-12-12,48,49,1,2.57,0.6971,0.0004,Medium,1,1,0.6069163298019423,Medium,2315,60.69
PO014801,SUP028,P00149,Fasteners,14,28611.94,SITE05,2022-08-01,2022-08-26,2022-08-27,25,26,1,1.02,0.4022,0.0008,Low,1,1,0.606786057129694,Medium,2316,60.68
PO001065,SUP018,P00008,Avionics,14,4055.24,SITE04,2023-04-03,2023-05-23,2023-05-20,50,47,-3,2.23,0.7056,0.0013,Medium,0,1,0.6067707446454176,Medium,2317,60.68
PO002698,SUP016,P00027,Avionics,13,11059.49,SITE04,2022-01-31,2022-03-18,2022-03-19,46,47,1,2.57,0.7143,0.0,Medium,1,1,0.6067373440023406,Medium,2318,60.67
PO002296,SUP029,P00023,Structure,2,4666.18,SITE06,2023-04-03,2023-05-12,2023-05-16,39,43,4,1.12,0.4212,0.0009,Low,1,1,0.606701792417525,Medium,2319,60.67
PO016241,SUP027,P00163,Avionics,13,3833.96,SITE06,2023-09-25,2023-11-08,2023-11-12,44,48,4,2.51,0.6926,0.0005,Medium,1,1,0.6066939653335989,Medium,2320,60.67
PO018668,SUP002,P00191,LandingGear,9,9913.23,SITE01,2024-09-23,2024-11-21,2024-11-22,59,60,1,2.56,0.7114,0.0009,Medium,1,1,0.6066023647950375,Medium,2321,60.66
PO014289,SUP031,P00144,Fasteners,12,14353.44,SITE01,2022-08-15,2022-09-20,2022-09-19,36,35,-1,1.15,0.3824,0.0006,Low,0,1,0.6064519345887011,Medium,2322,60.65
PO016502,SUP023,P00167,Avionics,6,2185.68,SITE04,2022-06-06,2022-08-04,2022-08-08,59,63,4,3.0,0.7568,0.0042,Medium,1,1,0.6064425400012016,Medium,2323,60.64
PO008205,SUP030,P00083,Fasteners,6,3802.86,SITE02,2023-09-11,2023-10-17,2023-10-21,36,40,4,1.17,0.4231,0.0006,Low,1,1,0.6064249844439473,Medium,2324,60.64
PO016146,SUP027,P00163,Avionics,14,4128.88,SITE02,2024-06-10,2024-07-24,2024-07-26,44,46,2,2.5,0.6867,0.0009,Medium,1,1,0.6063439431194895,Medium,2325,60.63
PO016481,SUP023,P00167,Avionics,4,1457.12,SITE01,2023-06-19,2023-08-10,2023-08-14,52,56,4,2.62,0.76,0.0042,Medium,1,1,0.6063010704857997,Medium,2326,60.63
PO026761,SUP036,P00272,Avionics,22,4449.72,SITE06,2022-12-05,2023-01-22,2023-01-20,48,46,-2,1.19,0.4259,0.0041,Low,0,1,0.6061202749123505,Medium,2327,60.61
PO026727,SUP036,P00272,Avionics,18,3640.68,SITE04,2024-04-15,2024-06-05,2024-06-07,51,53,2,1.2,0.4107,0.0017,Low,1,1,0.606082565678006,Medium,2328,60.61
PO016057,SUP009,P00162,LandingGear,5,14740.4,SITE04,2023-02-13,2023-03-21,2023-03-24,36,39,3,2.32,0.7008,0.0011,Medium,1,1,0.6059835430334082,Medium,2329,60.6
PO024152,SUP015,P00247,Electrical,1,9723.56,SITE01,2024-08-26,2024-10-02,2024-10-02,37,37,0,2.62,0.7127,0.0017,Medium,0,1,0.6059031884020762,Medium,2330,60.59
PO017798,SUP025,P00181,Structure,6,5973.9,SITE02,2023-05-01,2023-06-10,2023-06-15,40,45,5,2.54,0.6707,0.0007,Medium,1,1,0.6058859055227489,Medium,2331,60.59
PO028589,SUP014,P00291,Hydraulics,3,4122.84,SITE03,2022-02-28,2022-04-17,2022-04-17,48,48,0,2.41,0.7037,0.0075,Medium,0,1,0.6057402946803797,Medium,2332,60.57
PO024191,SUP027,P00248,Avionics,6,1560.3,SITE02,2022-01-17,2022-02-20,2022-02-22,34,36,2,3.47,0.8235,0.0,Medium,1,1,0.6056266127292506,Medium,2333,60.56
PO008488,SUP039,P00085,Cabin,8,45657.68,SITE02,2022-04-18,2022-06-04,2022-06-07,47,50,3,2.14,0.5909,0.0,Medium,1,1,0.605565772152169,Medium,2334,60.56
PO000320,SUP040,P00003,Avionics,6,1316.64,SITE02,2024-02-19,2024-04-02,2024-03-30,43,40,-3,2.27,0.6515,0.0021,Medium,0,1,0.605192531342636,Medium,2335,60.52
PO009184,SUP024,P00091,Electrical,43,73607.4,SITE04,2024-01-29,2024-03-13,2024-03-13,44,44,0,2.45,0.6718,0.0012,Medium,0,1,0.6051712829553524,Medium,2336,60.52
PO016121,SUP027,P00163,Avionics,48,14156.16,SITE01,2023-01-02,2023-02-11,2023-02-09,40,38,-2,2.6,0.704,0.0005,Medium,0,1,0.6050661663170596,Medium,2337,60.51
PO000443,SUP040,P00003,Avionics,14,3072.16,SITE06,2024-12-09,2025-01-25,2025-01-22,47,44,-3,2.28,0.6596,0.0016,Medium,0,1,0.6050632585920064,Medium,2338,60.51
PO004248,SUP017,P00044,Hydraulics,6,7335.42,SITE04,2022-09-26,2022-10-22,2022-10-21,26,25,-1,1.13,0.4228,0.0002,Low,0,1,0.6050140092487652,Medium,2339,60.5
PO000361,SUP040,P00003,Avionics,31,6802.64,SITE04,2023-07-17,2023-08-28,2023-09-01,42,46,4,2.31,0.6667,0.002,Medium,1,1,0.6048762999834977,Medium,2340,60.49
PO005465,SUP013,P00057,Avionics,21,2481.78,SITE01,2024-10-28,2024-12-25,2024-12-24,58,57,-1,2.42,0.6864,0.0015,Medium,0,1,0.6047550616237126,Medium,2341,60.48
PO022111,SUP012,P00223,Avionics,45,24017.85,SITE06,2024-09-23,2024-10-25,2024-10-28,32,35,3,1.09,0.4165,0.0006,Low,1,1,0.6047528822112072,Medium,2342,60.48
PO022981,SUP005,P00233,Cabin,7,72779.63,SITE04,2023-04-10,2023-06-11,2023-06-16,62,67,5,2.53,0.6968,0.0,Medium,1,1,0.6047316370116942,Medium,2343,60.47
PO001043,SUP018,P00008,Avionics,12,3475.92,SITE03,2023-07-10,2023-08-27,2023-09-02,48,54,6,2.26,0.6926,0.0013,Medium,1,1,0.6047139989728999,Medium,2344,60.47
PO028607,SUP014,P00291,Hydraulics,17,23362.76,SITE04,2023-05-22,2023-07-07,2023-07-11,46,50,4,2.46,0.7076,0.0009,Medium,1,1,0.6046578380150621,Medium,2345,60.47
PO000517,SUP024,P00005,Cabin,11,14519.56,SITE02,2022-02-28,2022-05-01,2022-05-05,62,66,4,2.56,0.7091,0.0189,Medium,1,1,0.6045863026880747,Medium,2346,60.46
PO028591,SUP014,P00291,Hydraulics,7,9619.96,SITE03,2022-10-24,2022-12-19,2022-12-22,56,59,3,2.59,0.7368,0.001,Medium,1,1,0.6045858664667964,Medium,2347,60.46
PO001446,SUP030,P00012,Engine,2,710.06,SITE03,2022-11-14,2023-01-03,2023-01-05,50,52,2,1.26,0.4406,0.0007,Low,1,1,0.6043663667487196,Medium,2348,60.44
PO019541,SUP026,P00199,Cabin,18,19593.9,SITE04,2023-12-18,2024-02-28,2024-03-02,72,75,3,2.45,0.7051,0.0012,Medium,1,1,0.6043147707588161,Medium,2349,60.43
PO010479,SUP022,P00105,Structure,5,1722.85,SITE02,2023-07-17,2023-08-11,2023-08-18,25,32,7,1.12,0.4249,0.0004,Low,1,1,0.6042649000934331,Medium,2350,60.43
PO007859,SUP027,P00080,Cabin,8,21164.16,SITE03,2022-05-09,2022-06-20,2022-06-17,42,39,-3,2.57,0.7211,0.0,Medium,0,1,0.6041665310985165,Medium,2351,60.42
PO009693,SUP003,P00097,Hydraulics,8,5615.68,SITE06,2023-04-17,2023-05-31,2023-06-01,44,45,1,2.27,0.6404,0.0,Medium,1,1,0.6041367620209587,Medium,2352,60.41
PO019232,SUP038,P00196,Electrical,3,8068.23,SITE06,2022-08-29,2022-10-18,2022-10-18,50,50,0,2.25,0.6774,0.0007,Medium,0,1,0.603988820220337,Medium,2353,60.4
PO003326,SUP030,P00035,Hydraulics,1,4780.74,SITE03,2023-11-13,2023-12-29,2023-12-26,46,43,-3,1.18,0.427,0.0006,Low,0,1,0.6039741870092442,Medium,2354,60.4
PO025272,SUP013,P00260,Hydraulics,7,9204.79,SITE06,2022-07-25,2022-09-08,2022-09-09,45,46,1,2.19,0.6489,0.001,Medium,1,1,0.6039099903967065,Medium,2355,60.39
PO009830,SUP040,P00100,Avionics,9,4381.56,SITE02,2023-06-26,2023-08-08,2023-08-13,43,48,5,2.27,0.6606,0.002,Medium,1,1,0.603662999408669,Medium,2356,60.37
PO020750,SUP005,P00212,Fasteners,27,28645.38,SITE04,2022-05-30,2022-07-23,2022-07-27,54,58,4,2.54,0.6857,0.0,Medium,1,1,0.6036198974318199,Medium,2357,60.36
PO013648,SUP040,P00138,LandingGear,28,66623.48,SITE04,2022-09-12,2022-10-12,2022-10-15,30,33,3,2.29,0.6723,0.0018,Medium,1,1,0.603580571730101,Medium,2358,60.36
PO026512,SUP006,P00270,Electrical,17,56028.77,SITE05,2022-08-29,2022-10-17,2022-10-24,49,56,7,2.42,0.6667,0.0004,Medium,1,1,0.6035772106448327,Medium,2359,60.36
PO011793,SUP013,P00120,Fasteners,34,45387.62,SITE04,2022-06-27,2022-08-08,2022-08-11,42,45,3,2.06,0.6289,0.0012,Medium,1,1,0.6035772052073108,Medium,2360,60.36
PO024217,SUP027,P00248,Avionics,21,5461.05,SITE04,2023-08-07,2023-09-14,2023-09-16,38,40,2,2.49,0.6907,0.0004,Medium,1,1,0.6035052299501702,Medium,2361,60.35
PO019365,SUP040,P00198,LandingGear,27,31480.65,SITE04,2023-11-06,2023-12-13,2023-12-11,37,35,-2,2.31,0.6576,0.0019,Medium,0,1,0.6033043765954504,Medium,2362,60.33
PO026053,SUP009,P00267,Cabin,21,4575.69,SITE05,2022-09-19,2022-11-19,2022-11-21,61,63,2,2.33,0.717,0.0019,Medium,1,1,0.6031906883196495,Medium,2363,60.32
PO026672,SUP036,P00272,Avionics,13,2629.38,SITE03,2022-03-21,2022-05-10,2022-05-08,50,48,-2,1.21,0.4286,0.0,Low,0,1,0.603170979711104,Medium,2364,60.32
PO002411,SUP030,P00025,Structure,21,9445.8,SITE04,2022-05-23,2022-06-27,2022-07-01,35,39,4,1.31,0.461,0.0,Low,1,1,0.6028877691788347,Medium,2365,60.29
PO018459,SUP008,P00188,Fasteners,8,27275.84,SITE04,2024-10-28,2024-12-07,2024-12-05,40,38,-2,1.16,0.4401,0.0011,Low,0,1,0.6028693505129831,Medium,2366,60.29
PO011477,SUP038,P00116,Cabin,43,125726.41,SITE04,2022-06-20,2022-08-19,2022-08-21,60,62,2,2.14,0.6788,0.0,Medium,1,1,0.6028415739627289,Medium,2367,60.28
PO003026,SUP006,P00031,Engine,8,3777.28,SITE02,2023-05-15,2023-07-15,2023-07-16,61,62,1,2.45,0.6609,0.001,Medium,1,1,0.6026546198749237,Medium,2368,60.27
PO019419,SUP026,P00199,Cabin,26,28302.3,SITE01,2022-02-07,2022-04-25,2022-04-27,77,79,2,2.57,0.6786,0.0,Medium,1,1,0.602653524122169,Medium,2369,60.27
PO018021,SUP016,P00184,Avionics,6,2543.94,SITE01,2023-03-20,2023-05-07,2023-05-14,48,55,7,2.31,0.6541,0.0054,Medium,1,1,0.602609059154116,Medium,2370,60.26
PO023913,SUP009,P00245,LandingGear,6,7472.1,SITE02,2023-02-06,2023-03-17,2023-03-15,39,37,-2,2.29,0.7071,0.0011,Medium,0,1,0.6024371741945687,Medium,2371,60.24
PO007419,SUP006,P00076,Structure,11,13303.29,SITE04,2024-12-16,2025-02-05,2025-02-07,51,53,2,2.51,0.6867,0.0013,Medium,1,1,0.6023321347847795,Medium,2372,60.23
PO001129,SUP018,P00008,Avionics,11,3186.26,SITE06,2023-11-20,2024-01-11,2024-01-16,52,57,5,2.3,0.6897,0.0014,Medium,1,1,0.6022943000011216,Medium,2373,60.23
PO018741,SUP002,P00191,LandingGear,8,8811.76,SITE05,2022-08-15,2022-10-17,2022-10-22,63,68,5,2.38,0.6667,0.0004,Medium,1,1,0.6022472159912866,Medium,2374,60.22
PO018739,SUP002,P00191,LandingGear,22,24232.34,SITE05,2022-02-14,2022-04-16,2022-04-19,61,64,3,2.19,0.625,0.0,Medium,1,1,0.6022162117518671,Medium,2375,60.22
PO015812,SUP015,P00159,Structure,21,7865.76,SITE02,2023-01-30,2023-03-12,2023-03-12,41,41,0,2.34,0.697,0.0008,Medium,0,1,0.6021036129070487,Medium,2376,60.21
PO016178,SUP027,P00163,Avionics,12,3539.04,SITE04,2022-04-18,2022-06-02,2022-06-09,45,52,7,2.6,0.7197,0.0,Medium,1,1,0.601948332963126,Medium,2377,60.19
PO015514,SUP011,P00156,Cabin,24,93223.68,SITE04,2024-12-09,2025-01-22,2025-01-20,44,42,-2,1.22,0.4211,0.0009,Low,0,1,0.6017908760947801,Medium,2378,60.18
PO023191,SUP005,P00237,Structure,2,383.06,SITE04,2022-11-28,2023-01-12,2023-01-18,45,51,6,2.5,0.6741,0.0,Medium,1,1,0.6017609012099859,Medium,2379,60.18
PO029574,SUP035,P00300,Fasteners,13,43563.78,SITE02,2024-05-20,2024-06-20,2024-06-20,31,31,0,1.24,0.4402,0.0018,Low,0,1,0.6017192265337004,Medium,2380,60.17
PO003046,SUP006,P00031,Engine,14,6610.24,SITE04,2022-11-14,2023-01-09,2023-01-08,56,55,-1,2.52,0.6738,0.0009,Medium,0,1,0.6016604841436388,Medium,2381,60.17
PO026159,SUP036,P00268,Cabin,25,10685.0,SITE02,2023-01-02,2023-02-19,2023-02-23,48,52,4,1.18,0.4221,0.004,Low,1,1,0.6015532145397331,Medium,2382,60.16
PO008076,SUP037,P00082,Electrical,2,6283.58,SITE02,2022-02-21,2022-03-20,2022-03-17,27,24,-3,1.14,0.3143,0.0,Low,0,1,0.601227060466493,Medium,2383,60.12
PO027935,SUP001,P00284,Fasteners,16,45241.12,SITE06,2022-01-31,2022-03-19,2022-03-20,47,48,1,1.27,0.4231,0.0,Low,1,1,0.6012177174881466,Medium,2384,60.12
PO009907,SUP040,P00100,Avionics,12,5842.08,SITE05,2022-10-31,2022-12-10,2022-12-15,40,45,5,2.22,0.661,0.0015,Medium,1,1,0.6010711388021985,Medium,2385,60.11
PO004570,SUP011,P00047,Avionics,7,1227.66,SITE01,2023-04-10,2023-06-01,2023-06-02,52,53,1,1.08,0.3797,0.0003,Low,1,1,0.6009998902782173,Medium,2386,60.1
PO000366,SUP040,P00003,Avionics,97,21285.68,SITE04,2023-11-27,2024-01-17,2024-01-24,51,58,7,2.3,0.6557,0.0019,Medium,1,1,0.6009753933071516,Medium,2387,60.1
PO016480,SUP023,P00167,Avionics,6,2185.68,SITE01,2023-02-20,2023-04-20,2023-04-20,59,59,0,2.95,0.8061,0.0043,Medium,0,1,0.6008460634829985,Medium,2388,60.08
PO000713,SUP002,P00006,Cabin,31,20626.16,SITE01,2024-12-23,2025-03-16,2025-03-19,83,86,3,2.61,0.7209,0.0009,Medium,1,1,0.600742896367166,Medium,2389,60.07
PO011443,SUP038,P00116,Cabin,25,73096.75,SITE03,2022-02-07,2022-04-05,2022-04-08,57,60,3,1.55,0.6897,0.0,Medium,1,1,0.6006319603884833,Medium,2390,60.06
PO023397,SUP013,P00239,Structure,10,2731.0,SITE03,2023-05-22,2023-07-13,2023-07-14,52,53,1,2.42,0.677,0.0012,Medium,1,1,0.600473547557562,Medium,2391,60.05
PO019320,SUP040,P00198,LandingGear,6,6995.7,SITE02,2024-04-01,2024-05-11,2024-05-15,40,44,4,2.29,0.656,0.002,Medium,1,1,0.6003900915585525,Medium,2392,60.04
PO017174,SUP006,P00175,Cabin,55,49861.35,SITE04,2022-10-10,2022-12-06,2022-12-14,57,65,8,2.52,0.6757,0.001,Medium,1,1,0.6002893841178104,Medium,2393,60.03
PO004993,SUP027,P00052,Electrical,26,30577.82,SITE04,2023-02-20,2023-03-22,2023-03-22,30,30,0,2.5,0.6911,0.0004,Medium,0,1,0.6001997704955612,Medium,2394,60.02
PO014690,SUP019,P00148,Fasteners,8,96496.96,SITE06,2024-12-02,2024-12-29,2024-12-27,27,25,-2,1.22,0.4378,0.0014,Low,0,1,0.5998984721346663,Medium,2395,59.99
PO019954,SUP024,P00203,Fasteners,52,68076.32,SITE05,2022-01-03,2022-03-05,2022-03-09,61,65,4,0.6,0.2,0.0,Medium,1,1,0.5998795474529001,Medium,2396,59.99
PO007933,SUP027,P00080,Cabin,10,26455.2,SITE05,2023-05-01,2023-06-13,2023-06-20,43,50,7,2.54,0.6887,0.0004,Medium,1,1,0.5995223493673264,Medium,2397,59.95
PO016186,SUP027,P00163,Avionics,15,4423.8,SITE04,2022-11-07,2022-12-21,2022-12-27,44,50,6,2.62,0.7075,0.0004,Medium,1,1,0.599517760851548,Medium,2398,59.95
PO021857,SUP021,P00222,Fasteners,11,27359.97,SITE03,2024-06-17,2024-08-13,2024-08-11,57,55,-2,2.52,0.7082,0.0012,Medium,0,1,0.5994686556309159,Medium,2399,59.95
PO008879,SUP029,P00088,Structure,14,24790.22,SITE04,2024-04-15,2024-05-20,2024-05-17,35,32,-3,1.22,0.4359,0.0009,Low,0,1,0.5994570602397256,Medium,2400,59.95
PO027124,SUP014,P00275,Engine,5,5197.95,SITE02,2023-06-26,2023-08-07,2023-08-10,42,45,3,2.42,0.6966,0.0009,Medium,1,1,0.5993973970108132,Medium,2401,59.94
PO014805,SUP028,P00149,Fasteners,9,18393.39,SITE05,2022-12-12,2023-01-06,2023-01-08,25,27,2,0.93,0.3799,0.0009,Low,1,1,0.5993398731150529,Medium,2402,59.93
PO001344,SUP030,P00011,Fasteners,4,2152.08,SITE03,2023-06-12,2023-07-21,2023-07-25,39,43,4,1.17,0.4108,0.0004,Low,1,1,0.5992529259000795,Medium,2403,59.93
PO027685,SUP003,P00280,Cabin,16,23003.2,SITE05,2024-12-09,2025-02-14,2025-02-15,67,68,1,2.33,0.6661,0.0011,Medium,1,1,0.5991263194686594,Medium,2404,59.91
PO014066,SUP031,P00142,LandingGear,5,2807.75,SITE03,2023-08-28,2023-09-28,2023-09-25,31,28,-3,1.25,0.4174,0.0004,Low,0,1,0.5990562169312169,Medium,2405,59.91
PO016867,SUP014,P00172,Engine,1,522.73,SITE01,2024-08-12,2024-10-05,2024-10-10,54,59,5,2.46,0.6886,0.0007,Medium,1,1,0.5989911483539968,Medium,2406,59.9
PO025270,SUP013,P00260,Hydraulics,7,9204.79,SITE06,2022-05-02,2022-06-21,2022-06-24,50,53,3,2.09,0.6462,0.0011,Medium,1,1,0.598985959124244,Medium,2407,59.9
PO016102,SUP009,P00162,LandingGear,14,41273.12,SITE06,2023-06-19,2023-07-27,2023-07-29,38,40,2,2.25,0.6871,0.0014,Medium,1,1,0.5988404238476845,Medium,2408,59.88
PO001580,SUP040,P00014,Hydraulics,7,1316.7,SITE06,2022-11-14,2022-12-30,2023-01-06,46,53,7,2.21,0.6649,0.0014,Medium,1,1,0.5987910336151642,Medium,2409,59.88
PO000834,SUP002,P00006,Cabin,28,18630.08,SITE05,2023-12-04,2024-01-31,2024-02-02,58,60,2,2.59,0.7029,0.0012,Medium,1,1,0.5987823211976588,Medium,2410,59.88
PO009746,SUP013,P00098,Electrical,8,8384.16,SITE06,2022-10-24,2022-12-07,2022-12-09,44,46,2,2.41,0.6768,0.0009,Medium,1,1,0.5987528521266805,Medium,2411,59.88
PO024021,SUP003,P00246,LandingGear,16,15893.12,SITE01,2022-03-14,2022-04-16,2022-04-16,33,33,0,2.41,0.6176,0.0,Medium,0,1,0.5985768230636652,Medium,2412,59.86
PO010573,SUP001,P00106,Avionics,6,1066.02,SITE06,2022-01-17,2022-03-01,2022-03-04,43,46,3,1.0,0.3333,0.0,Low,1,1,0.5984877333314833,Medium,2413,59.85
PO017910,SUP005,P00182,Engine,8,2975.84,SITE02,2023-05-08,2023-06-30,2023-07-06,53,59,6,2.52,0.695,0.0,Medium,1,1,0.5983642679305787,Medium,2414,59.84
PO003864,SUP026,P00040,Structure,13,2164.63,SITE05,2022-02-21,2022-04-20,2022-04-24,58,62,4,2.24,0.6757,0.0,Medium,1,1,0.5982501376691882,Medium,2415,59.83
PO004987,SUP027,P00052,Electrical,20,23521.4,SITE04,2022-03-07,2022-03-31,2022-04-04,24,28,4,2.73,0.7397,0.0,Medium,1,1,0.5980877939960354,Medium,2416,59.81
PO014023,SUP040,P00141,LandingGear,21,10786.44,SITE06,2022-10-03,2022-11-07,2022-11-04,35,32,-3,2.29,0.6708,0.0017,Medium,0,1,0.5980339313305726,Medium,2417,59.8
PO009836,SUP040,P00100,Avionics,9,4381.56,SITE02,2024-02-05,2024-03-16,2024-03-14,40,38,-2,2.26,0.65,0.0021,Medium,0,1,0.5980052991874788,Medium,2418,59.8
PO006455,SUP038,P00065,Fasteners,7,9923.27,SITE04,2024-11-18,2025-01-02,2025-01-03,45,46,1,2.31,0.6699,0.0014,Medium,1,1,0.5979597526430812,Medium,2419,59.8
PO013649,SUP040,P00138,LandingGear,22,52347.02,SITE04,2022-09-19,2022-10-26,2022-10-31,37,42,5,2.28,0.6689,0.0017,Medium,1,1,0.5979195013800358,Medium,2420,59.79
PO022660,SUP040,P00230,Avionics,6,1891.26,SITE02,2024-12-23,2025-02-16,2025-02-15,55,54,-1,2.29,0.6631,0.0015,Medium,0,1,0.5978096784238749,Medium,2421,59.78
PO025140,SUP016,P00259,Fasteners,2,3227.32,SITE02,2022-01-17,2022-03-08,2022-03-08,50,50,0,2.6,0.8,0.0,Medium,0,1,0.5977988930935154,Medium,2422,59.78
PO004534,SUP018,P00046,Avionics,64,11143.68,SITE06,2022-04-18,2022-06-09,2022-06-13,52,56,4,2.17,0.6719,0.0,Medium,1,1,0.5977748063514916,Medium,2423,59.78
PO019304,SUP040,P00198,LandingGear,4,4663.8,SITE01,2024-01-01,2024-02-13,2024-02-15,43,45,2,2.29,0.6526,0.0022,Medium,1,1,0.5977373249049137,Medium,2424,59.77
PO020791,SUP005,P00212,Fasteners,18,19096.92,SITE05,2023-07-10,2023-08-28,2023-08-31,49,52,3,2.54,0.6903,0.0,Medium,1,1,0.5976564627495488,Medium,2425,59.77
PO023668,SUP019,P00242,Electrical,17,17113.73,SITE02,2023-04-17,2023-05-10,2023-05-10,23,23,0,1.12,0.4161,0.0014,Low,0,1,0.5976481355364649,Medium,2426,59.76
PO017496,SUP010,P00177,Avionics,9,2949.3,SITE06,2024-01-08,2024-02-17,2024-02-18,40,41,1,1.3,0.4414,0.0005,Low,1,1,0.5976169854513044,Medium,2427,59.76
PO001070,SUP018,P00008,Avionics,19,5503.54,SITE04,2023-07-24,2023-09-09,2023-09-09,47,47,0,2.28,0.6957,0.0012,Medium,0,1,0.5975271641655734,Medium,2428,59.75
PO015211,SUP012,P00154,Avionics,12,2778.0,SITE01,2024-12-02,2025-01-04,2025-01-01,33,30,-3,1.09,0.4179,0.0006,Low,0,1,0.5974642751827547,Medium,2429,59.75
PO015466,SUP011,P00156,Cabin,6,23305.92,SITE03,2023-01-23,2023-03-15,2023-03-15,51,51,0,1.08,0.3906,0.0004,Low,0,1,0.5973759131410722,Medium,2430,59.74
PO000439,SUP040,P00003,Avionics,11,2413.84,SITE06,2024-09-23,2024-11-11,2024-11-18,49,56,7,2.28,0.6591,0.0016,Medium,1,1,0.5972716382977354,Medium,2431,59.73
PO027820,SUP010,P00283,LandingGear,3,17792.43,SITE03,2023-06-05,2023-06-22,2023-06-24,17,19,2,1.37,0.4568,0.0005,Low,1,1,0.5972481254277208,Medium,2432,59.72
PO017350,SUP034,P00176,Fasteners,8,4805.52,SITE04,2023-08-07,2023-09-16,2023-09-14,40,38,-2,1.21,0.4543,0.0019,Low,0,1,0.5972420435276252,Medium,2433,59.72
PO016249,SUP027,P00163,Avionics,34,10027.28,SITE06,2024-04-29,2024-06-11,2024-06-13,43,45,2,2.51,0.6891,0.0008,Medium,1,1,0.5972409227672717,Medium,2434,59.72
PO017224,SUP006,P00175,Cabin,21,19037.97,SITE05,2024-09-09,2024-11-09,2024-11-14,61,66,5,2.5,0.688,0.0012,Medium,1,1,0.5970064036584647,Medium,2435,59.7
PO000810,SUP002,P00006,Cabin,42,27945.12,SITE05,2022-01-03,2022-03-02,2022-03-03,58,59,1,9.0,1.0,0.0,Medium,1,1,0.5970001608335215,Medium,2436,59.7
PO024867,SUP038,P00257,Cabin,9,9520.83,SITE01,2024-09-23,2024-11-18,2024-11-20,56,58,2,2.33,0.6716,0.0015,Medium,1,1,0.5969575938179704,Medium,2437,59.7
PO006982,SUP027,P00070,Electrical,39,29169.27,SITE06,2023-07-24,2023-08-20,2023-08-23,27,30,3,2.5,0.6862,0.0005,Medium,1,1,0.5969310895812434,Medium,2438,59.69
PO016615,SUP015,P00169,Structure,6,4887.06,SITE03,2023-08-14,2023-09-25,2023-09-27,42,44,2,2.32,0.6907,0.0021,Medium,1,1,0.596866248992063,Medium,2439,59.69
PO020507,SUP009,P00209,Avionics,3,640.47,SITE03,2023-12-25,2024-02-17,2024-02-15,54,52,-2,2.25,0.6782,0.0019,Medium,0,1,0.5965687345899351,Medium,2440,59.66
PO015472,SUP011,P00156,Cabin,11,42727.52,SITE03,2023-07-31,2023-09-12,2023-09-13,43,44,1,1.2,0.4061,0.001,Low,1,1,0.596353599063994,Medium,2441,59.64
PO023298,SUP040,P00238,Cabin,22,15378.22,SITE04,2023-05-29,2023-07-22,2023-07-23,54,55,1,2.24,0.6525,0.002,Medium,1,1,0.5962719298781356,Medium,2442,59.63
PO009430,SUP011,P00094,LandingGear,6,11522.82,SITE03,2023-08-21,2023-09-18,2023-09-15,28,25,-3,1.2,0.4072,0.001,Low,0,1,0.5961807149792973,Medium,2443,59.62
PO016424,SUP012,P00165,Electrical,15,21559.65,SITE06,2022-03-07,2022-03-23,2022-03-24,16,17,1,0.86,0.3718,0.0,Low,1,1,0.5958720771666826,Medium,2444,59.59
PO027274,SUP013,P00277,Electrical,21,25846.17,SITE02,2023-11-13,2023-12-25,2023-12-27,42,44,2,2.41,0.6883,0.0015,Medium,1,1,0.5956357914693778,Medium,2445,59.56
PO029452,SUP003,P00299,Fasteners,3,2077.41,SITE03,2024-01-22,2024-02-27,2024-03-03,36,41,5,2.29,0.656,0.0002,Medium,1,1,0.5955812744371819,Medium,2446,59.56
PO019400,SUP040,P00198,LandingGear,40,46638.0,SITE06,2023-04-17,2023-05-24,2023-05-25,37,38,1,2.19,0.6528,0.0022,Medium,1,1,0.5955274425473914,Medium,2447,59.55
PO008402,SUP009,P00084,Avionics,6,4190.22,SITE04,2022-11-07,2023-01-04,2023-01-02,58,56,-2,2.35,0.712,0.0015,Medium,0,1,0.5955100993036695,Medium,2448,59.55
PO025621,SUP029,P00263,Structure,5,4268.2,SITE06,2024-09-09,2024-10-20,2024-10-19,41,40,-1,1.21,0.4319,0.0009,Low,0,1,0.5953866468346143,Medium,2449,59.54
PO020530,SUP009,P00209,Avionics,7,1494.43,SITE04,2023-09-25,2023-11-15,2023-11-21,51,57,6,2.2,0.6815,0.002,Medium,1,1,0.5952137291425537,Medium,2450,59.52
PO019671,SUP003,P00200,Hydraulics,4,1148.84,SITE06,2023-10-30,2023-12-06,2023-12-09,37,40,3,2.29,0.6571,0.0002,Medium,1,1,0.5951493589895763,Medium,2451,59.51
PO008509,SUP039,P00085,Cabin,6,34243.26,SITE03,2024-12-09,2025-01-27,2025-01-27,49,49,0,2.49,0.699,0.0024,Medium,0,1,0.5951335653162877,Medium,2452,59.51
PO013962,SUP040,P00141,LandingGear,11,5650.04,SITE03,2023-01-16,2023-02-24,2023-02-25,39,40,1,2.22,0.6622,0.0023,Medium,1,1,0.5950445508520905,Medium,2453,59.5
PO009934,SUP040,P00100,Avionics,56,27263.04,SITE06,2022-10-17,2022-11-26,2022-11-23,40,37,-3,2.24,0.6566,0.0016,Medium,0,1,0.5949409726275255,Medium,2454,59.49
PO020788,SUP005,P00212,Fasteners,30,31828.2,SITE05,2023-02-06,2023-03-30,2023-03-30,52,52,0,2.54,0.6951,0.0,Medium,0,1,0.5949135372918394,Medium,2455,59.49
PO029401,SUP006,P00298,Avionics,20,6104.0,SITE06,2024-11-11,2025-01-13,2025-01-19,63,69,6,2.5,0.6895,0.0012,Medium,1,1,0.5947498391834329,Medium,2456,59.47
PO022952,SUP005,P00233,Cabin,23,239133.07,SITE02,2022-02-14,2022-04-19,2022-04-26,64,71,7,2.43,0.619,0.0,Medium,1,1,0.5947224497819127,Medium,2457,59.47
PO029027,SUP014,P00295,Structure,29,9286.09,SITE06,2024-10-14,2024-11-18,2024-11-21,35,38,3,2.48,0.694,0.0008,Medium,1,1,0.5946132868274604,Medium,2458,59.46
PO022709,SUP040,P00230,Avionics,6,1891.26,SITE06,2022-08-15,2022-10-08,2022-10-10,54,56,2,2.24,0.6513,0.0016,Medium,1,1,0.5945672418598101,Medium,2459,59.46
PO025965,SUP009,P00267,Cabin,10,2178.9,SITE02,2023-11-27,2024-01-25,2024-01-30,59,64,5,2.23,0.6802,0.0019,Medium,1,1,0.5943789558264192,Medium,2460,59.44
PO027345,SUP013,P00277,Electrical,9,11076.93,SITE06,2022-10-10,2022-12-02,2022-12-01,53,52,-1,2.42,0.6794,0.001,Medium,0,1,0.5943135753877236,Medium,2461,59.43
PO005546,SUP013,P00057,Avionics,9,1063.62,SITE04,2024-12-16,2025-02-06,2025-02-15,52,61,9,2.43,0.6868,0.0015,Medium,1,1,0.5942035497994269,Medium,2462,59.42
PO012199,SUP029,P00123,Cabin,16,48011.68,SITE01,2024-04-29,2024-06-20,2024-06-27,52,59,7,1.23,0.4377,0.0009,Low,1,1,0.5941603217899522,Medium,2463,59.42
PO028578,SUP014,P00291,Hydraulics,8,10994.24,SITE02,2022-07-25,2022-09-15,2022-09-17,52,54,2,2.74,0.758,0.0017,Medium,1,1,0.594149258627707,Medium,2464,59.41
PO028466,SUP004,P00289,Structure,20,7128.6,SITE06,2022-02-14,2022-03-16,2022-03-13,30,27,-3,1.25,0.35,0.0,Low,0,1,0.5941080804627205,Medium,2465,59.41
PO027620,SUP003,P00280,Cabin,28,40255.6,SITE04,2022-06-27,2022-08-26,2022-08-27,60,61,1,2.19,0.6023,0.0,Medium,1,1,0.5940004761562999,Medium,2466,59.4
PO021042,SUP024,P00215,Fasteners,8,18294.32,SITE03,2023-06-05,2023-08-01,2023-08-04,57,60,3,2.32,0.6633,0.0016,Medium,1,1,0.5938817588261731,Medium,2467,59.39
PO026221,SUP036,P00268,Cabin,68,29063.2,SITE04,2022-12-05,2023-01-17,2023-01-19,43,45,2,1.18,0.4192,0.0041,Low,1,1,0.5938214811074716,Medium,2468,59.38
PO019885,SUP024,P00203,Fasteners,36,47129.76,SITE02,2022-02-07,2022-04-08,2022-04-10,60,62,2,2.53,0.6842,0.0,Medium,1,1,0.5937383202716237,Medium,2469,59.37
PO019219,SUP038,P00196,Electrical,9,24204.69,SITE04,2024-07-01,2024-08-18,2024-08-20,48,50,2,2.32,0.67,0.0012,Medium,1,1,0.5936293683939731,Medium,2470,59.36
PO014311,SUP031,P00144,Fasteners,5,5980.6,SITE02,2022-08-01,2022-09-08,2022-09-09,38,39,1,1.14,0.3625,0.0007,Low,1,1,0.593541090266634,Medium,2471,59.35
PO005130,SUP027,P00054,Fasteners,13,52779.61,SITE03,2024-05-27,2024-07-03,2024-07-06,37,40,3,2.5,0.6883,0.0009,Medium,1,1,0.5933642779989082,Medium,2472,59.34
PO012781,SUP014,P00128,Fasteners,30,33073.5,SITE04,2023-06-12,2023-07-26,2023-07-25,44,43,-1,2.43,0.7025,0.0009,Medium,0,1,0.593270460478093,Medium,2473,59.33
PO008196,SUP030,P00083,Fasteners,9,5704.29,SITE02,2022-12-12,2023-01-19,2023-01-21,38,40,2,1.23,0.4367,0.0006,Low,1,1,0.5929176344591883,Medium,2474,59.29
PO023142,SUP030,P00236,Hydraulics,4,24241.76,SITE03,2024-05-06,2024-06-05,2024-06-05,30,30,0,1.2,0.4247,0.0008,Low,0,1,0.5928885718807037,Medium,2475,59.29
PO002969,SUP023,P00030,Hydraulics,5,1474.8,SITE05,2022-01-31,2022-03-25,2022-03-27,53,55,2,1.88,0.375,0.0,Medium,1,1,0.5928343325864185,Medium,2476,59.28
PO000552,SUP024,P00005,Cabin,32,42238.72,SITE03,2022-06-27,2022-08-27,2022-09-01,61,66,5,2.3,0.6463,0.0014,Medium,1,1,0.5928241861054605,Medium,2477,59.28
PO027810,SUP010,P00283,LandingGear,1,5930.81,SITE01,2022-03-28,2022-04-15,2022-04-16,18,19,1,1.82,0.5616,0.0,Low,1,1,0.5926245109235994,Medium,2478,59.26
PO021313,SUP007,P00217,Fasteners,15,10369.2,SITE02,2024-02-05,2024-03-13,2024-03-17,37,41,4,1.27,0.4675,0.0002,Low,1,1,0.5926188008199429,Medium,2479,59.26
PO009090,SUP039,P00090,Avionics,21,5958.75,SITE04,2024-09-09,2024-10-15,2024-10-18,36,39,3,2.46,0.7018,0.0027,Medium,1,1,0.5926039311390511,Medium,2480,59.26
PO004760,SUP006,P00048,Fasteners,14,19376.42,SITE06,2022-05-23,2022-07-17,2022-07-18,55,56,1,2.57,0.6688,0.0,Medium,1,1,0.592548651749855,Medium,2481,59.25
PO007537,SUP012,P00077,Fasteners,9,32494.59,SITE05,2022-12-05,2023-01-05,2023-01-09,31,35,4,0.91,0.3791,0.0005,Low,1,1,0.5924987884051851,Medium,2482,59.25
PO026290,SUP036,P00268,Cabin,53,22652.2,SITE06,2022-12-05,2023-01-20,2023-01-21,46,47,1,1.18,0.4215,0.0041,Low,1,1,0.5924622465281768,Medium,2483,59.25
PO008735,SUP022,P00086,Cabin,119,155250.97,SITE06,2023-05-08,2023-06-14,2023-06-13,37,36,-1,1.08,0.4206,0.0002,Low,0,1,0.5923452053684202,Medium,2484,59.23
PO008539,SUP039,P00085,Cabin,18,102729.78,SITE06,2022-04-25,2022-06-11,2022-06-10,47,46,-1,2.17,0.625,0.0,Medium,0,1,0.5923075336411158,Medium,2485,59.23
PO013268,SUP037,P00134,Hydraulics,4,1472.48,SITE05,2022-06-20,2022-07-18,2022-07-16,28,26,-2,1.14,0.4252,0.0,Low,0,1,0.5923010977058235,Medium,2486,59.23
PO024039,SUP003,P00246,LandingGear,6,5959.92,SITE01,2024-07-01,2024-07-30,2024-07-31,29,30,1,2.29,0.6561,0.0003,Medium,1,1,0.5919241539821173,Medium,2487,59.19
PO026814,SUP037,P00273,Fasteners,12,22939.56,SITE02,2022-05-16,2022-06-15,2022-06-12,30,27,-3,1.12,0.4158,0.0,Low,0,1,0.5919222434641885,Medium,2488,59.19
PO009715,SUP013,P00098,Electrical,8,8384.16,SITE02,2022-06-27,2022-08-06,2022-08-06,40,40,0,2.09,0.6368,0.0012,Medium,0,1,0.5918766541464816,Medium,2489,59.19
PO000738,SUP002,P00006,Cabin,8,5322.88,SITE02,2024-10-28,2024-12-30,2025-01-01,63,65,2,2.57,0.7129,0.001,Medium,1,1,0.5918666593377347,Medium,2490,59.19
PO024403,SUP013,P00251,Hydraulics,4,7884.76,SITE02,2022-07-18,2022-09-03,2022-09-12,47,56,9,2.13,0.6455,0.0011,Medium,1,1,0.5918437680844633,Medium,2491,59.18
PO016104,SUP009,P00162,LandingGear,14,41273.12,SITE06,2023-10-16,2023-11-26,2023-11-26,41,41,0,2.21,0.6794,0.0019,Medium,0,1,0.5917784889358297,Medium,2492,59.18
PO021527,SUP017,P00218,Cabin,22,51485.5,SITE04,2024-01-29,2024-03-06,2024-03-08,37,39,2,1.07,0.4095,0.0008,Low,1,1,0.5917614809761004,Medium,2493,59.18
PO022828,SUP002,P00231,Cabin,35,21993.65,SITE04,2024-01-08,2024-03-24,2024-03-26,76,78,2,2.56,0.7018,0.0011,Medium,1,1,0.5917371293776719,Medium,2494,59.17
PO005768,SUP036,P00059,Cabin,14,16575.58,SITE03,2022-12-19,2023-02-02,2023-01-30,45,42,-3,1.21,0.4249,0.004,Low,0,1,0.5915540360925915,Medium,2495,59.16
PO027679,SUP003,P00280,Cabin,44,63258.8,SITE05,2024-06-17,2024-08-13,2024-08-15,57,59,2,2.29,0.6547,0.0001,Medium,1,1,0.5912469292264628,Medium,2496,59.12
PO015059,SUP026,P00152,Electrical,6,12855.42,SITE03,2022-11-28,2023-01-20,2023-01-25,53,58,5,2.32,0.6933,0.0007,Medium,1,1,0.5912334142708616,Medium,2497,59.12
PO018345,SUP012,P00187,Structure,6,5707.02,SITE02,2023-02-13,2023-03-08,2023-03-11,23,26,3,0.96,0.3914,0.0006,Low,1,1,0.5911738043284577,Medium,2498,59.12
PO017906,SUP005,P00182,Engine,9,3347.82,SITE02,2022-10-31,2022-12-24,2022-12-26,54,56,2,2.52,0.675,0.0,Medium,1,1,0.5909122407346877,Medium,2499,59.09
PO024141,SUP003,P00246,LandingGear,8,7946.56,SITE06,2023-11-13,2023-12-16,2023-12-19,33,36,3,2.27,0.6616,0.0002,Medium,1,1,0.5908584933446097,Medium,2500,59.09
PO003548,SUP017,P00038,Fasteners,6,6864.48,SITE02,2023-04-24,2023-05-19,2023-05-20,25,26,1,1.1,0.4296,0.0006,Low,1,1,0.5908571223706649,Medium,2501,59.09
PO024615,SUP034,P00254,Hydraulics,12,8883.12,SITE03,2023-05-08,2023-06-14,2023-06-16,37,39,2,1.21,0.4505,0.0022,Low,1,1,0.5908343331905037,Medium,2502,59.08
PO000285,SUP040,P00003,Avionics,8,1755.52,SITE01,2022-05-09,2022-06-27,2022-07-01,49,53,4,2.22,0.6577,0.0027,Medium,1,1,0.5907202671339667,Medium,2503,59.07
PO020930,SUP034,P00214,Fasteners,8,7471.52,SITE02,2023-08-21,2023-09-28,2023-09-30,38,40,2,1.19,0.4448,0.0018,Low,1,1,0.590640546865966,Medium,2504,59.06
PO015522,SUP011,P00156,Cabin,28,108760.96,SITE05,2022-10-17,2022-11-25,2022-11-27,39,41,2,1.03,0.3684,0.0005,Low,1,1,0.5904229976207613,Medium,2505,59.04
PO003082,SUP006,P00031,Engine,4,1888.64,SITE06,2023-01-23,2023-03-29,2023-04-03,65,70,5,2.41,0.6575,0.0009,Medium,1,1,0.590378735073289,Medium,2506,59.04
PO024055,SUP003,P00246,LandingGear,18,17879.76,SITE02,2023-04-17,2023-05-19,2023-05-18,32,31,-1,2.26,0.6394,0.0,Medium,0,1,0.5903536123956299,Medium,2507,59.04
PO000271,SUP028,P00002,Cabin,73,48971.32,SITE06,2024-02-19,2024-03-20,2024-03-24,30,34,4,1.06,0.4059,0.001,Low,1,1,0.5900313816460064,Medium,2508,59.0
PO011168,SUP015,P00113,Engine,1,4031.3,SITE06,2022-07-04,2022-08-26,2022-08-31,53,58,5,2.19,0.7432,0.0,Medium,1,1,0.589981661132563,Medium,2509,59.0
PO006037,SUP014,P00060,Cabin,23,12571.57,SITE05,2023-04-03,2023-05-22,2023-05-25,49,52,3,2.36,0.6985,0.0008,Medium,1,1,0.5899664694394812,Medium,2510,59.0
PO009176,SUP024,P00091,Electrical,23,39371.4,SITE04,2023-07-17,2023-08-26,2023-09-03,40,48,8,2.32,0.6612,0.0015,Medium,1,1,0.5897820730284199,Medium,2511,58.98
PO018225,SUP019,P00185,Hydraulics,7,2572.36,SITE06,2023-06-26,2023-07-21,2023-07-26,25,30,5,1.1,0.406,0.0015,Low,1,1,0.5897268795218122,Medium,2512,58.97
PO013170,SUP039,P00133,Electrical,4,12438.8,SITE04,2024-06-03,2024-07-05,2024-07-06,32,33,1,2.39,0.6802,0.0024,Medium,1,1,0.5894037441435356,Medium,2513,58.94
PO001535,SUP040,P00014,Hydraulics,11,2069.1,SITE03,2024-03-18,2024-05-07,2024-05-08,50,51,1,2.28,0.6546,0.002,Medium,1,1,0.5893827703864237,Medium,2514,58.94
PO013539,SUP038,P00137,Fasteners,28,22235.08,SITE04,2023-10-30,2023-12-18,2023-12-23,49,54,5,2.24,0.6559,0.0017,Medium,1,1,0.5893106065077875,Medium,2515,58.93
PO011422,SUP038,P00116,Cabin,13,38010.31,SITE02,2022-05-30,2022-07-26,2022-08-01,57,63,6,2.11,0.6583,0.0,Medium,1,1,0.5891597356307846,Medium,2516,58.92
PO002137,SUP013,P00020,Hydraulics,1,295.4,SITE01,2022-03-14,2022-04-24,2022-04-24,41,41,0,1.97,0.6364,0.0048,Medium,0,1,0.5891545479426138,Medium,2517,58.92
PO017867,SUP025,P00181,Structure,28,27878.2,SITE06,2022-02-21,2022-04-10,2022-04-11,48,49,1,3.12,0.75,0.0,Medium,1,1,0.5891495676436896,Medium,2518,58.91
PO009581,SUP013,P00095,Engine,8,4358.8,SITE06,2023-09-04,2023-10-26,2023-10-31,52,57,5,2.41,0.6848,0.0015,Medium,1,1,0.5889217025998286,Medium,2519,58.89
PO025989,SUP009,P00267,Cabin,41,8933.49,SITE03,2023-05-29,2023-08-01,2023-08-02,64,65,1,2.25,0.6815,0.0009,Medium,1,1,0.5887943470461797,Medium,2520,58.88
PO010718,SUP017,P00108,Cabin,63,37908.36,SITE03,2022-01-24,2022-03-05,2022-03-04,40,39,-1,0.96,0.3462,0.0,Low,0,1,0.5887229917229917,Medium,2521,58.87
PO013472,SUP038,P00137,Fasteners,22,17470.42,SITE01,2024-02-12,2024-04-07,2024-04-07,55,55,0,2.3,0.6638,0.0014,Medium,0,1,0.5885583338167281,Medium,2522,58.86
PO018669,SUP002,P00191,LandingGear,11,12116.17,SITE01,2024-11-25,2025-01-19,2025-01-27,55,63,8,2.6,0.7164,0.001,Medium,1,1,0.5882423504141285,Medium,2523,58.82
PO009135,SUP024,P00091,Electrical,10,17118.0,SITE02,2022-12-19,2023-01-30,2023-01-30,42,42,0,2.25,0.6597,0.0011,Medium,0,1,0.588169588490667,Medium,2524,58.82
PO008601,SUP022,P00086,Cabin,61,79582.43,SITE02,2022-11-14,2022-12-20,2022-12-25,36,41,5,1.04,0.3991,0.0,Low,1,1,0.5881421537607823,Medium,2525,58.81
PO009916,SUP040,P00100,Avionics,9,4381.56,SITE05,2023-10-30,2023-12-16,2023-12-17,47,48,1,2.3,0.657,0.002,Medium,1,1,0.5881360003808264,Medium,2526,58.81
PO021947,SUP012,P00223,Avionics,10,5337.3,SITE01,2024-01-29,2024-02-25,2024-02-28,27,30,3,1.01,0.3993,0.0005,Low,1,1,0.5879418866396668,Medium,2527,58.79
PO019778,SUP038,P00201,Cabin,25,33870.75,SITE05,2022-12-12,2023-01-30,2023-01-28,49,47,-2,2.24,0.6624,0.0009,Medium,0,1,0.5877004850508983,Medium,2528,58.77
PO016620,SUP015,P00169,Structure,11,8959.61,SITE03,2024-09-09,2024-10-16,2024-10-19,37,40,3,2.59,0.7074,0.0017,Medium,1,1,0.5876731875787246,Medium,2529,58.77
PO008433,SUP009,P00084,Avionics,6,4190.22,SITE05,2023-11-27,2024-01-19,2024-01-22,53,56,3,2.22,0.6796,0.0019,Medium,1,1,0.5875686089878512,Medium,2530,58.76
PO029492,SUP003,P00299,Fasteners,23,15926.81,SITE05,2022-08-29,2022-10-07,2022-10-10,39,42,3,2.27,0.6119,0.0,Medium,1,1,0.5874678426648954,Medium,2531,58.75
PO003254,SUP021,P00034,Fasteners,8,5476.64,SITE01,2024-05-20,2024-07-14,2024-07-19,55,60,5,2.51,0.7074,0.0012,Medium,1,1,0.5871615215604461,Medium,2532,58.72
PO023467,SUP013,P00239,Structure,45,12289.5,SITE06,2022-07-04,2022-08-14,2022-08-14,41,41,0,2.08,0.6337,0.0012,Medium,0,1,0.5871388491842655,Medium,2533,58.71
PO004365,SUP019,P00045,Fasteners,15,60677.25,SITE04,2024-10-14,2024-11-16,2024-11-15,33,32,-1,1.19,0.4308,0.0015,Low,0,1,0.5871329627673262,Medium,2534,58.71
PO001773,SUP031,P00017,Cabin,5,32312.35,SITE04,2023-10-23,2023-12-11,2023-12-10,49,48,-1,1.26,0.4205,0.0006,Low,0,1,0.5871040726000404,Medium,2535,58.71
PO007942,SUP027,P00080,Cabin,9,23809.68,SITE05,2024-11-18,2024-12-29,2024-12-29,41,41,0,2.43,0.6857,0.001,Medium,0,1,0.5870005304285424,Medium,2536,58.7
PO026810,SUP037,P00273,Fasteners,23,43967.49,SITE02,2022-03-14,2022-04-11,2022-04-08,28,25,-3,1.06,0.36,0.0,Low,0,1,0.5869479466554404,Medium,2537,58.69
PO012560,SUP026,P00126,Electrical,6,14963.16,SITE06,2022-02-14,2022-03-28,2022-03-29,42,43,1,2.36,0.6667,0.0,Medium,1,1,0.5868205018989372,Medium,2538,58.68
PO013798,SUP030,P00140,Structure,5,1231.55,SITE01,2023-03-20,2023-04-21,2023-04-20,32,31,-1,1.18,0.4221,0.0005,Low,0,1,0.586156424769465,Medium,2539,58.62
PO007434,SUP006,P00076,Structure,21,25397.19,SITE06,2022-08-22,2022-10-11,2022-10-15,50,54,4,2.39,0.6569,0.0004,Medium,1,1,0.5860138754504223,Medium,2540,58.6
PO022765,SUP002,P00231,Cabin,18,11311.02,SITE02,2023-10-23,2024-01-08,2024-01-10,77,79,2,2.57,0.7021,0.001,Medium,1,1,0.5859731300284216,Medium,2541,58.6
PO029264,SUP006,P00298,Avionics,7,2136.4,SITE02,2022-08-08,2022-10-06,2022-10-03,59,56,-3,2.42,0.6594,0.0004,Medium,0,1,0.5859286697923658,Medium,2542,58.59
PO017768,SUP025,P00181,Structure,11,10952.15,SITE01,2022-03-07,2022-04-11,2022-04-14,35,38,3,3.03,0.7667,0.0137,Medium,1,1,0.5858616340051822,Medium,2543,58.59
PO024000,SUP009,P00245,LandingGear,27,33624.45,SITE06,2023-03-06,2023-04-11,2023-04-17,36,42,6,2.3,0.7031,0.001,Medium,1,1,0.585831065047056,Medium,2544,58.58
PO029584,SUP035,P00300,Fasteners,4,13404.24,SITE03,2023-11-13,2023-12-14,2023-12-16,31,33,2,1.28,0.44,0.0024,Low,1,1,0.5856886189974745,Medium,2545,58.57
PO013556,SUP038,P00137,Fasteners,21,16676.31,SITE05,2022-05-16,2022-07-06,2022-07-08,51,53,2,2.03,0.6538,0.0,Medium,1,1,0.5855974208867551,Medium,2546,58.56
PO000975,SUP040,P00007,Fasteners,20,53304.4,SITE06,2023-08-28,2023-10-14,2023-10-25,47,58,11,2.3,0.6617,0.0019,Medium,1,1,0.5852411791456329,Medium,2547,58.52
PO022941,SUP005,P00233,Cabin,4,41588.36,SITE01,2022-09-26,2022-11-27,2022-11-29,62,64,2,2.54,0.6636,0.0,Medium,1,1,0.5850931804193997,Medium,2548,58.51
PO011791,SUP013,P00120,Fasteners,46,61406.78,SITE04,2022-04-18,2022-06-08,2022-06-07,51,50,-1,2.04,0.6522,0.0013,Medium,0,1,0.5850555798831205,Medium,2549,58.51
PO024602,SUP034,P00254,Hydraulics,2,1480.52,SITE01,2024-12-02,2025-01-04,2025-01-02,33,31,-2,1.24,0.4437,0.0019,Low,0,1,0.5849694118507884,Medium,2550,58.5
PO012778,SUP014,P00128,Fasteners,21,23151.45,SITE04,2023-05-01,2023-06-17,2023-06-19,47,49,2,2.43,0.7088,0.001,Medium,1,1,0.5849290270923428,Medium,2551,58.49
PO017590,SUP006,P00178,Fasteners,6,5034.54,SITE05,2022-05-16,2022-07-11,2022-07-13,56,58,2,2.59,0.6645,0.0,Medium,1,1,0.5848795005365283,Medium,2552,58.49
PO018657,SUP002,P00191,LandingGear,5,5507.35,SITE01,2022-03-21,2022-05-12,2022-05-09,52,49,-3,2.15,0.6727,0.0,Medium,0,1,0.5848010138206374,Medium,2553,58.48
PO006488,SUP035,P00066,Fasteners,4,4155.6,SITE01,2022-10-17,2022-11-15,2022-11-18,29,32,3,1.46,0.4602,0.0,Low,1,1,0.5847215313071604,Medium,2554,58.47
PO006031,SUP014,P00060,Cabin,9,4919.31,SITE05,2022-09-19,2022-11-08,2022-11-09,50,51,1,2.62,0.7463,0.0011,Medium,1,1,0.5842425318065768,Medium,2555,58.42
PO000364,SUP040,P00003,Avionics,32,7022.08,SITE04,2023-10-30,2023-12-15,2023-12-14,46,45,-1,2.3,0.6569,0.002,Medium,0,1,0.5837558627044297,Medium,2556,58.38
PO018756,SUP002,P00191,LandingGear,16,17623.52,SITE05,2024-11-11,2025-01-15,2025-01-18,65,68,3,2.59,0.7159,0.001,Medium,1,1,0.5833462889336705,Medium,2557,58.33
PO017145,SUP006,P00175,Cabin,19,17224.83,SITE03,2023-09-04,2023-11-03,2023-11-05,60,62,2,2.49,0.6672,0.001,Medium,1,1,0.5832285170696384,Medium,2558,58.32
PO017558,SUP006,P00178,Fasteners,29,24333.61,SITE04,2022-05-09,2022-07-10,2022-07-08,62,60,-2,2.62,0.6691,0.0,Medium,0,1,0.5831792269448947,Medium,2559,58.32
PO015645,SUP019,P00157,LandingGear,26,65092.04,SITE05,2024-10-28,2024-11-20,2024-11-21,23,24,1,1.21,0.4317,0.0015,Low,1,1,0.5831773866831338,Medium,2560,58.32
PO023461,SUP013,P00239,Structure,41,11197.1,SITE05,2024-04-29,2024-06-14,2024-06-14,46,46,0,2.4,0.6871,0.0015,Medium,0,1,0.5830820307957993,Medium,2561,58.31
PO006715,SUP010,P00068,LandingGear,10,10817.7,SITE03,2024-08-12,2024-09-06,2024-09-07,25,26,1,1.27,0.4342,0.0006,Low,1,1,0.5830666791687646,Medium,2562,58.31
PO016029,SUP009,P00162,LandingGear,3,8844.24,SITE02,2023-09-18,2023-10-27,2023-10-28,39,40,1,2.21,0.6825,0.002,Medium,1,1,0.5830361537079836,Medium,2563,58.3
PO004468,SUP018,P00046,Avionics,10,1741.2,SITE03,2024-11-11,2024-12-28,2024-12-29,47,48,1,2.24,0.6827,0.0014,Medium,1,1,0.5830241417636046,Medium,2564,58.3
PO012478,SUP018,P00125,Avionics,2,2980.02,SITE04,2023-06-26,2023-08-14,2023-08-18,49,53,4,2.23,0.6887,0.001,Medium,1,1,0.5829542236344132,Medium,2565,58.3
PO008865,SUP029,P00088,Structure,11,19478.03,SITE04,2022-12-12,2023-01-16,2023-01-17,35,36,1,1.12,0.4106,0.0008,Low,1,1,0.5829405077318391,Medium,2566,58.29
PO023453,SUP013,P00239,Structure,13,3550.3,SITE05,2023-01-02,2023-02-25,2023-02-27,54,56,2,2.42,0.6815,0.001,Medium,1,1,0.5828038535538536,Medium,2567,58.28
PO007776,SUP012,P00079,Electrical,22,29319.4,SITE06,2023-02-27,2023-03-17,2023-03-18,18,19,1,0.98,0.3969,0.0006,Low,1,1,0.5827968670487571,Medium,2568,58.28
PO007864,SUP027,P00080,Cabin,7,18518.64,SITE03,2022-08-29,2022-10-11,2022-10-14,43,46,3,2.64,0.7097,0.0003,Medium,1,1,0.5827277305880249,Medium,2569,58.27
PO008037,SUP037,P00081,Electrical,6,20909.28,SITE05,2022-07-18,2022-08-11,2022-08-12,24,25,1,1.18,0.4257,0.0,Low,1,1,0.5826111807794354,Medium,2570,58.26
PO020827,SUP005,P00212,Fasteners,10,10609.4,SITE06,2024-06-17,2024-08-09,2024-08-07,53,51,-2,2.4,0.6731,0.0003,Medium,0,1,0.5825882264651285,Medium,2571,58.26
PO011543,SUP038,P00116,Cabin,55,160812.85,SITE06,2022-12-26,2023-02-23,2023-02-24,59,60,1,2.22,0.6583,0.0008,Medium,1,1,0.5825581138257145,Medium,2572,58.26
PO019203,SUP038,P00196,Electrical,11,29583.51,SITE04,2022-08-29,2022-10-12,2022-10-19,44,51,7,2.23,0.6759,0.0007,Medium,1,1,0.5824119412692828,Medium,2573,58.24
PO010655,SUP017,P00108,Cabin,17,10229.24,SITE01,2022-10-31,2022-12-06,2022-12-07,36,37,1,1.16,0.4282,0.0004,Low,1,1,0.5824045197639811,Medium,2574,58.24
PO002546,SUP030,P00026,Fasteners,6,6569.82,SITE02,2024-09-16,2024-10-22,2024-10-19,36,33,-3,1.21,0.4235,0.0009,Low,0,1,0.5823444516498288,Medium,2575,58.23
PO003086,SUP006,P00031,Engine,8,3777.28,SITE06,2023-06-19,2023-08-20,2023-08-25,62,67,5,2.47,0.6697,0.001,Medium,1,1,0.5822079101586087,Medium,2576,58.22
PO011525,SUP038,P00116,Cabin,10,29238.7,SITE05,2024-08-05,2024-09-24,2024-09-24,50,50,0,2.34,0.6723,0.0012,Medium,0,1,0.5821778672996856,Medium,2577,58.22
PO006055,SUP014,P00060,Cabin,34,18584.06,SITE05,2024-08-05,2024-09-28,2024-10-01,54,57,3,2.45,0.687,0.0007,Medium,1,1,0.5821568047923065,Medium,2578,58.22
PO005503,SUP013,P00057,Avionics,5,590.9,SITE03,2024-01-01,2024-03-05,2024-03-04,64,63,-1,2.41,0.6887,0.0016,Medium,0,1,0.5820835138423782,Medium,2579,58.21
PO021858,SUP021,P00222,Fasteners,8,19898.16,SITE03,2024-08-05,2024-10-04,2024-10-02,60,58,-2,2.53,0.7056,0.0011,Medium,0,1,0.5819465893587942,Medium,2580,58.19
PO011081,SUP025,P00112,Hydraulics,3,680.19,SITE04,2022-06-13,2022-08-02,2022-08-04,50,52,2,2.4,0.6627,0.0013,Medium,1,1,0.5816244537323466,Medium,2581,58.16
PO017848,SUP025,P00181,Structure,12,11947.8,SITE04,2024-10-28,2024-12-07,2024-12-10,40,43,3,2.47,0.6854,0.0018,Medium,1,1,0.5815220789554827,Medium,2582,58.15
PO028176,SUP035,P00287,Cabin,13,26867.75,SITE02,2023-11-20,2024-01-02,2024-01-02,43,43,0,1.28,0.4406,0.0023,Low,0,1,0.58149681591825,Medium,2583,58.15
PO029459,SUP003,P00299,Fasteners,18,12464.46,SITE04,2022-06-27,2022-08-08,2022-08-06,42,40,-2,2.18,0.6067,0.0,Medium,0,1,0.5811316791844562,Medium,2584,58.11
PO018240,SUP040,P00186,Fasteners,2,1928.44,SITE01,2024-05-06,2024-06-24,2024-06-26,49,51,2,2.27,0.6529,0.0019,Medium,1,1,0.5810103739414684,Medium,2585,58.1
PO001562,SUP040,P00014,Hydraulics,31,5831.1,SITE04,2024-09-30,2024-11-17,2024-11-21,48,52,4,2.28,0.658,0.0016,Medium,1,1,0.5809669999349196,Medium,2586,58.1
PO022992,SUP005,P00233,Cabin,6,62382.54,SITE04,2024-10-28,2025-01-02,2025-01-06,66,70,4,2.38,0.665,0.0002,Medium,1,1,0.5808839096224211,Medium,2587,58.09
PO027180,SUP014,P00275,Engine,14,14554.26,SITE06,2023-12-25,2024-02-09,2024-02-15,46,52,6,2.45,0.6943,0.0007,Medium,1,1,0.5804741828463889,Medium,2588,58.05
PO012022,SUP035,P00121,Avionics,30,8890.5,SITE06,2022-08-22,2022-09-18,2022-09-22,27,31,4,1.35,0.4375,0.0,Low,1,1,0.580227291681573,Medium,2589,58.02
PO011786,SUP013,P00120,Fasteners,7,9344.51,SITE03,2024-09-02,2024-10-16,2024-10-20,44,48,4,2.44,0.6916,0.0015,Medium,1,1,0.5801044716258871,Medium,2590,58.01
PO018703,SUP002,P00191,LandingGear,6,6608.82,SITE03,2024-10-07,2024-12-05,2024-12-06,59,60,1,2.56,0.711,0.0009,Medium,1,1,0.5800027932044062,Medium,2591,58.0
PO016573,SUP007,P00168,Engine,3,11122.83,SITE06,2023-02-13,2023-03-20,2023-03-22,35,37,2,1.32,0.4545,0.0,Low,1,1,0.5799448889713349,Medium,2592,57.99
PO019881,SUP024,P00203,Fasteners,12,15709.92,SITE01,2024-08-05,2024-10-17,2024-10-24,73,80,7,2.48,0.6779,0.0011,Medium,1,1,0.5798806673534781,Medium,2593,57.99
PO022562,SUP040,P00228,Fasteners,4,32287.24,SITE01,2023-01-30,2023-03-18,2023-03-21,47,50,3,2.19,0.6601,0.0024,Medium,1,1,0.5797161849588319,Medium,2594,57.97
PO019390,SUP040,P00198,LandingGear,10,11659.5,SITE06,2022-02-07,2022-03-16,2022-03-20,37,41,4,2.4,0.7083,0.0,Medium,1,1,0.5796545256022988,Medium,2595,57.97
PO001115,SUP018,P00008,Avionics,11,3186.26,SITE06,2022-08-08,2022-09-19,2022-09-22,42,45,3,2.16,0.7025,0.002,Medium,1,1,0.5795746480462811,Medium,2596,57.96
PO020594,SUP027,P00210,Engine,4,4296.72,SITE06,2023-02-06,2023-03-22,2023-03-23,44,45,1,2.54,0.695,0.0004,Medium,1,1,0.5795373063324787,Medium,2597,57.95
PO028237,SUP035,P00287,Cabin,27,55802.25,SITE04,2024-06-10,2024-07-25,2024-07-23,45,43,-2,1.23,0.4395,0.0018,Low,0,1,0.5794942112547123,Medium,2598,57.95
PO020538,SUP009,P00209,Avionics,8,1707.92,SITE05,2022-02-07,2022-04-04,2022-04-06,56,58,2,1.84,0.6,0.0,Medium,1,1,0.5793726736160429,Medium,2599,57.94
PO028125,SUP018,P00286,Electrical,3,11561.19,SITE06,2024-10-07,2024-11-19,2024-11-16,43,40,-3,2.25,0.6841,0.0015,Medium,0,1,0.579369730038853,Medium,2600,57.94
PO024026,SUP003,P00246,LandingGear,7,6953.24,SITE01,2022-12-26,2023-02-01,2023-02-01,37,37,0,2.25,0.6207,0.0,Medium,0,1,0.5793288904526598,Medium,2601,57.93
PO005441,SUP027,P00056,Cabin,21,24323.25,SITE06,2024-07-29,2024-09-15,2024-09-17,48,50,2,2.48,0.6901,0.0009,Medium,1,1,0.5792205138593685,Medium,2602,57.92
PO020879,SUP029,P00213,Avionics,42,15736.14,SITE04,2023-06-26,2023-08-07,2023-08-05,42,40,-2,1.2,0.4362,0.0007,Low,0,1,0.5791748610228508,Medium,2603,57.92
PO008496,SUP039,P00085,Cabin,4,22828.84,SITE02,2023-11-27,2024-01-15,2024-01-16,49,50,1,2.49,0.6845,0.0025,Medium,1,1,0.579138424898275,Medium,2604,57.91
PO007490,SUP012,P00077,Fasteners,16,57768.16,SITE03,2022-09-05,2022-10-10,2022-10-12,35,37,2,0.99,0.3934,0.0003,Low,1,1,0.5790589942846274,Medium,2605,57.91
PO028707,SUP030,P00293,Hydraulics,11,8460.32,SITE04,2023-04-03,2023-05-12,2023-05-18,39,45,6,1.17,0.4168,0.0005,Low,1,1,0.5789246404565589,Medium,2606,57.89
PO015608,SUP019,P00157,LandingGear,18,45063.72,SITE03,2022-07-11,2022-08-05,2022-08-04,25,24,-1,1.24,0.437,0.0,Low,0,1,0.5788321612260351,Medium,2607,57.88
PO029360,SUP006,P00298,Avionics,22,6714.4,SITE05,2023-12-04,2024-02-02,2024-02-03,60,61,1,2.49,0.6699,0.0011,Medium,1,1,0.5785140752633079,Medium,2608,57.85
PO024035,SUP003,P00246,LandingGear,6,5959.92,SITE01,2023-12-04,2024-01-04,2024-01-06,31,33,2,2.28,0.6618,0.0002,Medium,1,1,0.578231114961704,Medium,2609,57.82
PO003334,SUP030,P00035,Hydraulics,3,14342.22,SITE04,2024-03-25,2024-05-03,2024-05-09,39,45,6,1.18,0.425,0.0009,Low,1,1,0.578230166130166,Medium,2610,57.82
PO025180,SUP016,P00259,Fasteners,11,17750.26,SITE05,2024-01-08,2024-02-28,2024-03-04,51,56,5,2.42,0.6578,0.0033,Medium,1,1,0.5781429385453475,Medium,2611,57.81
PO005459,SUP013,P00057,Avionics,9,1063.62,SITE01,2024-02-19,2024-04-18,2024-04-15,59,56,-3,2.42,0.6896,0.0016,Medium,0,1,0.5780784189823711,Medium,2612,57.81
PO012815,SUP014,P00128,Fasteners,23,25356.35,SITE05,2024-05-20,2024-07-05,2024-07-02,46,43,-3,2.42,0.6843,0.0006,Medium,0,1,0.5780695380320418,Medium,2613,57.81
PO022769,SUP002,P00231,Cabin,19,11939.41,SITE02,2024-08-12,2024-10-22,2024-10-26,71,75,4,2.55,0.7085,0.001,Medium,1,1,0.5780654267169263,Medium,2614,57.81
PO018338,SUP012,P00187,Structure,7,6658.19,SITE02,2022-01-10,2022-02-07,2022-02-04,28,25,-3,0.38,0.2308,0.0,Low,0,1,0.5778844464110767,Medium,2615,57.79
PO005529,SUP013,P00057,Avionics,22,2599.96,SITE04,2023-01-23,2023-03-19,2023-03-24,55,60,5,2.43,0.6801,0.0011,Medium,1,1,0.5778678006426603,Medium,2616,57.79
PO014446,SUP005,P00145,Hydraulics,5,18044.8,SITE05,2022-07-04,2022-08-28,2022-09-04,55,62,7,2.45,0.6628,0.0,Medium,1,1,0.57783507745168,Medium,2617,57.78
PO005173,SUP027,P00054,Fasteners,5,20299.85,SITE05,2023-08-07,2023-09-10,2023-09-15,34,39,5,2.49,0.6913,0.0004,Medium,1,1,0.5777144065652363,Medium,2618,57.77
PO008077,SUP037,P00082,Electrical,4,12567.16,SITE02,2022-05-09,2022-06-06,2022-06-07,28,29,1,1.08,0.3871,0.0,Low,1,1,0.577489918430852,Medium,2619,57.75
PO015713,SUP024,P00158,Structure,19,35782.32,SITE04,2022-04-18,2022-06-15,2022-06-18,58,61,3,2.35,0.66,0.002,Medium,1,1,0.5774852156454124,Medium,2620,57.75
PO004864,SUP004,P00050,Structure,7,3137.82,SITE04,2023-04-03,2023-05-08,2023-05-07,35,34,-1,1.16,0.4571,0.0009,Low,0,1,0.5773312325227032,Medium,2621,57.73
PO005964,SUP014,P00060,Cabin,27,14757.93,SITE03,2022-12-19,2023-02-13,2023-02-21,56,64,8,2.56,0.7348,0.0008,Medium,1,1,0.5773292626393267,Medium,2622,57.73
PO004458,SUP018,P00046,Avionics,5,870.6,SITE03,2023-09-04,2023-10-23,2023-10-27,49,53,4,2.31,0.6934,0.0013,Medium,1,1,0.5768720042313966,Medium,2623,57.69
PO026741,SUP036,P00272,Avionics,6,1213.56,SITE05,2022-07-18,2022-08-31,2022-09-07,44,51,7,1.07,0.4012,0.0026,Low,1,1,0.5768212232049951,Medium,2624,57.68
PO003383,SUP037,P00036,Structure,12,10260.6,SITE02,2023-07-10,2023-08-13,2023-08-13,34,34,0,1.19,0.4353,0.0013,Low,0,1,0.576735723683851,Medium,2625,57.67
PO012495,SUP018,P00125,Avionics,4,5960.04,SITE06,2022-12-26,2023-02-09,2023-02-12,45,48,3,2.14,0.6754,0.0017,Medium,1,1,0.5767070030894577,Medium,2626,57.67
PO018439,SUP008,P00188,Fasteners,1,3409.48,SITE03,2022-07-18,2022-08-24,2022-08-23,37,36,-1,1.15,0.4194,0.0,Low,0,1,0.5765839071025946,Medium,2627,57.66
PO017255,SUP006,P00175,Cabin,32,29010.24,SITE06,2024-05-27,2024-07-28,2024-07-29,62,63,1,2.51,0.6776,0.001,Medium,1,1,0.5765759879416045,Medium,2628,57.66
PO014413,SUP031,P00144,Fasteners,35,41864.2,SITE06,2023-10-09,2023-11-15,2023-11-14,37,36,-1,1.28,0.4231,0.0004,Low,0,1,0.5765199198050855,Medium,2629,57.65
PO014719,SUP028,P00149,Fasteners,53,108316.63,SITE01,2024-08-05,2024-09-01,2024-08-29,27,24,-3,1.07,0.4017,0.0009,Low,0,1,0.5765163216231131,Medium,2630,57.65
PO001887,SUP027,P00018,Cabin,34,39215.26,SITE02,2024-11-25,2025-01-13,2025-01-17,49,53,4,2.43,0.6841,0.001,Medium,1,1,0.5764757050138667,Medium,2631,57.65
PO015846,SUP015,P00159,Structure,12,4494.72,SITE04,2022-10-24,2022-11-23,2022-11-23,30,30,0,2.34,0.7167,0.0012,Medium,0,1,0.5763375613194448,Medium,2632,57.63
PO013019,SUP037,P00132,Fasteners,8,7598.0,SITE02,2024-07-01,2024-08-07,2024-08-09,37,39,2,1.19,0.4331,0.0011,Low,1,1,0.5759137551391742,Medium,2633,57.59
PO005553,SUP013,P00057,Avionics,7,827.26,SITE05,2023-01-02,2023-02-25,2023-02-28,54,57,3,2.41,0.6808,0.001,Medium,1,1,0.5757449447231152,Medium,2634,57.57
PO012498,SUP018,P00125,Avionics,7,10430.07,SITE06,2024-01-08,2024-02-27,2024-02-27,50,50,0,2.27,0.6832,0.0013,Medium,0,1,0.5756986341370463,Medium,2635,57.57
PO005648,SUP001,P00058,Hydraulics,19,29877.31,SITE04,2023-10-23,2023-12-07,2023-12-08,45,46,1,1.22,0.4196,0.0007,Low,1,1,0.5756750073807552,Medium,2636,57.57
PO027681,SUP003,P00280,Cabin,19,27316.3,SITE05,2024-10-07,2024-12-03,2024-12-02,57,56,-1,2.27,0.6552,0.001,Medium,0,1,0.5755757970305593,Medium,2637,57.56
PO017960,SUP005,P00182,Engine,8,2975.84,SITE06,2024-06-03,2024-07-17,2024-07-17,44,44,0,2.42,0.6723,0.0003,Medium,0,1,0.5753350409894967,Medium,2638,57.53
PO021928,SUP021,P00222,Fasteners,20,49745.4,SITE06,2024-07-29,2024-09-19,2024-09-21,52,54,2,2.51,0.7068,0.0011,Medium,1,1,0.5751644033279653,Medium,2639,57.52
PO027035,SUP004,P00274,Avionics,33,7229.31,SITE04,2024-07-15,2024-08-21,2024-08-25,37,41,4,1.18,0.4379,0.0007,Low,1,1,0.5750849385864124,Medium,2640,57.51
PO011548,SUP038,P00116,Cabin,16,46781.92,SITE06,2023-05-22,2023-07-18,2023-07-19,57,58,1,2.3,0.6644,0.0011,Medium,1,1,0.5750235632896978,Medium,2641,57.5
PO001524,SUP040,P00014,Hydraulics,6,1128.6,SITE02,2024-01-22,2024-03-09,2024-03-07,47,45,-2,2.27,0.6509,0.0021,Medium,0,1,0.5750138919325977,Medium,2642,57.5
PO017715,SUP031,P00180,LandingGear,6,16553.58,SITE03,2023-08-28,2023-09-30,2023-10-03,33,36,3,1.25,0.4155,0.0004,Low,1,1,0.5749413769256388,Medium,2643,57.49
PO011485,SUP038,P00116,Cabin,22,64325.14,SITE04,2022-10-31,2022-12-20,2022-12-21,50,51,1,2.21,0.6593,0.001,Medium,1,1,0.5748161146118314,Medium,2644,57.48
PO016187,SUP027,P00163,Avionics,21,6193.32,SITE04,2022-11-14,2022-12-27,2022-12-28,43,44,1,2.62,0.703,0.0004,Medium,1,1,0.5747801448064606,Medium,2645,57.48
PO004190,SUP028,P00043,Electrical,2,3558.66,SITE02,2024-03-11,2024-04-01,2024-03-31,21,20,-1,1.06,0.4048,0.0009,Low,0,1,0.5746407436617963,Medium,2646,57.46
PO000357,SUP040,P00003,Avionics,6,1316.64,SITE04,2023-03-06,2023-04-23,2023-04-26,48,51,3,2.22,0.6604,0.0023,Medium,1,1,0.5742152955428359,Medium,2647,57.42
PO011358,SUP008,P00115,Cabin,21,62122.83,SITE05,2024-06-17,2024-07-28,2024-07-30,41,43,2,1.13,0.4307,0.0011,Low,1,1,0.574173462741644,Medium,2648,57.42
PO029021,SUP014,P00295,Structure,75,24015.75,SITE06,2024-05-06,2024-06-06,2024-06-05,31,30,-1,2.43,0.6882,0.0006,Medium,0,1,0.5738335485458522,Medium,2649,57.38
PO017110,SUP006,P00175,Cabin,11,9972.27,SITE02,2022-12-05,2023-01-31,2023-02-03,57,60,3,2.51,0.6713,0.0008,Medium,1,1,0.5738188816598004,Medium,2650,57.38
PO029503,SUP003,P00299,Fasteners,23,15926.81,SITE05,2023-11-13,2023-12-25,2023-12-25,42,42,0,2.28,0.6625,0.0002,Medium,0,1,0.5737215504873651,Medium,2651,57.37
PO009094,SUP039,P00090,Avionics,3,851.25,SITE05,2022-08-29,2022-10-08,2022-10-10,40,42,2,2.46,0.678,0.0,Medium,1,1,0.5736244469158834,Medium,2652,57.36
PO005472,SUP013,P00057,Avionics,6,709.08,SITE02,2023-02-06,2023-04-03,2023-03-31,56,53,-3,2.46,0.6796,0.0011,Medium,0,1,0.5735920235880642,Medium,2653,57.36
PO011433,SUP038,P00116,Cabin,7,20467.09,SITE02,2024-04-29,2024-06-27,2024-06-30,59,62,3,2.3,0.6671,0.0013,Medium,1,1,0.5733285075717036,Medium,2654,57.33
PO010676,SUP017,P00108,Cabin,10,6017.2,SITE01,2024-04-29,2024-06-03,2024-05-31,35,32,-3,1.1,0.4099,0.0008,Low,0,1,0.5732669695643968,Medium,2655,57.33
PO023078,SUP004,P00234,Electrical,6,27659.88,SITE05,2022-07-25,2022-08-20,2022-08-17,26,23,-3,1.17,0.4685,0.0008,Low,0,1,0.5731866602289851,Medium,2656,57.32
PO016926,SUP019,P00173,Structure,6,5829.3,SITE02,2023-10-16,2023-11-12,2023-11-12,27,27,0,1.12,0.419,0.0013,Low,0,1,0.5730867735324255,Medium,2657,57.31
PO003835,SUP026,P00040,Structure,13,2164.63,SITE04,2022-08-01,2022-09-28,2022-09-25,58,55,-3,2.61,0.75,0.0007,Medium,0,1,0.5730844466519571,Medium,2658,57.31
PO024638,SUP034,P00254,Hydraulics,9,6662.34,SITE04,2024-10-28,2024-12-06,2024-12-04,39,37,-2,1.27,0.4567,0.002,Low,0,1,0.5729724797353147,Medium,2659,57.3
PO014687,SUP019,P00148,Fasteners,7,84434.84,SITE06,2024-01-01,2024-01-26,2024-01-23,25,22,-3,1.15,0.4098,0.002,Low,0,1,0.5729704775991432,Medium,2660,57.3
PO009828,SUP040,P00100,Avionics,5,2434.2,SITE02,2023-02-27,2023-04-08,2023-04-14,40,46,6,2.21,0.6624,0.0024,Medium,1,1,0.5729503145106392,Medium,2661,57.3
PO013085,SUP037,P00132,Fasteners,13,12346.75,SITE05,2022-10-10,2022-11-09,2022-11-07,30,28,-2,1.28,0.4661,0.0024,Low,0,1,0.5729479585164706,Medium,2662,57.29
PO020569,SUP027,P00210,Engine,2,2148.36,SITE02,2022-01-24,2022-03-09,2022-03-13,44,48,4,3.09,0.7826,0.0,Medium,1,1,0.5729303918874745,Medium,2663,57.29
PO021830,SUP021,P00222,Fasteners,11,27359.97,SITE02,2023-02-06,2023-04-05,2023-04-06,58,59,1,2.48,0.7263,0.0007,Medium,1,1,0.5729190453983334,Medium,2664,57.29
PO005287,SUP027,P00056,Cabin,9,10424.25,SITE02,2022-12-19,2023-02-11,2023-02-13,54,56,2,2.61,0.7052,0.0005,Medium,1,1,0.5727328842740097,Medium,2665,57.27
PO009108,SUP039,P00090,Avionics,6,1702.5,SITE06,2023-11-06,2023-12-19,2023-12-16,43,40,-3,2.54,0.6966,0.0025,Medium,0,1,0.5727283351904946,Medium,2666,57.27
PO011735,SUP013,P00120,Fasteners,5,6674.65,SITE01,2022-08-15,2022-09-29,2022-10-03,45,49,4,2.22,0.6546,0.0014,Medium,1,1,0.5723714098987451,Medium,2667,57.24
PO006287,SUP007,P00063,Avionics,28,10064.6,SITE06,2022-03-21,2022-04-21,2022-04-18,31,28,-3,1.3,0.44,0.0,Low,0,1,0.5723083665607063,Medium,2668,57.23
PO022954,SUP005,P00233,Cabin,3,31191.27,SITE02,2022-03-21,2022-05-25,2022-05-26,65,66,1,2.68,0.6818,0.0,Medium,1,1,0.5722718836629187,Medium,2669,57.23
PO017934,SUP005,P00182,Engine,17,6323.66,SITE04,2023-09-25,2023-11-20,2023-11-17,56,53,-3,2.47,0.668,0.0,Medium,0,1,0.5722549713777734,Medium,2670,57.23
PO023140,SUP030,P00236,Hydraulics,2,12120.88,SITE03,2023-11-20,2023-12-29,2024-01-01,39,42,3,1.19,0.4272,0.0006,Low,1,1,0.5722414536676385,Medium,2671,57.22
PO002252,SUP038,P00022,Hydraulics,4,21716.84,SITE06,2023-12-04,2024-01-22,2024-01-24,49,51,2,2.25,0.6576,0.0016,Medium,1,1,0.5721168411124908,Medium,2672,57.21
PO013237,SUP037,P00134,Hydraulics,5,1840.6,SITE03,2023-04-10,2023-05-06,2023-05-09,26,29,3,1.21,0.4427,0.0013,Low,1,1,0.5720961379152918,Medium,2673,57.21
PO004132,SUP014,P00042,Fasteners,12,26865.84,SITE05,2023-03-13,2023-04-24,2023-04-25,42,43,1,2.4,0.7028,0.0008,Medium,1,1,0.5717673225117335,Medium,2674,57.18
PO018033,SUP016,P00184,Avionics,5,2119.95,SITE02,2022-10-24,2022-12-08,2022-12-11,45,48,3,2.3,0.6634,0.0009,Medium,1,1,0.5717585502909456,Medium,2675,57.18
PO021539,SUP017,P00218,Cabin,15,35103.75,SITE05,2022-03-21,2022-04-30,2022-05-03,40,43,3,1.12,0.3846,0.0,Low,1,1,0.5717326193836735,Medium,2676,57.17
PO006895,SUP027,P00070,Electrical,6,4487.58,SITE02,2024-11-11,2024-12-09,2024-12-16,28,35,7,2.44,0.688,0.0009,Medium,1,1,0.5715961529798603,Medium,2677,57.16
PO008718,SUP022,P00086,Cabin,37,48271.31,SITE05,2024-12-23,2025-01-20,2025-01-17,28,25,-3,1.17,0.4484,0.0007,Low,0,1,0.5715114724325563,Medium,2678,57.15
PO011240,SUP008,P00115,Cabin,9,26624.07,SITE01,2023-11-20,2024-01-05,2024-01-03,46,44,-2,1.17,0.4261,0.0011,Low,0,1,0.5712417789575274,Medium,2679,57.12
PO017791,SUP025,P00181,Structure,23,22899.95,SITE02,2022-09-05,2022-10-15,2022-10-12,40,37,-3,2.52,0.6667,0.0016,Medium,0,1,0.5712077075729964,Medium,2680,57.12
PO005035,SUP027,P00052,Electrical,49,57627.43,SITE06,2023-03-13,2023-04-11,2023-04-15,29,33,4,2.51,0.6901,0.0004,Medium,1,1,0.5711402519822236,Medium,2681,57.11
PO022820,SUP002,P00231,Cabin,34,21365.26,SITE04,2023-04-03,2023-06-23,2023-06-23,81,81,0,2.48,0.695,0.0015,Medium,0,1,0.571138584890494,Medium,2682,57.11
PO021940,SUP012,P00223,Avionics,19,10140.87,SITE01,2023-02-13,2023-03-18,2023-03-21,33,36,3,0.97,0.3941,0.0006,Low,1,1,0.5710652116768948,Medium,2683,57.11
PO012425,SUP020,P00124,Electrical,19,19355.68,SITE06,2022-02-21,2022-03-08,2022-03-10,15,17,2,0.89,0.3158,0.0,Low,1,1,0.570917815114024,Medium,2684,57.09
PO024008,SUP009,P00245,LandingGear,19,23661.65,SITE06,2023-11-20,2023-12-30,2024-01-07,40,48,8,2.2,0.678,0.0019,Medium,1,1,0.5707500413048877,Medium,2685,57.08
PO002069,SUP007,P00019,Fasteners,16,45412.0,SITE04,2023-10-16,2023-11-21,2023-11-23,36,38,2,1.29,0.4675,0.0002,Low,1,1,0.5705824528238398,Medium,2686,57.06
PO025195,SUP016,P00259,Fasteners,7,11295.62,SITE06,2024-01-22,2024-03-16,2024-03-18,54,56,2,2.43,0.6617,0.0035,Medium,1,1,0.5703635988525213,Medium,2687,57.04
PO014387,SUP031,P00144,Fasteners,20,23922.4,SITE05,2024-02-19,2024-03-29,2024-03-29,39,39,0,1.26,0.4308,0.0005,Low,0,1,0.5702443838008239,Medium,2688,57.02
PO016865,SUP014,P00172,Engine,2,1045.46,SITE01,2024-03-04,2024-04-23,2024-04-23,50,50,0,2.45,0.6919,0.0007,Medium,0,1,0.570244031335227,Medium,2689,57.02
PO000397,SUP040,P00003,Avionics,13,2852.72,SITE05,2023-08-07,2023-09-25,2023-10-01,49,55,6,2.31,0.6646,0.0019,Medium,1,1,0.5701153731845333,Medium,2690,57.01
PO022736,SUP002,P00231,Cabin,31,19480.09,SITE01,2024-01-15,2024-04-10,2024-04-09,86,85,-1,2.55,0.7002,0.0011,Medium,0,1,0.5697308129833475,Medium,2691,56.97
PO015045,SUP025,P00151,Hydraulics,12,11635.08,SITE06,2024-05-13,2024-06-26,2024-06-26,44,44,0,2.52,0.6824,0.0015,Medium,0,1,0.5695730187343967,Medium,2692,56.96
PO026747,SUP036,P00272,Avionics,3,606.78,SITE05,2023-10-02,2023-11-22,2023-11-22,51,51,0,1.13,0.4037,0.0022,Low,0,1,0.5695468706778231,Medium,2693,56.95
PO010688,SUP017,P00108,Cabin,23,13839.56,SITE02,2022-06-20,2022-07-26,2022-07-23,36,33,-3,1.21,0.4469,0.0,Low,0,1,0.5692761644840242,Medium,2694,56.93
PO004157,SUP014,P00042,Fasteners,45,100746.9,SITE06,2023-02-20,2023-04-03,2023-04-08,42,47,5,2.41,0.7048,0.0009,Medium,1,1,0.5691837982952068,Medium,2695,56.92
PO016729,SUP001,P00170,Structure,21,10676.82,SITE04,2022-01-17,2022-02-22,2022-02-21,36,35,-1,1.15,0.3846,0.0,Low,0,1,0.5691414985911201,Medium,2696,56.91
PO023896,SUP009,P00245,LandingGear,5,6226.75,SITE01,2022-01-03,2022-02-11,2022-02-08,39,36,-3,1.67,1.0,0.0,Medium,0,1,0.5691050587715423,Medium,2697,56.91
PO014484,SUP020,P00146,Electrical,5,21325.9,SITE02,2024-04-29,2024-05-12,2024-05-13,13,14,1,1.03,0.3938,0.0009,Low,1,1,0.5690833463995605,Medium,2698,56.91
PO002165,SUP013,P00020,Hydraulics,1,295.4,SITE05,2022-11-28,2023-01-11,2023-01-15,44,48,4,2.45,0.6858,0.0008,Medium,1,1,0.5689570848342598,Medium,2699,56.9
PO021619,SUP021,P00219,Avionics,1,2387.27,SITE03,2023-01-02,2023-02-22,2023-02-20,51,49,-2,2.47,0.7421,0.0008,Medium,0,1,0.5689530950940467,Medium,2700,56.9
PO000659,SUP024,P00005,Cabin,59,77877.64,SITE06,2022-08-29,2022-11-03,2022-11-02,66,65,-1,2.19,0.6355,0.001,Medium,0,1,0.5688747860415467,Medium,2701,56.89
PO015097,SUP026,P00153,Fasteners,3,6783.87,SITE01,2024-12-02,2025-02-20,2025-02-20,80,80,0,2.51,0.7069,0.0011,Medium,0,1,0.5685237154465499,Medium,2702,56.85
PO026517,SUP006,P00270,Electrical,21,69212.01,SITE05,2022-12-12,2023-02-04,2023-02-06,54,56,2,2.48,0.6667,0.0008,Medium,1,1,0.5684032475723215,Medium,2703,56.84
PO002414,SUP030,P00025,Structure,45,20241.0,SITE04,2022-09-05,2022-10-20,2022-10-19,45,44,-1,1.25,0.4444,0.0006,Low,0,1,0.5683976732990471,Medium,2704,56.84
PO009556,SUP013,P00095,Engine,17,9262.45,SITE04,2024-10-21,2024-12-17,2024-12-22,57,62,5,2.42,0.6874,0.0015,Medium,1,1,0.5683940585367168,Medium,2705,56.84
PO011367,SUP008,P00115,Cabin,23,68039.29,SITE06,2022-06-20,2022-07-30,2022-07-27,40,37,-3,1.25,0.4079,0.0,Low,0,1,0.5683091742726039,Medium,2706,56.83
PO009190,SUP024,P00091,Electrical,31,53065.8,SITE04,2024-08-12,2024-09-25,2024-09-25,44,44,0,2.5,0.6797,0.0011,Medium,0,1,0.5682394312768182,Medium,2707,56.82
PO001026,SUP018,P00008,Avionics,6,1737.96,SITE02,2023-10-16,2023-12-01,2023-11-30,46,45,-1,2.36,0.6984,0.0014,Medium,0,1,0.568224484205189,Medium,2708,56.82
PO021572,SUP017,P00218,Cabin,78,182539.5,SITE06,2022-03-07,2022-04-13,2022-04-13,37,37,0,0.96,0.3467,0.0,Low,0,1,0.5681893680017248,Medium,2709,56.82
PO015867,SUP015,P00159,Structure,23,8614.88,SITE04,2024-09-30,2024-11-04,2024-11-05,35,36,1,2.59,0.7028,0.002,Medium,1,1,0.5680563186200337,Medium,2710,56.81
PO024209,SUP027,P00248,Avionics,5,1300.25,SITE03,2024-12-02,2025-01-09,2025-01-11,38,40,2,2.43,0.6848,0.001,Medium,1,1,0.567930628824378,Medium,2711,56.79
PO009451,SUP011,P00094,LandingGear,10,19204.7,SITE04,2023-12-18,2024-01-17,2024-01-14,30,27,-3,1.24,0.4142,0.0012,Low,0,1,0.5678592239426745,Medium,2712,56.79
PO014268,SUP010,P00143,Avionics,19,4981.04,SITE06,2023-05-29,2023-06-29,2023-06-26,31,28,-3,1.38,0.457,0.0005,Low,0,1,0.5678194920978189,Medium,2713,56.78
PO024149,SUP015,P00247,Electrical,1,9723.56,SITE01,2022-07-18,2022-08-25,2022-08-31,38,44,6,2.12,0.7294,0.0,Medium,1,1,0.567723649401281,Medium,2714,56.77
PO004725,SUP006,P00048,Fasteners,13,17992.39,SITE04,2023-05-22,2023-07-24,2023-07-31,63,70,7,2.44,0.661,0.0011,Medium,1,1,0.5676586447210734,Medium,2715,56.77
PO005442,SUP027,P00056,Cabin,27,31272.75,SITE06,2024-11-11,2025-01-03,2025-01-03,53,53,0,2.44,0.6885,0.0009,Medium,0,1,0.5675494908143681,Medium,2716,56.75
PO001514,SUP040,P00014,Hydraulics,15,2821.5,SITE02,2022-02-28,2022-04-13,2022-04-18,44,49,5,2.42,0.7123,0.0074,Medium,1,1,0.5674023545403889,Medium,2717,56.74
PO028017,SUP004,P00285,Fasteners,10,9125.6,SITE04,2023-03-13,2023-04-29,2023-04-27,47,45,-2,1.18,0.459,0.001,Low,0,1,0.5673456828898781,Medium,2718,56.73
PO028563,SUP002,P00290,LandingGear,3,3494.88,SITE06,2024-10-21,2024-12-08,2024-12-13,48,53,5,2.56,0.7121,0.0009,Medium,1,1,0.5672086110957205,Medium,2719,56.72
PO029381,SUP006,P00298,Avionics,40,12208.0,SITE06,2022-11-07,2023-01-08,2023-01-12,62,66,4,2.52,0.6728,0.0009,Medium,1,1,0.5671833883258648,Medium,2720,56.72
PO015936,SUP017,P00160,Hydraulics,3,6137.7,SITE03,2022-05-30,2022-06-28,2022-07-01,29,32,3,1.23,0.443,0.0,Low,1,1,0.5671004747265619,Medium,2721,56.71
PO017737,SUP031,P00180,LandingGear,6,16553.58,SITE05,2023-11-06,2023-12-06,2023-12-09,30,33,3,1.26,0.4184,0.0006,Low,1,1,0.5668401106785693,Medium,2722,56.68
PO005991,SUP014,P00060,Cabin,20,10931.8,SITE04,2022-03-07,2022-05-02,2022-05-04,56,58,2,2.36,0.6909,0.0036,Medium,1,1,0.5667149542767055,Medium,2723,56.67
PO007047,SUP007,P00071,Avionics,6,8335.68,SITE04,2022-05-16,2022-06-19,2022-06-20,34,35,1,1.49,0.4835,0.0,Low,1,1,0.5667064071847742,Medium,2724,56.67
PO024027,SUP003,P00246,LandingGear,23,22846.36,SITE01,2023-01-16,2023-02-18,2023-02-21,33,36,3,2.23,0.615,0.0,Medium,1,1,0.5667050264550263,Medium,2725,56.67
PO021448,SUP017,P00218,Cabin,12,28083.0,SITE01,2024-07-29,2024-09-08,2024-09-10,41,43,2,1.1,0.4095,0.0008,Low,1,1,0.5664908260595438,Medium,2726,56.65
PO023994,SUP009,P00245,LandingGear,21,26152.35,SITE06,2022-10-10,2022-11-18,2022-11-17,39,38,-1,2.33,0.7251,0.0017,Medium,0,1,0.5664737669799487,Medium,2727,56.65
PO001892,SUP027,P00018,Cabin,11,12687.29,SITE03,2022-09-05,2022-10-18,2022-10-22,43,47,4,2.65,0.7113,0.0003,Medium,1,1,0.5663729310383118,Medium,2728,56.64
PO002465,SUP030,P00025,Structure,71,31935.8,SITE06,2022-02-28,2022-04-04,2022-04-03,35,34,-1,1.58,0.4848,0.0,Low,0,1,0.5663193246890922,Medium,2729,56.63
PO000652,SUP024,P00005,Cabin,128,168954.88,SITE06,2022-01-03,2022-03-06,2022-03-05,62,61,-1,3.0,1.0,0.0,Medium,0,1,0.5661966270157757,Medium,2730,56.62
PO028032,SUP004,P00285,Fasteners,28,25551.68,SITE04,2024-03-25,2024-05-14,2024-05-12,50,48,-2,1.19,0.4474,0.0005,Low,0,1,0.5660560500485387,Medium,2731,56.61
PO005708,SUP036,P00059,Cabin,19,22495.43,SITE01,2023-10-30,2023-12-13,2023-12-17,44,48,4,1.13,0.4036,0.0021,Low,1,1,0.565956954432722,Medium,2732,56.6
PO001036,SUP018,P00008,Avionics,8,2317.28,SITE03,2022-08-22,2022-10-09,2022-10-12,48,51,3,2.25,0.7054,0.0019,Medium,1,1,0.5658596220521364,Medium,2733,56.59
PO015809,SUP015,P00159,Structure,6,2247.36,SITE02,2022-09-05,2022-10-12,2022-10-15,37,40,3,2.32,0.74,0.0016,Medium,1,1,0.5658367126764346,Medium,2734,56.58
PO011524,SUP038,P00116,Cabin,8,23390.96,SITE05,2024-06-17,2024-08-13,2024-08-10,57,54,-3,2.33,0.6692,0.0012,Medium,0,1,0.5656875680116381,Medium,2735,56.57
PO015648,SUP019,P00157,LandingGear,21,52574.34,SITE06,2022-05-16,2022-06-07,2022-06-09,22,24,2,1.14,0.4217,0.0,Low,1,1,0.5656796084219021,Medium,2736,56.57
PO019398,SUP040,P00198,LandingGear,5,5829.75,SITE06,2023-03-20,2023-04-24,2023-04-24,35,35,0,2.19,0.6579,0.0023,Medium,0,1,0.5652981206652925,Medium,2737,56.53
PO007416,SUP006,P00076,Structure,11,13303.29,SITE04,2024-04-29,2024-06-12,2024-06-09,44,41,-3,2.49,0.6764,0.001,Medium,0,1,0.5652457748701923,Medium,2738,56.52
PO019373,SUP040,P00198,LandingGear,17,19821.15,SITE04,2024-12-16,2025-01-25,2025-01-27,40,42,2,2.29,0.6625,0.0016,Medium,1,1,0.565196127225068,Medium,2739,56.52
PO016802,SUP001,P00170,Structure,17,8643.14,SITE06,2024-07-29,2024-09-03,2024-09-01,36,34,-2,1.2,0.4219,0.0005,Low,0,1,0.565141789544928,Medium,2740,56.51
PO008541,SUP039,P00085,Cabin,4,22828.84,SITE06,2022-06-06,2022-07-22,2022-07-22,46,46,0,2.36,0.6818,0.0,Medium,0,1,0.5648194859258747,Medium,2741,56.48
PO023297,SUP040,P00238,Cabin,17,11883.17,SITE04,2023-05-08,2023-06-30,2023-07-03,53,56,3,2.24,0.6536,0.0021,Medium,1,1,0.5646321511590321,Medium,2742,56.46
PO026158,SUP036,P00268,Cabin,4,1709.6,SITE02,2022-12-26,2023-02-05,2023-02-02,41,38,-3,1.19,0.4199,0.0041,Low,0,1,0.564423390646841,Medium,2743,56.44
PO015688,SUP024,P00158,Structure,3,5649.84,SITE02,2022-02-21,2022-04-15,2022-04-20,53,58,5,2.32,0.68,0.0213,Medium,1,1,0.5642517335161996,Medium,2744,56.43
PO024184,SUP027,P00248,Avionics,4,1040.2,SITE01,2023-01-16,2023-02-28,2023-03-01,43,44,1,2.59,0.7022,0.0005,Medium,1,1,0.5641667734694937,Medium,2745,56.42
PO029025,SUP014,P00295,Structure,102,32661.42,SITE06,2024-07-08,2024-08-07,2024-08-11,30,34,4,2.42,0.6851,0.0007,Medium,1,1,0.5641651404464418,Medium,2746,56.42
PO010665,SUP017,P00108,Cabin,10,6017.2,SITE01,2023-07-31,2023-09-02,2023-09-04,33,35,2,1.09,0.4271,0.0006,Low,1,1,0.5639856018177387,Medium,2747,56.4
PO022711,SUP040,P00230,Avionics,6,1891.26,SITE06,2022-12-12,2023-02-08,2023-02-05,58,55,-3,2.23,0.6691,0.0017,Medium,0,1,0.5639855426002192,Medium,2748,56.4
PO018727,SUP002,P00191,LandingGear,20,22029.4,SITE04,2023-09-18,2023-11-13,2023-11-18,56,61,5,2.51,0.6933,0.0011,Medium,1,1,0.5639200478229139,Medium,2749,56.39
PO016544,SUP023,P00167,Avionics,16,5828.48,SITE06,2024-07-29,2024-09-28,2024-10-01,61,64,3,2.63,0.7353,0.0036,Medium,1,1,0.5639081290673802,Medium,2750,56.39
PO005012,SUP027,P00052,Electrical,19,22345.33,SITE04,2024-10-28,2024-11-25,2024-11-28,28,31,3,2.46,0.6921,0.0009,Medium,1,1,0.5638195991032434,Medium,2751,56.38
PO005232,SUP030,P00055,Structure,4,17418.36,SITE04,2024-02-05,2024-03-09,2024-03-10,33,34,1,1.17,0.4229,0.0007,Low,1,1,0.5637903346966495,Medium,2752,56.38
PO004398,SUP019,P00045,Fasteners,25,101128.75,SITE06,2023-12-25,2024-01-19,2024-01-19,25,25,0,1.15,0.4131,0.0021,Low,0,1,0.5637409238761899,Medium,2753,56.37
PO007068,SUP007,P00071,Avionics,12,16671.36,SITE04,2024-05-27,2024-07-03,2024-06-30,37,34,-3,1.3,0.4708,0.0001,Low,0,1,0.5636932379642707,Medium,2754,56.37
PO021963,SUP012,P00223,Avionics,25,13343.25,SITE02,2022-05-02,2022-06-05,2022-06-04,34,33,-1,0.95,0.391,0.0,Low,0,1,0.5636419174258793,Medium,2755,56.36
PO029321,SUP006,P00298,Avionics,22,6714.4,SITE04,2022-12-26,2023-03-01,2023-03-04,65,68,3,2.46,0.6649,0.0007,Medium,1,1,0.563371758533149,Medium,2756,56.34
PO011464,SUP038,P00116,Cabin,20,58477.4,SITE03,2024-02-05,2024-03-29,2024-04-01,53,56,3,2.29,0.6633,0.0014,Medium,1,1,0.5633367530363297,Medium,2757,56.33
PO016998,SUP019,P00173,Structure,26,25260.3,SITE06,2022-06-13,2022-07-15,2022-07-23,32,40,8,1.24,0.433,0.0,Low,1,1,0.5631766901165065,Medium,2758,56.32
PO000331,SUP040,P00003,Avionics,7,1536.08,SITE03,2022-08-22,2022-10-17,2022-10-19,56,58,2,2.26,0.6553,0.0016,Medium,1,1,0.5631693590981592,Medium,2759,56.32
PO007067,SUP007,P00071,Avionics,12,16671.36,SITE04,2024-05-13,2024-06-18,2024-06-15,36,33,-3,1.29,0.4685,0.0001,Low,0,1,0.5628114155383308,Medium,2760,56.28
PO004966,SUP027,P00052,Electrical,33,38810.31,SITE02,2023-06-05,2023-07-06,2023-07-06,31,31,0,2.52,0.688,0.0004,Medium,0,1,0.5625772802005577,Medium,2761,56.26
PO005778,SUP036,P00059,Cabin,21,24863.37,SITE03,2023-09-18,2023-11-03,2023-11-03,46,46,0,1.15,0.4038,0.0023,Low,0,1,0.5623748442516665,Medium,2762,56.24
PO028428,SUP004,P00289,Structure,36,12831.48,SITE04,2023-10-09,2023-11-12,2023-11-10,34,32,-2,1.18,0.459,0.0007,Low,0,1,0.5622478281462553,Medium,2763,56.22
PO005539,SUP013,P00057,Avionics,40,4727.2,SITE04,2024-01-29,2024-03-20,2024-03-21,51,52,1,2.41,0.689,0.0017,Medium,1,1,0.5620146113000114,Medium,2764,56.2
PO010415,SUP028,P00104,Engine,15,7223.4,SITE04,2024-08-05,2024-09-04,2024-09-03,30,29,-1,1.08,0.4023,0.0009,Low,0,1,0.5619608013327818,Medium,2765,56.2
PO002193,SUP015,P00021,Hydraulics,4,1661.48,SITE03,2022-05-30,2022-07-12,2022-07-13,43,44,1,2.35,0.7719,0.0,Medium,1,1,0.5619305844386098,Medium,2766,56.19
PO020373,SUP011,P00206,Fasteners,5,2464.8,SITE06,2023-06-05,2023-07-13,2023-07-10,38,35,-3,1.16,0.3993,0.0009,Low,0,1,0.5618735593841382,Medium,2767,56.19
PO007418,SUP006,P00076,Structure,11,13303.29,SITE04,2024-07-29,2024-09-24,2024-09-26,57,59,2,2.49,0.6809,0.0011,Medium,1,1,0.561851618633468,Medium,2768,56.19
PO023025,SUP004,P00234,Electrical,8,36879.84,SITE01,2023-11-06,2023-12-04,2023-12-07,28,31,3,1.19,0.4559,0.0006,Low,1,1,0.5615475658514653,Medium,2769,56.15
PO019772,SUP038,P00201,Cabin,17,23032.11,SITE04,2024-12-23,2025-02-16,2025-02-22,55,61,6,2.34,0.6736,0.0014,Medium,1,1,0.5614587283681935,Medium,2770,56.15
PO009319,SUP025,P00092,Avionics,39,10163.4,SITE06,2024-02-05,2024-03-26,2024-03-31,50,55,5,2.53,0.6856,0.0015,Medium,1,1,0.5613391951942803,Medium,2771,56.13
PO001282,SUP036,P00010,Electrical,16,23822.56,SITE06,2023-04-24,2023-05-28,2023-06-02,34,39,5,1.18,0.4278,0.0028,Low,1,1,0.5612935251490553,Medium,2772,56.13
PO020723,SUP005,P00212,Fasteners,21,22279.74,SITE02,2024-05-06,2024-06-22,2024-06-22,47,47,0,2.4,0.6667,0.0003,Medium,0,1,0.561145257061392,Medium,2773,56.11
PO022922,SUP021,P00232,Engine,4,2679.64,SITE04,2022-11-14,2023-01-21,2023-01-28,68,75,7,2.53,0.7643,0.0009,Medium,1,1,0.5611287928089543,Medium,2774,56.11
PO007678,SUP012,P00078,Electrical,24,39656.64,SITE06,2024-02-19,2024-03-09,2024-03-11,19,21,2,1.0,0.3968,0.0005,Low,1,1,0.5611241204789311,Medium,2775,56.11
PO028552,SUP002,P00290,LandingGear,4,4659.84,SITE06,2022-04-11,2022-05-28,2022-06-01,47,51,4,2.26,0.6883,0.0024,Medium,1,1,0.5610428344951532,Medium,2776,56.1
PO021795,SUP010,P00221,Electrical,18,33484.86,SITE06,2023-01-02,2023-01-25,2023-01-22,23,20,-3,1.4,0.4615,0.0005,Low,0,1,0.5609829173329175,Medium,2777,56.1
PO009070,SUP039,P00090,Avionics,10,2837.5,SITE03,2024-04-22,2024-05-28,2024-05-29,36,37,1,2.37,0.6725,0.0025,Medium,1,1,0.5609800378011369,Medium,2778,56.1
PO001935,SUP027,P00018,Cabin,23,26527.97,SITE04,2023-08-07,2023-09-17,2023-09-19,41,43,2,2.5,0.6896,0.0004,Medium,1,1,0.5608777832595689,Medium,2779,56.09
PO007625,SUP012,P00078,Electrical,10,16523.6,SITE04,2023-05-08,2023-05-25,2023-05-25,17,17,0,1.01,0.4011,0.0005,Low,0,1,0.5607847221765965,Medium,2780,56.08
PO020357,SUP011,P00206,Fasteners,4,1971.84,SITE05,2023-04-03,2023-05-14,2023-05-13,41,40,-1,1.1,0.382,0.0003,Low,0,1,0.5607781431531431,Medium,2781,56.08
PO023804,SUP008,P00243,LandingGear,5,92390.0,SITE06,2022-07-25,2022-08-16,2022-08-17,22,23,1,1.22,0.44,0.0,Low,1,1,0.5607028673044812,Medium,2782,56.07
PO006018,SUP014,P00060,Cabin,57,31155.63,SITE04,2024-08-19,2024-10-13,2024-10-17,55,59,4,2.47,0.6889,0.0007,Medium,1,1,0.5606839649199366,Medium,2783,56.07
PO008473,SUP009,P00084,Avionics,5,3491.85,SITE06,2024-07-15,2024-09-11,2024-09-12,58,59,1,2.27,0.6823,0.0015,Medium,1,1,0.5606050020849445,Medium,2784,56.06
PO029525,SUP003,P00299,Fasteners,32,22159.04,SITE06,2022-10-10,2022-11-23,2022-11-28,44,49,5,2.16,0.6039,0.0,Medium,1,1,0.5603373230332023,Medium,2785,56.03
PO012216,SUP029,P00123,Cabin,23,69016.79,SITE02,2022-12-19,2023-02-02,2023-02-02,45,45,0,1.12,0.4085,0.0008,Low,0,1,0.5603063032279476,Medium,2786,56.03
PO001550,SUP040,P00014,Hydraulics,7,1316.7,SITE04,2023-06-05,2023-07-21,2023-07-22,46,47,1,2.25,0.6542,0.002,Medium,1,1,0.5602194182757799,Medium,2787,56.02
PO027301,SUP013,P00277,Electrical,34,41846.18,SITE04,2022-05-09,2022-06-26,2022-06-29,48,51,3,2.15,0.6475,0.001,Medium,1,1,0.5601719554792093,Medium,2788,56.02
PO011101,SUP025,P00112,Hydraulics,7,1587.11,SITE05,2022-09-05,2022-10-24,2022-11-01,49,57,8,2.47,0.6639,0.0016,Medium,1,1,0.5600927373232093,Medium,2789,56.01
PO003962,SUP017,P00041,Fasteners,3,2102.34,SITE03,2022-10-10,2022-11-03,2022-11-05,24,26,2,1.12,0.419,0.0005,Low,1,1,0.5600121697541292,Medium,2790,56.0
PO004573,SUP011,P00047,Avionics,4,701.52,SITE01,2023-06-26,2023-08-15,2023-08-17,50,52,2,1.17,0.3993,0.0009,Low,1,1,0.5599772135216908,Medium,2791,56.0
PO015037,SUP025,P00151,Hydraulics,23,22300.57,SITE06,2023-01-02,2023-02-18,2023-02-23,47,52,5,2.48,0.6557,0.0009,Medium,1,1,0.5599508222018649,Medium,2792,56.0
PO018137,SUP016,P00184,Avionics,18,7631.82,SITE06,2024-04-01,2024-05-10,2024-05-11,39,40,1,2.46,0.6756,0.0032,Medium,1,1,0.5599282333170157,Medium,2793,55.99
PO007682,SUP012,P00078,Electrical,16,26437.76,SITE06,2024-05-13,2024-05-31,2024-06-01,18,19,1,1.02,0.4066,0.0006,Low,1,1,0.5599104119596932,Medium,2794,55.99
PO006333,SUP032,P00064,Structure,11,19951.36,SITE02,2022-10-03,2022-11-01,2022-10-31,29,28,-1,0.94,0.4196,0.0009,Low,0,1,0.5597080676929965,Medium,2795,55.97
PO006213,SUP007,P00063,Avionics,6,2156.7,SITE03,2022-09-05,2022-10-09,2022-10-07,34,32,-2,1.34,0.4639,0.0,Low,0,1,0.559607692681985,Medium,2796,55.96
PO015560,SUP011,P00156,Cabin,25,97108.0,SITE06,2023-10-09,2023-11-20,2023-11-25,42,47,5,1.24,0.4054,0.0012,Low,1,1,0.5595761686866955,Medium,2797,55.96
PO026228,SUP036,P00268,Cabin,32,13676.8,SITE04,2023-05-29,2023-07-13,2023-07-17,45,49,4,1.18,0.4228,0.0029,Low,1,1,0.5595209696625759,Medium,2798,55.95
PO026463,SUP006,P00270,Electrical,10,32958.1,SITE01,2023-11-06,2023-12-25,2023-12-28,49,52,3,2.49,0.6667,0.0011,Medium,1,1,0.5593845684816272,Medium,2799,55.94
PO002690,SUP016,P00027,Avionics,6,5104.38,SITE03,2023-09-04,2023-10-18,2023-10-23,44,49,5,2.44,0.6667,0.0036,Medium,1,1,0.5593221169684173,Medium,2800,55.93
PO017660,SUP028,P00179,Electrical,1,644.05,SITE05,2022-10-31,2022-11-13,2022-11-18,13,18,5,0.94,0.3765,0.0008,Low,1,1,0.5593032704083605,Medium,2801,55.93
PO002723,SUP016,P00027,Avionics,20,17014.6,SITE04,2024-07-01,2024-08-17,2024-08-14,47,44,-3,2.51,0.6748,0.0028,Medium,0,1,0.559187275790432,Medium,2802,55.92
PO018217,SUP019,P00185,Hydraulics,6,2204.88,SITE06,2022-03-21,2022-04-15,2022-04-14,25,24,-1,1.37,0.4423,0.0,Low,0,1,0.5591829491146082,Medium,2803,55.92
PO000239,SUP028,P00002,Cabin,40,26833.6,SITE05,2024-04-15,2024-05-19,2024-05-22,34,37,3,1.08,0.4066,0.0009,Low,1,1,0.558943866533197,Medium,2804,55.89
PO010941,SUP036,P00110,Fasteners,4,50235.16,SITE03,2022-12-19,2023-01-29,2023-01-29,41,41,0,1.2,0.4218,0.004,Low,0,1,0.5589195670059453,Medium,2805,55.89
PO027699,SUP003,P00280,Cabin,22,31629.4,SITE06,2023-04-03,2023-05-22,2023-05-25,49,52,3,2.29,0.6426,0.0,Medium,1,1,0.5588563712427388,Medium,2806,55.89
PO019091,SUP025,P00194,Structure,32,11786.88,SITE06,2022-04-18,2022-05-20,2022-05-20,32,32,0,2.6,0.6538,0.0026,Medium,0,1,0.5586307897665829,Medium,2807,55.86
PO005969,SUP014,P00060,Cabin,26,14211.34,SITE03,2023-06-19,2023-08-10,2023-08-11,52,53,1,2.41,0.6953,0.0009,Medium,1,1,0.5586302427599011,Medium,2808,55.86
PO024413,SUP013,P00251,Hydraulics,2,3942.38,SITE03,2022-12-12,2023-01-27,2023-01-27,46,46,0,2.43,0.6831,0.001,Medium,0,1,0.5585094131772224,Medium,2809,55.85
PO026020,SUP009,P00267,Cabin,91,19827.99,SITE04,2023-04-24,2023-06-19,2023-06-19,56,56,0,2.3,0.6944,0.0009,Medium,0,1,0.5585022818772951,Medium,2810,55.85
PO002492,SUP030,P00025,Structure,12,5397.6,SITE06,2024-06-17,2024-07-30,2024-07-28,43,41,-2,1.21,0.4269,0.0009,Low,0,1,0.5584473193563823,Medium,2811,55.84
PO003802,SUP026,P00040,Structure,22,3663.22,SITE02,2023-04-10,2023-06-17,2023-06-24,68,75,7,2.35,0.6949,0.001,Medium,1,1,0.5583302997758433,Medium,2812,55.83
PO024688,SUP037,P00255,Fasteners,5,5737.05,SITE03,2023-07-24,2023-08-27,2023-08-27,34,34,0,1.17,0.4283,0.0012,Low,0,1,0.5583148990493869,Medium,2813,55.83
PO012505,SUP018,P00125,Avionics,4,5960.04,SITE06,2024-08-26,2024-10-12,2024-10-17,47,52,5,2.23,0.6832,0.0015,Medium,1,1,0.5580838882677717,Medium,2814,55.81
PO012714,SUP014,P00128,Fasteners,8,8819.6,SITE01,2023-03-13,2023-04-30,2023-04-27,48,45,-3,2.39,0.7015,0.0008,Medium,0,1,0.5580723481311716,Medium,2815,55.81
PO016861,SUP002,P00171,Structure,4,3909.52,SITE06,2024-08-19,2024-10-11,2024-10-15,53,57,4,2.54,0.7072,0.001,Medium,1,1,0.5580691109859992,Medium,2816,55.81
PO011956,SUP035,P00121,Avionics,61,18077.35,SITE04,2022-07-18,2022-08-07,2022-08-04,20,17,-3,1.48,0.4677,0.0,Low,0,1,0.5580174791934793,Medium,2817,55.8
PO015146,SUP026,P00153,Fasteners,10,22612.9,SITE05,2022-10-17,2022-12-27,2022-12-29,71,73,2,2.35,0.701,0.0009,Medium,1,1,0.5580104477394566,Medium,2818,55.8
PO017301,SUP034,P00176,Fasteners,4,2402.76,SITE02,2023-10-09,2023-11-27,2023-11-29,49,51,2,1.19,0.4514,0.0017,Low,1,1,0.557980220928497,Medium,2819,55.8
PO027540,SUP003,P00280,Cabin,11,15814.7,SITE01,2022-08-15,2022-10-05,2022-10-05,51,51,0,2.08,0.6083,0.0,Medium,0,1,0.5578845859917281,Medium,2820,55.79
PO005280,SUP027,P00056,Cabin,3,3474.75,SITE01,2024-12-16,2025-01-30,2025-02-02,45,48,3,2.43,0.6857,0.0011,Medium,1,1,0.5578544801456699,Medium,2821,55.79
PO020528,SUP009,P00209,Avionics,7,1494.43,SITE04,2023-08-28,2023-10-17,2023-10-19,50,52,2,2.22,0.6811,0.0021,Medium,1,1,0.5578248808436882,Medium,2822,55.78
PO001073,SUP018,P00008,Avionics,25,7241.5,SITE04,2024-01-29,2024-03-16,2024-03-16,47,47,0,2.29,0.6814,0.0012,Medium,0,1,0.5578233660487169,Medium,2823,55.78
PO000530,SUP024,P00005,Cabin,15,19799.4,SITE02,2023-02-27,2023-04-29,2023-05-02,61,64,3,2.32,0.6697,0.0009,Medium,1,1,0.5578232181288012,Medium,2824,55.78
PO000349,SUP040,P00003,Avionics,36,7899.84,SITE04,2022-07-18,2022-09-07,2022-09-09,51,53,2,2.21,0.6466,0.0019,Medium,1,1,0.5570590996875375,Medium,2825,55.71
PO021308,SUP007,P00217,Fasteners,5,3456.4,SITE02,2023-08-07,2023-09-12,2023-09-12,36,36,0,1.34,0.4703,0.0002,Low,0,1,0.5570529419005752,Medium,2826,55.71
PO004399,SUP019,P00045,Fasteners,15,60677.25,SITE06,2024-06-10,2024-07-10,2024-07-13,30,33,3,1.2,0.4322,0.0017,Low,1,1,0.5570340224983815,Medium,2827,55.7
PO005958,SUP014,P00060,Cabin,29,15851.11,SITE03,2022-09-12,2022-11-02,2022-11-03,51,52,1,2.66,0.7437,0.0012,Medium,1,1,0.5568221688336062,Medium,2828,55.68
PO001105,SUP018,P00008,Avionics,7,2027.62,SITE05,2024-12-09,2025-01-23,2025-01-26,45,48,3,2.24,0.6823,0.0014,Medium,1,1,0.5567607681374198,Medium,2829,55.68
PO022695,SUP040,P00230,Avionics,9,2836.89,SITE04,2024-09-30,2024-11-18,2024-11-20,49,51,2,2.29,0.658,0.0016,Medium,1,1,0.55674913813065,Medium,2830,55.67
PO007404,SUP006,P00076,Structure,12,14512.68,SITE04,2022-08-08,2022-10-04,2022-10-08,57,61,4,2.41,0.6579,0.0004,Medium,1,1,0.5567053394678676,Medium,2831,55.67
PO025831,SUP020,P00266,Fasteners,19,25705.67,SITE04,2022-12-12,2023-01-08,2023-01-07,27,26,-1,1.03,0.38,0.0006,Low,0,1,0.5564928667549935,Medium,2832,55.65
PO018203,SUP019,P00185,Hydraulics,9,3307.32,SITE04,2024-12-16,2025-01-12,2025-01-14,27,29,2,1.22,0.4366,0.0014,Low,1,1,0.5564483902410235,Medium,2833,55.64
PO023095,SUP004,P00234,Electrical,17,78369.66,SITE06,2023-09-25,2023-10-23,2023-10-24,28,29,1,1.17,0.4557,0.0007,Low,1,1,0.5564119802418301,Medium,2834,55.64
PO003057,SUP006,P00031,Engine,19,8971.04,SITE04,2024-02-26,2024-04-30,2024-04-29,64,63,-1,2.46,0.6675,0.001,Medium,0,1,0.5563448600960467,Medium,2835,55.63
PO011765,SUP013,P00120,Fasteners,13,17354.09,SITE02,2024-04-29,2024-06-13,2024-06-10,45,42,-3,2.4,0.6868,0.0015,Medium,0,1,0.5562510842073297,Medium,2836,55.63
PO010066,SUP021,P00101,Cabin,21,22435.98,SITE03,2024-12-09,2025-02-19,2025-02-19,72,72,0,2.47,0.7031,0.0011,Medium,0,1,0.5560033742132159,Medium,2837,55.6
PO017689,SUP031,P00180,LandingGear,10,27589.3,SITE01,2024-04-08,2024-05-11,2024-05-13,33,35,2,1.27,0.4316,0.0006,Low,1,1,0.5559145393755802,Medium,2838,55.59
PO001194,SUP036,P00010,Electrical,12,17866.92,SITE01,2023-11-13,2023-12-14,2023-12-11,31,28,-3,1.16,0.4083,0.0021,Low,0,1,0.5555403030623242,Medium,2839,55.55
PO005427,SUP027,P00056,Cabin,17,19690.25,SITE06,2023-07-10,2023-08-23,2023-08-24,44,45,1,2.53,0.6907,0.0005,Medium,1,1,0.5554937428092517,Medium,2840,55.55
PO020767,SUP005,P00212,Fasteners,12,12731.28,SITE04,2024-02-05,2024-03-20,2024-03-25,44,49,5,2.4,0.6591,0.0003,Medium,1,1,0.5554725639920479,Medium,2841,55.55
PO000650,SUP024,P00005,Cabin,39,51478.44,SITE05,2024-12-16,2025-02-14,2025-02-15,60,61,1,2.45,0.6791,0.001,Medium,1,1,0.5553077655546712,Medium,2842,55.53
PO000399,SUP040,P00003,Avionics,7,1536.08,SITE05,2023-10-30,2023-12-14,2023-12-17,45,48,3,2.3,0.656,0.002,Medium,1,1,0.5552222689739997,Medium,2843,55.52
PO021009,SUP024,P00215,Fasteners,8,18294.32,SITE01,2022-12-12,2023-02-08,2023-02-09,58,59,1,2.25,0.6573,0.0011,Medium,1,1,0.5551506379747763,Medium,2844,55.52
PO005549,SUP013,P00057,Avionics,10,1181.8,SITE05,2022-08-22,2022-10-20,2022-10-28,59,67,8,2.24,0.6562,0.0013,Medium,1,1,0.5551313829205236,Medium,2845,55.51
PO016103,SUP009,P00162,LandingGear,33,97286.64,SITE06,2023-09-11,2023-10-19,2023-10-24,38,43,5,2.2,0.6817,0.002,Medium,1,1,0.5550957674591571,Medium,2846,55.51
PO020752,SUP005,P00212,Fasteners,21,22279.74,SITE04,2022-06-20,2022-08-17,2022-08-15,58,56,-2,2.51,0.7051,0.0,Medium,0,1,0.5550842021534858,Medium,2847,55.51
PO023077,SUP004,P00234,Electrical,5,23049.9,SITE05,2022-07-18,2022-08-13,2022-08-14,26,27,1,1.15,0.4623,0.0008,Low,1,1,0.5549548141429722,Medium,2848,55.5
PO018456,SUP008,P00188,Fasteners,3,10228.44,SITE04,2024-05-20,2024-07-02,2024-07-01,43,42,-1,1.13,0.4283,0.0012,Low,0,1,0.5548271397034205,Medium,2849,55.48
PO020082,SUP032,P00204,Fasteners,18,32929.56,SITE04,2022-01-17,2022-02-17,2022-02-15,31,29,-2,1.11,0.6667,0.0,Low,0,1,0.5546433663175578,Medium,2850,55.46
PO008133,SUP037,P00082,Electrical,29,91111.91,SITE06,2022-01-10,2022-02-07,2022-02-07,28,28,0,0.62,0.125,0.0,Low,0,1,0.5546269964104504,Medium,2851,55.46
PO005875,SUP036,P00059,Cabin,26,30783.22,SITE06,2023-09-18,2023-11-06,2023-11-03,49,46,-3,1.14,0.4021,0.0023,Low,0,1,0.5545154676870166,Medium,2852,55.45
PO001934,SUP027,P00018,Cabin,66,76123.74,SITE04,2023-07-17,2023-08-27,2023-08-28,41,42,1,2.52,0.6891,0.0005,Medium,1,1,0.5543859443391278,Medium,2853,55.44
PO004600,SUP011,P00047,Avionics,5,876.9,SITE04,2022-09-12,2022-11-05,2022-11-04,54,53,-1,1.15,0.3939,0.0,Low,0,1,0.5541011824876327,Medium,2854,55.41
PO014790,SUP028,P00149,Fasteners,11,22480.81,SITE04,2024-04-01,2024-04-27,2024-04-29,26,28,2,1.08,0.4053,0.0009,Low,1,1,0.5540499353240623,Medium,2855,55.4
PO009869,SUP040,P00100,Avionics,24,11684.16,SITE04,2022-01-17,2022-03-02,2022-03-01,44,43,-1,2.48,0.68,0.0,Medium,0,1,0.554033899456437,Medium,2856,55.4
PO009586,SUP013,P00095,Engine,11,5993.35,SITE06,2024-09-09,2024-11-10,2024-11-14,62,66,4,2.43,0.6905,0.0015,Medium,1,1,0.5537916002988509,Medium,2857,55.38
PO009002,SUP031,P00089,Cabin,14,17600.94,SITE05,2023-11-20,2024-01-13,2024-01-14,54,55,1,1.27,0.4245,0.0006,Low,1,1,0.5537332296694857,Medium,2858,55.37
PO002249,SUP038,P00022,Hydraulics,4,21716.84,SITE06,2022-07-25,2022-09-12,2022-09-16,49,53,4,2.18,0.6705,0.0008,Medium,1,1,0.5534629917011317,Medium,2859,55.35
PO018307,SUP040,P00186,Fasteners,10,9642.2,SITE06,2023-12-11,2024-01-26,2024-01-29,46,49,3,2.3,0.6564,0.0021,Medium,1,1,0.5533668633337205,Medium,2860,55.34
PO009935,SUP040,P00100,Avionics,23,11197.32,SITE06,2023-01-09,2023-02-22,2023-03-01,44,51,7,2.23,0.6651,0.0023,Medium,1,1,0.5532784325854835,Medium,2861,55.33
PO005739,SUP036,P00059,Cabin,12,14207.64,SITE02,2022-12-12,2023-01-24,2023-01-23,43,42,-1,1.18,0.4248,0.004,Low,0,1,0.5532535749463426,Medium,2862,55.33
PO010413,SUP028,P00104,Engine,10,4815.6,SITE04,2024-05-06,2024-06-01,2024-05-29,26,23,-3,1.11,0.4152,0.001,Low,0,1,0.5532436274222869,Medium,2863,55.32
PO017486,SUP010,P00177,Avionics,12,3932.4,SITE06,2022-06-06,2022-07-16,2022-07-18,40,42,2,1.5,0.5149,0.0,Low,1,1,0.5532309871831147,Medium,2864,55.32
PO024206,SUP027,P00248,Avionics,3,780.15,SITE03,2024-07-08,2024-08-23,2024-08-24,46,47,1,2.48,0.6897,0.0009,Medium,1,1,0.5531987619336675,Medium,2865,55.32
PO012895,SUP010,P00130,Structure,3,3168.84,SITE01,2023-08-07,2023-08-27,2023-08-25,20,18,-2,1.35,0.4556,0.0005,Low,0,1,0.5529575869133887,Medium,2866,55.3
PO025748,SUP007,P00265,Hydraulics,6,2382.36,SITE06,2022-10-03,2022-11-06,2022-11-09,34,37,3,1.3,0.4456,0.0,Low,1,1,0.5529230202652698,Medium,2867,55.29
PO021045,SUP024,P00215,Fasteners,7,16007.53,SITE03,2024-01-22,2024-03-24,2024-03-26,62,64,2,2.42,0.6695,0.0012,Medium,1,1,0.5528504809179718,Medium,2868,55.29
PO001271,SUP036,P00010,Electrical,8,11911.28,SITE05,2023-10-02,2023-11-02,2023-10-30,31,28,-3,1.14,0.4062,0.0022,Low,0,1,0.5528314386038101,Medium,2869,55.28
PO005410,SUP027,P00056,Cabin,36,41697.0,SITE06,2022-03-07,2022-04-22,2022-04-30,46,54,8,2.74,0.75,0.0,Medium,1,1,0.5528232845231806,Medium,2870,55.28
PO027708,SUP003,P00280,Cabin,48,69009.6,SITE06,2023-09-04,2023-10-28,2023-10-31,54,57,3,2.22,0.65,0.0002,Medium,1,1,0.5527050252401842,Medium,2871,55.27
PO020616,SUP019,P00211,Fasteners,4,4797.36,SITE02,2023-03-06,2023-04-12,2023-04-11,37,36,-1,1.16,0.4338,0.0016,Low,0,1,0.5526077621650777,Medium,2872,55.26
PO019996,SUP024,P00203,Fasteners,37,48438.92,SITE06,2022-08-01,2022-09-22,2022-09-23,52,53,1,2.26,0.6368,0.0011,Medium,1,1,0.5525320252746663,Medium,2873,55.25
PO015647,SUP019,P00157,LandingGear,26,65092.04,SITE06,2022-04-18,2022-05-15,2022-05-14,27,26,-1,1.27,0.4375,0.0,Low,0,1,0.5524758585536363,Medium,2874,55.25
PO016123,SUP027,P00163,Avionics,16,4718.72,SITE01,2023-01-16,2023-03-03,2023-03-05,46,48,2,2.59,0.7009,0.0005,Medium,1,1,0.5524075221432115,Medium,2875,55.24
PO027619,SUP003,P00280,Cabin,31,44568.7,SITE04,2022-06-06,2022-07-23,2022-07-24,47,48,1,2.28,0.5949,0.0,Medium,1,1,0.5521750379272261,Medium,2876,55.22
PO014357,SUP031,P00144,Fasteners,21,25118.52,SITE04,2023-09-04,2023-10-12,2023-10-13,38,39,1,1.26,0.4176,0.0004,Low,1,1,0.5520525161840686,Medium,2877,55.21
PO003067,SUP006,P00031,Engine,12,5665.92,SITE05,2022-05-09,2022-07-07,2022-07-11,59,63,4,2.59,0.6642,0.0,Medium,1,1,0.5519728843623042,Medium,2878,55.2
PO006200,SUP007,P00063,Avionics,27,9705.15,SITE02,2023-11-27,2024-01-02,2024-01-10,36,44,8,1.26,0.4698,0.0002,Low,1,1,0.5517278733926037,Medium,2879,55.17
PO010295,SUP018,P00103,Fasteners,24,30981.6,SITE04,2022-12-12,2023-01-19,2023-01-19,38,38,0,2.15,0.6774,0.0018,Medium,0,1,0.5515649373073024,Medium,2880,55.16
PO022462,SUP001,P00227,LandingGear,9,6653.43,SITE02,2024-08-12,2024-09-20,2024-09-20,39,39,0,1.2,0.4217,0.0005,Low,0,1,0.5514847916439551,Medium,2881,55.15
PO017394,SUP034,P00176,Fasteners,27,16218.63,SITE06,2022-06-27,2022-08-07,2022-08-08,41,42,1,1.37,0.4554,0.0024,Low,1,1,0.5514827942249513,Medium,2882,55.15
PO002760,SUP016,P00027,Avionics,13,11059.49,SITE06,2022-11-14,2022-12-26,2022-12-30,42,46,4,2.23,0.6636,0.0016,Medium,1,1,0.5513813672571919,Medium,2883,55.14
PO027991,SUP004,P00285,Fasteners,12,10950.72,SITE02,2024-08-12,2024-09-20,2024-09-24,39,43,4,1.18,0.4366,0.0007,Low,1,1,0.5513357686675006,Medium,2884,55.13
PO014482,SUP020,P00146,Electrical,4,17060.72,SITE02,2024-03-18,2024-03-31,2024-03-30,13,12,-1,1.04,0.3899,0.001,Low,0,1,0.5512221326431853,Medium,2885,55.12
PO028353,SUP031,P00288,Electrical,19,18361.98,SITE06,2023-07-17,2023-08-08,2023-08-06,22,20,-2,1.23,0.4104,0.0005,Low,0,1,0.5511095960929886,Medium,2886,55.11
PO016928,SUP019,P00173,Structure,8,7772.4,SITE02,2024-04-01,2024-05-03,2024-04-30,32,29,-3,1.18,0.4327,0.0017,Low,0,1,0.5508348900458666,Medium,2887,55.08
PO005959,SUP014,P00060,Cabin,35,19130.65,SITE03,2022-09-26,2022-11-22,2022-11-19,57,54,-3,2.6,0.744,0.0011,Medium,0,1,0.550820768017777,Medium,2888,55.08
PO013084,SUP037,P00132,Fasteners,16,15196.0,SITE05,2022-09-12,2022-10-16,2022-10-17,34,35,1,1.25,0.4569,0.0022,Low,1,1,0.5506904327202693,Medium,2889,55.07
PO011489,SUP038,P00116,Cabin,28,81868.36,SITE04,2023-03-20,2023-05-13,2023-05-22,54,63,9,2.26,0.6606,0.0008,Medium,1,1,0.5506886317291708,Medium,2890,55.07
PO012365,SUP020,P00124,Electrical,11,11205.92,SITE02,2022-08-15,2022-08-31,2022-08-31,16,16,0,1.03,0.3723,0.0009,Low,0,1,0.5505707970664145,Medium,2891,55.06
PO020169,SUP010,P00205,LandingGear,11,10191.17,SITE01,2022-04-11,2022-05-08,2022-05-08,27,27,0,1.79,0.5833,0.0,Low,0,1,0.5504226542633364,Medium,2892,55.04
PO007835,SUP027,P00080,Cabin,12,31746.24,SITE02,2022-12-05,2023-01-17,2023-01-22,43,48,5,2.61,0.7023,0.0004,Medium,1,1,0.5503743734467833,Medium,2893,55.04
PO003898,SUP026,P00040,Structure,37,6160.87,SITE06,2022-07-18,2022-09-11,2022-09-08,55,52,-3,2.65,0.7574,0.0008,Medium,0,1,0.5502687051011985,Medium,2894,55.03
PO024156,SUP015,P00247,Electrical,3,29170.68,SITE02,2024-07-22,2024-09-01,2024-09-08,41,48,7,2.59,0.7119,0.0018,Medium,1,1,0.5500816593281932,Medium,2895,55.01
PO007620,SUP012,P00078,Electrical,16,26437.76,SITE04,2022-11-28,2022-12-14,2022-12-16,16,18,2,0.92,0.3789,0.0005,Low,1,1,0.5500775635596242,Medium,2896,55.01
PO016855,SUP002,P00171,Structure,3,2932.14,SITE06,2023-08-07,2023-10-04,2023-10-01,58,55,-3,2.49,0.6929,0.0011,Medium,0,1,0.549985312921181,Medium,2897,55.0
PO016045,SUP009,P00162,LandingGear,8,23584.64,SITE03,2024-08-12,2024-09-14,2024-09-17,33,36,3,2.29,0.6895,0.0015,Medium,1,1,0.5498826230576254,Medium,2898,54.99
PO013280,SUP037,P00134,Hydraulics,14,5153.68,SITE06,2022-06-06,2022-07-06,2022-07-03,30,27,-3,1.15,0.4237,0.0,Low,0,1,0.5497677286906437,Medium,2899,54.98
PO029345,SUP006,P00298,Avionics,9,2746.8,SITE05,2022-06-13,2022-08-19,2022-08-20,67,68,1,2.47,0.6592,0.0,Medium,1,1,0.5497319657218368,Medium,2900,54.97
PO000635,SUP024,P00005,Cabin,17,22439.32,SITE05,2023-10-09,2023-12-06,2023-12-12,58,64,6,2.41,0.6693,0.0014,Medium,1,1,0.5495959513088208,Medium,2901,54.96
PO009999,SUP021,P00101,Cabin,16,17094.08,SITE02,2022-01-31,2022-04-04,2022-04-04,63,63,0,2.92,0.6667,0.0,Medium,0,1,0.5492953112950625,Medium,2902,54.93
PO029053,SUP007,P00296,Fasteners,5,3603.15,SITE03,2022-04-11,2022-05-09,2022-05-10,28,29,1,1.33,0.4328,0.0,Low,1,1,0.5491979737285508,Medium,2903,54.92
PO024004,SUP009,P00245,LandingGear,32,39851.2,SITE06,2023-08-28,2023-10-10,2023-10-15,43,48,5,2.22,0.6819,0.0021,Medium,1,1,0.5491214498857742,Medium,2904,54.91
PO025949,SUP009,P00267,Cabin,21,4575.69,SITE02,2022-05-16,2022-07-22,2022-07-21,67,66,-1,2.22,0.6897,0.0,Medium,0,1,0.549037280505924,Medium,2905,54.9
PO010376,SUP028,P00104,Engine,16,7704.96,SITE01,2023-06-19,2023-07-15,2023-07-16,26,27,1,0.97,0.393,0.0011,Low,1,1,0.5489958399132473,Medium,2906,54.9
PO011541,SUP038,P00116,Cabin,53,154965.11,SITE06,2022-10-31,2022-12-24,2022-12-25,54,55,1,2.21,0.6606,0.001,Medium,1,1,0.5488264695535622,Medium,2907,54.88
PO007982,SUP037,P00081,Electrical,18,62727.84,SITE01,2022-06-13,2022-07-07,2022-07-05,24,22,-2,1.14,0.4202,0.0,Low,0,1,0.5487401935848147,Medium,2908,54.87
PO014313,SUP031,P00144,Fasteners,8,9568.96,SITE02,2022-11-07,2022-12-12,2022-12-11,35,34,-1,1.12,0.3839,0.0005,Low,0,1,0.5485369712433995,Medium,2909,54.85
PO005432,SUP027,P00056,Cabin,43,49804.75,SITE06,2023-11-27,2024-01-13,2024-01-22,47,56,9,2.5,0.6899,0.0006,Medium,1,1,0.5482694810248793,Medium,2910,54.83
PO020333,SUP011,P00206,Fasteners,1,492.96,SITE03,2024-11-18,2024-12-24,2024-12-22,36,34,-2,1.23,0.4247,0.0008,Low,0,1,0.5482186637410889,Medium,2911,54.82
PO012206,SUP029,P00123,Cabin,10,30007.3,SITE01,2024-11-18,2025-01-07,2025-01-07,50,50,0,1.2,0.4321,0.0009,Low,0,1,0.5482024245685918,Medium,2912,54.82
PO020468,SUP036,P00208,Hydraulics,2,5619.08,SITE04,2023-02-06,2023-03-17,2023-03-23,39,45,6,1.17,0.4222,0.0034,Low,1,1,0.5481099178599177,Medium,2913,54.81
PO017517,SUP006,P00178,Fasteners,10,8390.9,SITE01,2024-06-24,2024-08-27,2024-08-31,64,68,4,2.51,0.6781,0.001,Medium,1,1,0.5481086057622675,Medium,2914,54.81
PO025003,SUP038,P00257,Cabin,15,15868.05,SITE05,2024-11-25,2025-01-11,2025-01-13,47,49,2,2.33,0.6727,0.0014,Medium,1,1,0.5479905414956918,Medium,2915,54.8
PO013629,SUP040,P00138,LandingGear,7,16655.87,SITE03,2022-10-24,2022-11-24,2022-11-21,31,28,-3,2.22,0.6599,0.0015,Medium,0,1,0.5479323124597109,Medium,2916,54.79
PO015503,SUP011,P00156,Cabin,15,58264.8,SITE04,2023-12-25,2024-02-11,2024-02-10,48,47,-1,1.25,0.4213,0.0012,Low,0,1,0.5477486183781509,Medium,2917,54.77
PO000629,SUP024,P00005,Cabin,14,18479.44,SITE05,2023-05-08,2023-07-07,2023-07-06,60,59,-1,2.35,0.6693,0.0011,Medium,0,1,0.5474645882286694,Medium,2918,54.75
PO013494,SUP038,P00137,Fasteners,10,7941.1,SITE02,2024-02-26,2024-04-14,2024-04-15,48,49,1,2.3,0.6648,0.0014,Medium,1,1,0.5473833997664524,Medium,2919,54.74
PO005228,SUP030,P00055,Structure,5,21772.95,SITE04,2023-02-27,2023-04-07,2023-04-07,39,39,0,1.18,0.4237,0.0005,Low,0,1,0.5470911960761009,Medium,2920,54.71
PO011350,SUP008,P00115,Cabin,26,76913.98,SITE05,2023-07-24,2023-09-10,2023-09-09,48,47,-1,1.22,0.4334,0.0011,Low,0,1,0.5470272379552565,Medium,2921,54.7
PO006614,SUP031,P00067,LandingGear,15,11823.0,SITE04,2024-01-15,2024-02-10,2024-02-08,26,24,-2,1.26,0.4299,0.0005,Low,0,1,0.5469474873039308,Medium,2922,54.69
PO020228,SUP010,P00205,LandingGear,15,13897.05,SITE04,2022-07-18,2022-08-08,2022-08-14,21,27,6,1.38,0.5,0.0,Low,1,1,0.5469013878032285,Medium,2923,54.69
PO008806,SUP022,P00087,Fasteners,7,38997.77,SITE06,2023-06-26,2023-07-21,2023-07-21,25,25,0,1.09,0.4194,0.0004,Low,0,1,0.5468732723237728,Medium,2924,54.69
PO017292,SUP034,P00176,Fasteners,6,3604.14,SITE02,2023-01-02,2023-02-21,2023-02-22,50,51,1,1.19,0.4515,0.002,Low,1,1,0.5467423533198187,Medium,2925,54.67
PO013299,SUP037,P00134,Hydraulics,10,3681.2,SITE06,2024-01-08,2024-02-08,2024-02-11,31,34,3,1.21,0.4402,0.001,Low,1,1,0.5466635971993932,Medium,2926,54.67
PO026108,SUP009,P00267,Cabin,66,14380.74,SITE06,2024-03-25,2024-05-23,2024-05-20,59,56,-3,2.21,0.6701,0.0016,Medium,0,1,0.5466537550029513,Medium,2927,54.67
PO010617,SUP022,P00107,Engine,7,8227.94,SITE04,2023-09-11,2023-10-20,2023-10-18,39,37,-2,1.15,0.4306,0.0004,Low,0,1,0.5460150970064758,Medium,2928,54.6
PO011188,SUP018,P00114,LandingGear,3,11969.88,SITE03,2024-03-25,2024-04-28,2024-04-26,34,32,-2,2.26,0.6847,0.0011,Medium,0,1,0.5460020107982502,Medium,2929,54.6
PO003798,SUP026,P00040,Structure,4,666.04,SITE02,2022-03-14,2022-05-16,2022-05-19,63,66,3,2.32,0.717,0.0,Medium,1,1,0.54588836077054,Medium,2930,54.59
PO008964,SUP031,P00089,Cabin,12,15086.52,SITE03,2023-12-11,2024-02-05,2024-02-06,56,57,1,1.27,0.4308,0.0006,Low,1,1,0.5458576198405019,Medium,2931,54.59
PO028908,SUP014,P00295,Structure,7,2241.47,SITE01,2023-01-23,2023-02-23,2023-02-21,31,29,-2,2.48,0.7138,0.0007,Medium,0,1,0.5458274127386371,Medium,2932,54.58
PO018189,SUP019,P00185,Hydraulics,13,4777.24,SITE04,2023-09-04,2023-10-02,2023-09-30,28,26,-2,1.15,0.4213,0.0014,Low,0,1,0.5457865911614396,Medium,2933,54.58
PO003376,SUP037,P00036,Structure,7,5985.35,SITE02,2022-07-18,2022-08-23,2022-08-28,36,41,5,1.15,0.4207,0.0,Low,1,1,0.5457552146247799,Medium,2934,54.58
PO007113,SUP007,P00071,Avionics,23,31953.44,SITE06,2024-11-11,2024-12-11,2024-12-09,30,28,-2,1.31,0.4684,0.0001,Low,0,1,0.5456801048476317,Medium,2935,54.57
PO002506,SUP030,P00026,Fasteners,11,12044.67,SITE01,2023-01-23,2023-02-22,2023-02-27,30,35,5,1.18,0.4223,0.0005,Low,1,1,0.5455772939036099,Medium,2936,54.56
PO024932,SUP038,P00257,Cabin,25,26446.75,SITE03,2024-07-29,2024-09-28,2024-09-29,61,62,1,2.34,0.6715,0.0013,Medium,1,1,0.5455673199612607,Medium,2937,54.56
PO020438,SUP020,P00207,Fasteners,8,5213.84,SITE06,2023-02-20,2023-03-22,2023-03-22,30,30,0,1.04,0.386,0.0005,Low,0,1,0.5452974239282452,Medium,2938,54.53
PO007865,SUP027,P00080,Cabin,3,7936.56,SITE03,2022-09-05,2022-10-19,2022-10-18,44,43,-1,2.66,0.7108,0.0003,Medium,0,1,0.5452271328741917,Medium,2939,54.52
PO022716,SUP040,P00230,Avionics,3,945.63,SITE06,2024-09-16,2024-11-08,2024-11-07,53,52,-1,2.28,0.6594,0.0016,Medium,0,1,0.545218155031097,Medium,2940,54.52
PO001600,SUP019,P00015,Engine,2,6006.86,SITE01,2024-04-01,2024-05-10,2024-05-12,39,41,2,1.17,0.4305,0.0017,Low,1,1,0.5451652348282784,Medium,2941,54.52
PO023263,SUP040,P00238,Cabin,18,12582.18,SITE03,2022-10-31,2022-12-19,2022-12-18,49,48,-1,2.24,0.6629,0.0015,Medium,0,1,0.5451349103396363,Medium,2942,54.51
PO005036,SUP027,P00052,Electrical,31,36458.17,SITE06,2023-05-01,2023-05-23,2023-05-20,22,19,-3,2.55,0.6905,0.0004,Medium,0,1,0.545115765232938,Medium,2943,54.51
PO024958,SUP038,P00257,Cabin,64,67703.68,SITE04,2024-01-01,2024-02-26,2024-03-01,56,60,4,2.27,0.6631,0.0015,Medium,1,1,0.5450733724225548,Medium,2944,54.51
PO024449,SUP013,P00251,Hydraulics,7,13798.33,SITE06,2023-05-08,2023-06-21,2023-06-20,44,43,-1,2.44,0.6804,0.0012,Medium,0,1,0.5447322182070632,Medium,2945,54.47
PO022361,SUP027,P00226,Hydraulics,3,3404.61,SITE01,2022-04-25,2022-06-02,2022-06-04,38,40,2,2.58,0.7194,0.0,Medium,1,1,0.5445709340398914,Medium,2946,54.46
PO020278,SUP010,P00205,LandingGear,31,28720.57,SITE06,2022-05-23,2022-06-19,2022-06-16,27,24,-3,1.5,0.5124,0.0,Low,0,1,0.5445477174389841,Medium,2947,54.45
PO019670,SUP003,P00200,Hydraulics,15,4308.15,SITE06,2023-10-09,2023-11-16,2023-11-26,38,48,10,2.29,0.6587,0.0002,Medium,1,1,0.5445000559402957,Medium,2948,54.45
PO011536,SUP038,P00116,Cabin,21,61401.27,SITE06,2022-06-20,2022-08-18,2022-08-18,59,59,0,2.14,0.6812,0.0,Medium,0,1,0.5444872078729681,Medium,2949,54.45
PO004356,SUP019,P00045,Fasteners,14,56632.1,SITE04,2023-09-04,2023-10-03,2023-09-30,29,26,-3,1.13,0.4162,0.0014,Low,0,1,0.544404943307298,Medium,2950,54.44
PO003489,SUP014,P00037,Electrical,1,6621.05,SITE03,2022-07-18,2022-08-25,2022-08-27,38,40,2,2.77,0.7517,0.0018,Medium,1,1,0.5443958113240079,Medium,2951,54.44
PO011049,SUP025,P00112,Hydraulics,8,1813.84,SITE01,2022-05-09,2022-06-29,2022-07-02,51,54,3,2.44,0.6613,0.0022,Medium,1,1,0.5443581253855228,Medium,2952,54.44
PO025437,SUP030,P00262,Structure,50,20467.5,SITE04,2022-03-14,2022-04-12,2022-04-09,29,26,-3,1.38,0.4512,0.0,Low,0,1,0.5441313383336179,Medium,2953,54.41
PO018174,SUP019,P00185,Hydraulics,2,734.96,SITE03,2023-10-30,2023-11-21,2023-11-21,22,22,0,1.13,0.4161,0.0015,Low,0,1,0.5440510815099706,Medium,2954,54.41
PO020672,SUP019,P00211,Fasteners,18,21588.12,SITE06,2023-02-27,2023-03-31,2023-04-01,32,33,1,1.16,0.4296,0.0012,Low,1,1,0.5440279258681249,Medium,2955,54.4
PO015250,SUP012,P00154,Avionics,11,2546.5,SITE03,2024-02-12,2024-03-14,2024-03-14,31,31,0,1.0,0.3971,0.0005,Low,0,1,0.5436243181380596,Medium,2956,54.36
PO023933,SUP009,P00245,LandingGear,5,6226.75,SITE03,2023-06-26,2023-08-03,2023-08-07,38,42,4,2.25,0.6879,0.0014,Medium,1,1,0.5434227887045509,Medium,2957,54.34
PO001768,SUP031,P00017,Cabin,3,19387.41,SITE04,2022-11-28,2023-01-10,2023-01-14,43,47,4,1.16,0.3958,0.0004,Low,1,1,0.5434021615237765,Medium,2958,54.34
PO016096,SUP009,P00162,LandingGear,11,32428.88,SITE06,2022-12-26,2023-01-31,2023-02-05,36,41,5,2.28,0.693,0.0013,Medium,1,1,0.5433275533479308,Medium,2959,54.33
PO008197,SUP030,P00083,Fasteners,31,19648.11,SITE02,2023-01-16,2023-02-20,2023-02-17,35,32,-3,1.19,0.4242,0.0006,Low,0,1,0.543250971897586,Medium,2960,54.33
PO023294,SUP040,P00238,Cabin,11,7689.11,SITE04,2022-11-14,2023-01-04,2023-01-03,51,50,-1,2.22,0.6658,0.0014,Medium,0,1,0.5432208952756326,Medium,2961,54.32
PO016745,SUP001,P00170,Structure,12,6101.04,SITE04,2023-04-17,2023-05-27,2023-05-27,40,40,0,1.2,0.4444,0.001,Low,0,1,0.5431559547659313,Medium,2962,54.32
PO000920,SUP040,P00007,Fasteners,4,10660.88,SITE03,2024-02-05,2024-03-24,2024-03-22,48,46,-2,2.26,0.6504,0.0021,Medium,0,1,0.5429657858733861,Medium,2963,54.3
PO008546,SUP039,P00085,Cabin,9,51364.89,SITE06,2023-03-27,2023-05-22,2023-05-24,56,58,2,2.67,0.7063,0.0,Medium,1,1,0.5429569069666701,Medium,2964,54.3
PO005627,SUP001,P00058,Hydraulics,3,4717.47,SITE03,2024-01-01,2024-02-06,2024-02-06,36,36,0,1.22,0.4215,0.0006,Low,0,1,0.542902858812373,Medium,2965,54.29
PO015331,SUP012,P00154,Avionics,20,4630.0,SITE06,2023-05-08,2023-06-09,2023-06-12,32,35,3,1.01,0.4004,0.0005,Low,1,1,0.5427512893786625,Medium,2966,54.28
PO026195,SUP036,P00268,Cabin,6,2564.4,SITE03,2023-10-09,2023-11-26,2023-11-30,48,52,4,1.14,0.4045,0.0022,Low,1,1,0.5426959961370145,Medium,2967,54.27
PO019528,SUP026,P00199,Cabin,28,30479.4,SITE04,2022-09-12,2022-11-23,2022-11-22,72,71,-1,2.49,0.7238,0.0005,Medium,0,1,0.5425824043704087,Medium,2968,54.26
PO011950,SUP035,P00121,Avionics,50,14817.5,SITE04,2022-02-28,2022-03-30,2022-03-27,30,27,-3,1.48,0.4138,0.0,Low,0,1,0.5425598400231644,Medium,2969,54.26
PO018136,SUP016,P00184,Avionics,15,6359.85,SITE06,2024-03-04,2024-04-19,2024-04-17,46,44,-2,2.44,0.6667,0.0033,Medium,0,1,0.5423884811498925,Medium,2970,54.24
PO028174,SUP035,P00287,Cabin,11,22734.25,SITE02,2023-09-25,2023-10-31,2023-11-06,36,42,6,1.25,0.4242,0.0023,Low,1,1,0.5423854956073486,Medium,2971,54.24
PO014880,SUP010,P00150,Fasteners,24,50013.36,SITE02,2024-07-15,2024-08-13,2024-08-15,29,31,2,1.29,0.4349,0.0007,Low,1,1,0.5422266549763052,Medium,2972,54.22
PO008965,SUP031,P00089,Cabin,28,35201.88,SITE03,2023-12-18,2024-02-05,2024-02-04,49,48,-1,1.25,0.4269,0.0006,Low,0,1,0.5421174524857041,Medium,2973,54.21
PO008690,SUP022,P00086,Cabin,10,13046.3,SITE05,2022-03-07,2022-04-18,2022-04-15,42,39,-3,0.71,0.3137,0.0,Low,0,1,0.5420337820612944,Medium,2974,54.2
PO010259,SUP018,P00103,Fasteners,13,16781.7,SITE02,2024-06-17,2024-07-31,2024-07-28,44,41,-3,2.25,0.6882,0.0015,Medium,0,1,0.5419933318829744,Medium,2975,54.2
PO029016,SUP014,P00295,Structure,26,8325.46,SITE06,2024-01-29,2024-03-02,2024-03-03,33,34,1,2.44,0.6891,0.0007,Medium,1,1,0.5418721792213624,Medium,2976,54.19
PO022690,SUP040,P00230,Avionics,6,1891.26,SITE04,2023-12-11,2024-01-29,2024-02-05,49,56,7,2.3,0.6552,0.0021,Medium,1,1,0.5418595421946834,Medium,2977,54.19
PO015328,SUP012,P00154,Avionics,15,3472.5,SITE06,2023-01-23,2023-02-21,2023-02-20,29,28,-1,0.94,0.3873,0.0006,Low,0,1,0.5418022070118599,Medium,2978,54.18
PO007718,SUP012,P00079,Electrical,9,11994.3,SITE02,2024-09-23,2024-10-12,2024-10-09,19,16,-3,1.08,0.4151,0.0006,Low,0,1,0.5418006028846417,Medium,2979,54.18
PO010791,SUP017,P00108,Cabin,18,10830.96,SITE05,2022-05-02,2022-06-06,2022-06-10,35,39,4,1.28,0.4274,0.0,Low,1,1,0.5417511609353713,Medium,2980,54.18
PO011222,SUP008,P00115,Cabin,17,50289.91,SITE01,2022-06-06,2022-07-16,2022-07-13,40,37,-3,1.3,0.4203,0.0,Low,0,1,0.5416860498776603,Medium,2981,54.17
PO013814,SUP030,P00140,Structure,7,1724.17,SITE02,2023-07-10,2023-08-13,2023-08-10,34,31,-3,1.18,0.4199,0.0005,Low,0,1,0.5416060191302127,Medium,2982,54.16
PO012285,SUP029,P00123,Cabin,27,81019.71,SITE04,2023-12-11,2024-01-26,2024-01-24,46,44,-2,1.22,0.4289,0.0009,Low,0,1,0.5414773010284427,Medium,2983,54.15
PO002040,SUP007,P00019,Fasteners,5,14191.25,SITE02,2024-01-15,2024-02-14,2024-02-15,30,31,1,1.27,0.4689,0.0002,Low,1,1,0.5414201129752602,Medium,2984,54.14
PO009410,SUP011,P00094,LandingGear,14,26886.58,SITE02,2022-02-21,2022-03-24,2022-03-22,31,29,-2,1.5,0.4286,0.0,Low,0,1,0.5413560663671072,Medium,2985,54.14
PO004497,SUP018,P00046,Avionics,20,3482.4,SITE04,2024-01-08,2024-02-28,2024-02-29,51,52,1,2.28,0.6825,0.0013,Medium,1,1,0.5413364577679227,Medium,2986,54.13
PO025888,SUP020,P00266,Fasteners,50,67646.5,SITE06,2022-04-04,2022-04-28,2022-04-25,24,21,-3,1.19,0.4762,0.0,Low,0,1,0.5412099806305509,Medium,2987,54.12
PO022250,SUP032,P00225,LandingGear,7,4823.7,SITE01,2023-09-11,2023-10-05,2023-10-08,24,27,3,0.89,0.3463,0.0022,Low,1,1,0.541198839087345,Medium,2988,54.12
PO024034,SUP003,P00246,LandingGear,21,20859.72,SITE01,2023-11-27,2023-12-27,2023-12-29,30,32,2,2.3,0.6625,0.0002,Medium,1,1,0.5411113796989709,Medium,2989,54.11
PO003055,SUP006,P00031,Engine,16,7554.56,SITE04,2024-01-08,2024-03-08,2024-03-05,60,57,-3,2.48,0.672,0.0011,Medium,0,1,0.5410880645498689,Medium,2990,54.11
PO001087,SUP018,P00008,Avionics,6,1737.96,SITE05,2022-01-17,2022-03-11,2022-03-09,53,51,-2,1.5,0.5,0.0,Medium,0,1,0.5409853738787431,Medium,2991,54.1
PO000028,SUP004,P00001,Electrical,3,6970.35,SITE03,2022-05-23,2022-06-20,2022-06-18,28,26,-2,1.15,0.4412,0.0,Low,0,1,0.5407719470192922,Medium,2992,54.08
PO004349,SUP019,P00045,Fasteners,9,36406.35,SITE04,2022-12-05,2022-12-31,2023-01-01,26,27,1,1.18,0.4279,0.0015,Low,1,1,0.5404192016677664,Medium,2993,54.04
PO026960,SUP004,P00274,Avionics,8,1752.56,SITE01,2024-09-30,2024-11-06,2024-11-14,37,45,8,1.14,0.4244,0.0008,Low,1,1,0.540367199479478,Medium,2994,54.04
PO019356,SUP040,P00198,LandingGear,20,23319.0,SITE04,2023-04-17,2023-05-23,2023-05-21,36,34,-2,2.2,0.6541,0.0022,Medium,0,1,0.5403434751153109,Medium,2995,54.03
PO010878,SUP029,P00109,Engine,9,7200.18,SITE03,2023-02-13,2023-04-03,2023-03-31,49,46,-3,1.11,0.4051,0.0007,Low,0,1,0.5401456023609412,Medium,2996,54.01
PO028713,SUP030,P00293,Hydraulics,12,9229.44,SITE04,2024-01-22,2024-03-08,2024-03-08,46,46,0,1.17,0.4235,0.0007,Low,0,1,0.5398897221371692,Medium,2997,53.99
PO028414,SUP004,P00289,Structure,31,11049.33,SITE04,2022-06-27,2022-07-29,2022-08-04,32,38,6,1.09,0.4433,0.001,Low,1,1,0.5397319180018506,Medium,2998,53.97
PO007313,SUP031,P00075,Engine,2,3343.1,SITE01,2024-09-30,2024-11-16,2024-11-19,47,50,3,1.26,0.4384,0.0005,Low,1,1,0.5396585169483296,Medium,2999,53.97
PO025364,SUP010,P00261,Electrical,12,50934.0,SITE06,2024-06-24,2024-07-24,2024-07-22,30,28,-2,1.28,0.4338,0.0006,Low,0,1,0.5395249903285096,Medium,3000,53.95
PO020787,SUP005,P00212,Fasteners,21,22279.74,SITE05,2023-01-16,2023-03-10,2023-03-08,53,51,-2,2.53,0.6968,0.0,Medium,0,1,0.5394759241115925,Medium,3001,53.95
PO015828,SUP015,P00159,Structure,4,1498.24,SITE03,2023-04-24,2023-06-06,2023-06-10,43,47,4,2.32,0.6927,0.0025,Medium,1,1,0.5394424384335758,Medium,3002,53.94
PO012911,SUP010,P00130,Structure,13,13731.64,SITE04,2022-08-08,2022-08-31,2022-08-28,23,20,-3,1.43,0.5,0.0,Low,0,1,0.5394280460756125,Medium,3003,53.94
PO012784,SUP014,P00128,Fasteners,19,20946.55,SITE04,2023-09-11,2023-10-21,2023-10-26,40,45,5,2.47,0.7047,0.0009,Medium,1,1,0.5393549301138013,Medium,3004,53.94
PO027937,SUP001,P00284,Fasteners,10,28275.7,SITE06,2022-03-14,2022-05-03,2022-05-08,50,55,5,1.06,0.4151,0.0,Low,1,1,0.5393332912890654,Medium,3005,53.93
PO019135,SUP036,P00195,LandingGear,6,53103.36,SITE03,2022-03-28,2022-05-04,2022-05-01,37,34,-3,1.13,0.4,0.0,Low,0,1,0.5392208438511549,Medium,3006,53.92
PO025375,SUP030,P00262,Structure,9,3684.15,SITE01,2023-07-17,2023-08-22,2023-08-19,36,33,-3,1.17,0.4177,0.0005,Low,0,1,0.5390927341596506,Medium,3007,53.91
PO011961,SUP035,P00121,Avionics,33,9779.55,SITE04,2022-12-26,2023-01-23,2023-01-20,28,25,-3,1.52,0.469,0.0,Low,0,1,0.5390668624826259,Medium,3008,53.91
PO025135,SUP016,P00259,Fasteners,4,6454.64,SITE01,2023-10-23,2023-12-09,2023-12-13,47,51,4,2.43,0.6653,0.0037,Medium,1,1,0.5390219425414741,Medium,3009,53.9
PO016931,SUP019,P00173,Structure,11,10687.05,SITE02,2024-09-02,2024-10-01,2024-10-07,29,35,6,1.2,0.4307,0.0016,Low,1,1,0.5389254472890496,Medium,3010,53.89
PO014396,SUP031,P00144,Fasteners,20,23922.4,SITE06,2022-04-04,2022-05-14,2022-05-11,40,37,-3,1.28,0.4085,0.0022,Low,0,1,0.538699510313573,Medium,3011,53.87
PO000256,SUP028,P00002,Cabin,165,110688.6,SITE06,2022-08-29,2022-09-30,2022-10-04,32,36,4,0.97,0.3939,0.001,Low,1,1,0.5386054301528345,Medium,3012,53.86
PO001096,SUP018,P00008,Avionics,11,3186.26,SITE05,2023-07-17,2023-09-12,2023-09-11,57,56,-1,2.27,0.693,0.0012,Medium,0,1,0.5383856570565057,Medium,3013,53.84
PO005281,SUP027,P00056,Cabin,17,19690.25,SITE02,2022-01-03,2022-02-22,2022-02-25,50,53,3,3.67,1.0,0.0,Medium,1,1,0.5383374998503676,Medium,3014,53.83
PO022268,SUP032,P00225,LandingGear,5,3445.5,SITE02,2023-09-25,2023-10-17,2023-10-15,22,20,-2,0.91,0.3536,0.0022,Low,0,1,0.5383255805707274,Medium,3015,53.83
PO003084,SUP006,P00031,Engine,6,2832.96,SITE06,2023-03-20,2023-05-22,2023-05-24,63,65,2,2.45,0.6659,0.0007,Medium,1,1,0.5382685231023494,Medium,3016,53.83
PO002851,SUP017,P00028,Engine,10,4719.1,SITE06,2022-08-15,2022-09-16,2022-09-18,32,34,2,1.15,0.4365,0.0,Low,1,1,0.5382263707810583,Medium,3017,53.82
PO027302,SUP013,P00277,Electrical,5,6153.85,SITE04,2022-05-23,2022-07-09,2022-07-07,47,45,-2,2.16,0.651,0.0009,Medium,0,1,0.5381428184436514,Medium,3018,53.81
PO002389,SUP030,P00025,Structure,10,4498.0,SITE03,2022-08-08,2022-09-13,2022-09-15,36,38,2,1.3,0.4557,0.0004,Low,1,1,0.5381273781484843,Medium,3019,53.81
PO027482,SUP022,P00278,Fasteners,25,136147.75,SITE06,2023-08-07,2023-08-27,2023-08-24,20,17,-3,1.13,0.4257,0.0004,Low,0,1,0.5377449473024081,Medium,3020,53.77
PO026704,SUP036,P00272,Avionics,9,1820.34,SITE04,2022-05-30,2022-07-17,2022-07-16,48,47,-1,1.05,0.4054,0.0026,Low,0,1,0.5376000018643206,Medium,3021,53.76
PO019409,SUP040,P00198,LandingGear,10,11659.5,SITE06,2023-12-04,2024-01-13,2024-01-17,40,44,4,2.3,0.6563,0.0019,Medium,1,1,0.5374865665827542,Medium,3022,53.75
PO001872,SUP027,P00018,Cabin,11,12687.29,SITE02,2024-03-18,2024-04-29,2024-04-27,42,40,-2,2.53,0.6947,0.0007,Medium,0,1,0.5374705791253757,Medium,3023,53.75
PO027989,SUP004,P00285,Fasteners,9,8213.04,SITE02,2023-12-25,2024-02-06,2024-02-13,43,50,7,1.19,0.4552,0.0006,Low,1,1,0.5374602000904051,Medium,3024,53.75
PO014455,SUP005,P00145,Hydraulics,4,14435.84,SITE06,2024-04-08,2024-05-24,2024-05-22,46,44,-2,2.4,0.6606,0.0003,Medium,0,1,0.5372448746309877,Medium,3025,53.72
PO010473,SUP022,P00105,Structure,7,2411.99,SITE02,2022-06-13,2022-07-04,2022-07-06,21,23,2,0.96,0.3468,0.0,Low,1,1,0.537054840059226,Medium,3026,53.71
PO010875,SUP029,P00109,Engine,6,4800.12,SITE03,2022-07-11,2022-09-01,2022-09-07,52,58,6,1.27,0.4352,0.0019,Low,1,1,0.5367988948687477,Medium,3027,53.68
PO014169,SUP010,P00143,Avionics,35,9175.6,SITE03,2022-08-15,2022-09-12,2022-09-11,28,27,-1,1.43,0.4947,0.0,Low,0,1,0.5365706433028363,Medium,3028,53.66
PO000618,SUP024,P00005,Cabin,21,27719.16,SITE05,2022-03-14,2022-05-21,2022-05-21,68,68,0,2.46,0.7313,0.0028,Medium,0,1,0.536481719725294,Medium,3029,53.65
PO008180,SUP030,P00083,Fasteners,10,6338.1,SITE01,2024-01-01,2024-02-09,2024-02-10,39,40,1,1.18,0.4232,0.0007,Low,1,1,0.5364762159574452,Medium,3030,53.65
PO015289,SUP012,P00154,Avionics,13,3009.5,SITE04,2024-07-15,2024-08-17,2024-08-16,33,32,-1,1.07,0.4117,0.0007,Low,0,1,0.5364334407599363,Medium,3031,53.64
PO026780,SUP036,P00272,Avionics,30,6067.8,SITE06,2024-04-15,2024-05-31,2024-06-03,46,49,3,1.2,0.4117,0.0017,Low,1,1,0.5363849704676641,Medium,3032,53.64
PO009854,SUP040,P00100,Avionics,11,5355.24,SITE03,2023-11-06,2023-12-17,2023-12-14,41,38,-3,2.31,0.6571,0.0019,Medium,0,1,0.5360554527164979,Medium,3033,53.61
PO009771,SUP029,P00099,Engine,9,10846.17,SITE02,2023-04-03,2023-05-22,2023-05-24,49,51,2,1.14,0.4275,0.0009,Low,1,1,0.5358592385219607,Medium,3034,53.59
PO023953,SUP009,P00245,LandingGear,38,47323.3,SITE04,2023-04-24,2023-06-01,2023-06-06,38,43,5,2.29,0.6958,0.0009,Medium,1,1,0.5355512355452132,Medium,3035,53.56
PO026750,SUP036,P00272,Avionics,16,3236.16,SITE05,2024-03-25,2024-05-23,2024-05-21,59,57,-2,1.2,0.4087,0.0018,Low,0,1,0.5355217520650128,Medium,3036,53.55
PO023395,SUP013,P00239,Structure,13,3550.3,SITE03,2023-04-24,2023-06-10,2023-06-10,47,47,0,2.43,0.6781,0.0011,Medium,0,1,0.5354739012345042,Medium,3037,53.55
PO001621,SUP019,P00015,Engine,4,12013.72,SITE06,2022-08-22,2022-09-28,2022-09-25,37,34,-3,1.14,0.4214,0.0022,Low,0,1,0.535344954179412,Medium,3038,53.53
PO014721,SUP028,P00149,Fasteners,7,14305.97,SITE01,2024-08-19,2024-09-13,2024-09-12,25,24,-1,1.08,0.4026,0.0009,Low,0,1,0.5351547198324389,Medium,3039,53.52
PO017388,SUP034,P00176,Fasteners,10,6006.9,SITE06,2022-01-31,2022-03-14,2022-03-13,42,41,-1,0.82,0.3529,0.0,Low,0,1,0.535123214594524,Medium,3040,53.51
PO012205,SUP029,P00123,Cabin,15,45010.95,SITE01,2024-09-09,2024-10-26,2024-10-28,47,49,2,1.21,0.4307,0.0009,Low,1,1,0.5350805334729629,Medium,3041,53.51
PO024250,SUP027,P00248,Avionics,41,10662.05,SITE06,2023-01-30,2023-03-04,2023-03-05,33,34,1,2.53,0.692,0.0004,Medium,1,1,0.5349789881038725,Medium,3042,53.5
PO019213,SUP038,P00196,Electrical,12,32272.92,SITE04,2023-12-04,2024-01-16,2024-01-19,43,46,3,2.25,0.6593,0.0016,Medium,1,1,0.5349520433162194,Medium,3043,53.5
PO008720,SUP022,P00086,Cabin,19,24787.97,SITE06,2022-01-31,2022-03-07,2022-03-08,35,36,1,1.05,0.5263,0.0,Low,1,1,0.5349075239409367,Medium,3044,53.49
PO025757,SUP007,P00265,Hydraulics,8,3176.48,SITE06,2024-07-15,2024-08-22,2024-08-26,38,42,4,1.29,0.4696,0.0001,Low,1,1,0.5348153590210653,Medium,3045,53.48
PO020215,SUP010,P00205,LandingGear,7,6485.29,SITE03,2023-08-07,2023-08-30,2023-08-30,23,23,0,1.35,0.4551,0.0005,Low,0,1,0.5344937964629487,Medium,3046,53.45
PO002498,SUP030,P00025,Structure,24,10795.2,SITE06,2024-11-11,2024-12-17,2024-12-15,36,34,-2,1.21,0.4254,0.0009,Low,0,1,0.534344376176994,Medium,3047,53.43
PO010240,SUP018,P00103,Fasteners,7,9036.3,SITE01,2024-11-25,2025-01-08,2025-01-11,44,47,3,2.25,0.6835,0.0014,Medium,1,1,0.5343437873115799,Medium,3048,53.43
PO028050,SUP004,P00285,Fasteners,18,16426.08,SITE05,2023-08-21,2023-10-11,2023-10-16,51,56,5,1.17,0.4575,0.0007,Low,1,1,0.5342328924306986,Medium,3049,53.42
PO018422,SUP012,P00187,Structure,14,13316.38,SITE06,2024-08-26,2024-09-21,2024-09-19,26,24,-2,1.09,0.4167,0.0006,Low,0,1,0.5340404319236127,Medium,3050,53.4
PO014549,SUP020,P00146,Electrical,3,12795.54,SITE06,2024-03-04,2024-03-14,2024-03-13,10,9,-1,1.05,0.3927,0.001,Low,0,1,0.533897587886253,Medium,3051,53.39
PO020327,SUP011,P00206,Fasteners,4,1971.84,SITE03,2022-09-19,2022-10-29,2022-10-27,40,38,-2,1.08,0.3732,0.0,Low,0,1,0.5337418963150669,Medium,3052,53.37
PO008743,SUP022,P00086,Cabin,18,23483.34,SITE06,2024-05-06,2024-06-11,2024-06-09,36,34,-2,1.18,0.4471,0.0007,Low,0,1,0.5337320157620464,Medium,3053,53.37
PO027836,SUP010,P00283,LandingGear,2,11861.62,SITE05,2024-12-02,2024-12-17,2024-12-16,15,14,-1,1.27,0.4322,0.0006,Low,0,1,0.5337310906357561,Medium,3054,53.37
PO002254,SUP038,P00022,Hydraulics,5,27146.05,SITE06,2024-05-06,2024-06-29,2024-06-28,54,53,-1,2.31,0.668,0.0013,Medium,0,1,0.5336509347698569,Medium,3055,53.37
PO014772,SUP028,P00149,Fasteners,12,24524.52,SITE04,2022-08-15,2022-09-12,2022-09-09,28,25,-3,1.01,0.4074,0.0011,Low,0,1,0.5336228813477113,Medium,3056,53.36
PO009576,SUP013,P00095,Engine,9,4903.65,SITE06,2022-11-07,2023-01-09,2023-01-11,63,65,2,2.42,0.6792,0.0009,Medium,1,1,0.5335992116221481,Medium,3057,53.36
PO003414,SUP037,P00036,Structure,9,7695.45,SITE04,2022-08-01,2022-09-06,2022-09-07,36,37,1,1.24,0.4348,0.0,Low,1,1,0.533588355219394,Medium,3058,53.36
PO009024,SUP031,P00089,Cabin,15,18858.15,SITE06,2023-02-27,2023-04-14,2023-04-11,46,43,-3,1.15,0.402,0.0003,Low,0,1,0.5335748182551152,Medium,3059,53.36
PO020206,SUP010,P00205,LandingGear,16,14823.52,SITE03,2022-04-04,2022-05-03,2022-05-06,29,32,3,1.81,0.5714,0.0,Low,1,1,0.5334722718801664,Medium,3060,53.35
PO028999,SUP014,P00295,Structure,33,10566.93,SITE06,2022-06-20,2022-07-23,2022-07-24,33,34,1,2.79,0.771,0.0016,Medium,1,1,0.5334488398124083,Medium,3061,53.34
PO013904,SUP030,P00140,Structure,20,4926.2,SITE06,2022-05-30,2022-06-27,2022-06-28,28,29,1,1.36,0.4663,0.0,Low,1,1,0.5333738222629708,Medium,3062,53.34
PO010942,SUP036,P00110,Fasteners,1,12558.79,SITE03,2023-04-10,2023-05-21,2023-05-20,41,40,-1,1.19,0.423,0.0029,Low,0,1,0.533231430119588,Medium,3063,53.32
PO011335,SUP008,P00115,Cabin,94,278073.62,SITE04,2024-08-19,2024-09-27,2024-09-30,39,42,3,1.14,0.4382,0.001,Low,1,1,0.5331487864304596,Medium,3064,53.31
PO017907,SUP005,P00182,Engine,13,4835.74,SITE02,2023-01-02,2023-02-19,2023-02-20,48,49,1,2.5,0.6759,0.0,Medium,1,1,0.5331111217575617,Medium,3065,53.31
PO003947,SUP017,P00041,Fasteners,5,3503.9,SITE02,2022-09-05,2022-10-01,2022-09-29,26,24,-2,1.13,0.428,0.0003,Low,0,1,0.5330855331262941,Medium,3066,53.31
PO022191,SUP028,P00224,Fasteners,19,54298.39,SITE04,2024-08-19,2024-09-14,2024-09-13,26,25,-1,1.08,0.402,0.0009,Low,0,1,0.5330218283367839,Medium,3067,53.3
PO025512,SUP030,P00262,Structure,16,6549.6,SITE06,2024-12-09,2025-01-09,2025-01-10,31,32,1,1.19,0.423,0.0009,Low,1,1,0.5329358110981514,Medium,3068,53.29
PO018045,SUP016,P00184,Avionics,7,2967.93,SITE03,2022-01-03,2022-02-15,2022-02-15,43,43,0,3.0,1.0,0.0,Medium,0,1,0.5326790338234175,Medium,3069,53.27
PO010639,SUP022,P00107,Engine,8,9403.36,SITE06,2023-10-09,2023-11-12,2023-11-15,34,37,3,1.14,0.4321,0.0003,Low,1,1,0.532542906180443,Medium,3070,53.25
PO006791,SUP010,P00068,LandingGear,14,15144.78,SITE06,2023-09-25,2023-10-16,2023-10-16,21,21,0,1.37,0.4615,0.0004,Low,0,1,0.5325013033269067,Medium,3071,53.25
PO022467,SUP001,P00227,LandingGear,8,5914.16,SITE03,2022-01-31,2022-03-09,2022-03-13,37,41,4,1.16,0.4,0.0,Low,1,1,0.5323466738363766,Medium,3072,53.23
PO010876,SUP029,P00109,Engine,9,7200.18,SITE03,2022-09-19,2022-11-03,2022-11-01,45,43,-2,1.15,0.4177,0.0013,Low,0,1,0.532252931164696,Medium,3073,53.23
PO011324,SUP008,P00115,Cabin,80,236658.4,SITE04,2023-08-07,2023-09-16,2023-09-14,40,38,-2,1.21,0.4333,0.0011,Low,0,1,0.5319706932827408,Medium,3074,53.2
PO002009,SUP027,P00018,Cabin,35,40368.65,SITE06,2023-12-11,2024-01-25,2024-01-29,45,49,4,2.52,0.6926,0.0006,Medium,1,1,0.5319492774405816,Medium,3075,53.19
PO015655,SUP019,P00157,LandingGear,30,75106.2,SITE06,2022-12-19,2023-01-11,2023-01-13,23,25,2,1.18,0.4253,0.0015,Low,1,1,0.5318340286639386,Medium,3076,53.18
PO022288,SUP032,P00225,LandingGear,5,3445.5,SITE03,2024-01-01,2024-01-23,2024-01-28,22,27,5,0.96,0.3717,0.0018,Low,1,1,0.5317729166265107,Medium,3077,53.18
PO000325,SUP040,P00003,Avionics,7,1536.08,SITE02,2024-07-29,2024-09-11,2024-09-12,44,45,1,2.29,0.6589,0.0017,Medium,1,1,0.5316935463966197,Medium,3078,53.17
PO014525,SUP020,P00146,Electrical,9,38386.62,SITE05,2022-10-17,2022-10-30,2022-10-27,13,10,-3,1.06,0.381,0.0007,Low,0,1,0.5315888281890906,Medium,3079,53.16
PO011900,SUP035,P00121,Avionics,64,18966.4,SITE02,2022-03-14,2022-04-08,2022-04-10,25,27,2,1.24,0.3684,0.0,Low,1,1,0.5315224199393438,Medium,3080,53.15
PO007505,SUP012,P00077,Fasteners,15,54157.65,SITE04,2022-03-14,2022-04-14,2022-04-16,31,33,2,0.85,0.3827,0.0,Low,1,1,0.5314778306080489,Medium,3081,53.15
PO022238,SUP028,P00224,Fasteners,22,62871.82,SITE06,2024-12-16,2025-01-09,2025-01-11,24,26,2,1.09,0.4117,0.0008,Low,1,1,0.5313869484973572,Medium,3082,53.14
PO028371,SUP004,P00289,Structure,16,5702.88,SITE01,2024-09-16,2024-10-20,2024-10-20,34,34,0,1.15,0.4276,0.0008,Low,0,1,0.5313508057273734,Medium,3083,53.14
PO017640,SUP028,P00179,Electrical,2,1288.1,SITE02,2022-11-07,2022-11-21,2022-11-18,14,11,-3,0.96,0.3834,0.0008,Low,0,1,0.5312870731493023,Medium,3084,53.13
PO019008,SUP025,P00194,Structure,5,1841.7,SITE02,2024-04-22,2024-05-30,2024-06-02,38,41,3,2.51,0.682,0.0013,Medium,1,1,0.5312865027708482,Medium,3085,53.13
PO001320,SUP030,P00011,Fasteners,12,6456.24,SITE02,2022-06-27,2022-08-11,2022-08-11,45,45,0,1.32,0.4645,0.0004,Low,0,1,0.5312592810824968,Medium,3086,53.13
PO017300,SUP034,P00176,Fasteners,10,6006.9,SITE02,2023-08-28,2023-10-07,2023-10-07,40,40,0,1.19,0.4455,0.0018,Low,0,1,0.531091577922653,Medium,3087,53.11
PO002097,SUP007,P00019,Fasteners,28,79471.0,SITE05,2024-07-29,2024-09-01,2024-08-31,34,33,-1,1.3,0.4679,0.0001,Low,0,1,0.5310839972113467,Medium,3088,53.11
PO015591,SUP019,P00157,LandingGear,4,10014.16,SITE02,2022-04-25,2022-05-21,2022-05-18,26,23,-3,1.3,0.4478,0.0,Low,0,1,0.5310364645348338,Medium,3089,53.1
PO013420,SUP034,P00136,LandingGear,6,18590.76,SITE05,2023-10-02,2023-10-29,2023-11-01,27,30,3,1.18,0.4493,0.0017,Low,1,1,0.5310029562733553,Medium,3090,53.1
PO015744,SUP024,P00158,Structure,3,5649.84,SITE05,2023-03-20,2023-05-11,2023-05-20,52,61,9,2.31,0.6657,0.0012,Medium,1,1,0.5308662359228639,Medium,3091,53.09
PO019636,SUP003,P00200,Hydraulics,1,287.21,SITE03,2024-02-12,2024-03-28,2024-04-04,45,52,7,2.29,0.6539,0.0002,Medium,1,1,0.5307145848731215,Medium,3092,53.07
PO016534,SUP023,P00167,Avionics,21,7649.88,SITE06,2023-07-24,2023-09-16,2023-09-16,54,54,0,2.59,0.7305,0.0039,Medium,0,1,0.5306158667424967,Medium,3093,53.06
PO007954,SUP027,P00080,Cabin,17,44973.84,SITE06,2022-12-12,2023-01-30,2023-01-31,49,50,1,2.6,0.7025,0.0004,Medium,1,1,0.5305382236901882,Medium,3094,53.05
PO018397,SUP012,P00187,Structure,8,7609.36,SITE05,2023-06-19,2023-07-11,2023-07-11,22,22,0,1.02,0.4048,0.0004,Low,0,1,0.5304602058163101,Medium,3095,53.05
PO025120,SUP017,P00258,LandingGear,18,54582.84,SITE06,2023-02-13,2023-03-02,2023-02-27,17,14,-3,1.11,0.4338,0.0004,Low,0,1,0.5303050407331056,Medium,3096,53.03
PO020172,SUP010,P00205,LandingGear,9,8338.23,SITE01,2022-05-16,2022-06-09,2022-06-09,24,24,0,1.55,0.5217,0.0,Low,0,1,0.5300031532845655,Medium,3097,53.0
PO027384,SUP022,P00278,Fasteners,9,49013.19,SITE02,2022-06-20,2022-07-11,2022-07-08,21,18,-3,0.95,0.3511,0.0,Low,0,1,0.5296917259129585,Medium,3098,52.97
PO022628,SUP001,P00229,Hydraulics,4,1947.64,SITE04,2024-11-04,2024-12-15,2024-12-15,41,41,0,1.19,0.4219,0.0004,Low,0,1,0.5295722548525341,Medium,3099,52.96
PO015419,SUP011,P00156,Cabin,15,58264.8,SITE01,2024-04-01,2024-05-20,2024-05-19,49,48,-1,1.26,0.4196,0.001,Low,0,1,0.5293683589288001,Medium,3100,52.94
PO023616,SUP012,P00241,Engine,4,1552.84,SITE01,2023-01-23,2023-02-25,2023-02-27,33,35,2,0.93,0.386,0.0006,Low,1,1,0.5293446886765854,Medium,3101,52.93
PO021771,SUP010,P00221,Electrical,10,18602.7,SITE05,2023-03-06,2023-03-30,2023-03-31,24,25,1,1.42,0.4613,0.0004,Low,1,1,0.5292076448556512,Medium,3102,52.92
PO001810,SUP031,P00017,Cabin,14,90474.58,SITE06,2024-02-19,2024-04-01,2024-04-06,42,47,5,1.25,0.4308,0.0005,Low,1,1,0.5291916003187425,Medium,3103,52.92
PO016204,SUP027,P00163,Avionics,11,3244.12,SITE04,2024-09-23,2024-11-06,2024-11-03,44,41,-3,2.46,0.6894,0.0009,Medium,0,1,0.5290978812146768,Medium,3104,52.91
PO018271,SUP040,P00186,Fasteners,4,3856.88,SITE04,2023-03-13,2023-04-28,2023-04-26,46,44,-2,2.19,0.6599,0.0023,Medium,0,1,0.5287889871870287,Medium,3105,52.88
PO026706,SUP036,P00272,Avionics,22,4449.72,SITE04,2022-07-04,2022-08-23,2022-08-23,50,50,0,1.08,0.4106,0.0024,Low,0,1,0.5287831268478321,Medium,3106,52.88
PO006544,SUP035,P00066,Fasteners,8,8311.2,SITE06,2022-06-13,2022-07-17,2022-07-23,34,40,6,1.34,0.4375,0.0,Low,1,1,0.5285519664840711,Medium,3107,52.86
PO027249,SUP013,P00277,Electrical,6,7384.62,SITE01,2022-12-19,2023-02-07,2023-02-13,50,56,6,2.41,0.6802,0.001,Medium,1,1,0.5285059548269447,Medium,3108,52.85
PO008837,SUP029,P00088,Structure,22,38956.06,SITE02,2023-06-05,2023-07-11,2023-07-15,36,40,4,1.2,0.4326,0.0007,Low,1,1,0.5283838470037614,Medium,3109,52.84
PO010963,SUP036,P00110,Fasteners,9,113029.11,SITE06,2022-01-31,2022-03-11,2022-03-12,39,40,1,1.06,0.4375,0.0,Low,1,1,0.5283670917515677,Medium,3110,52.84
PO004568,SUP011,P00047,Avionics,10,1753.8,SITE01,2022-12-26,2023-02-18,2023-02-16,54,52,-2,1.04,0.3793,0.0004,Low,0,1,0.5277315785421637,Medium,3111,52.77
PO029444,SUP003,P00299,Fasteners,4,2769.88,SITE03,2022-09-19,2022-10-27,2022-10-28,38,39,1,2.2,0.6056,0.0,Medium,1,1,0.5276855990973125,Medium,3112,52.77
PO024611,SUP034,P00254,Hydraulics,5,3701.3,SITE02,2024-08-05,2024-09-08,2024-09-11,34,37,3,1.25,0.4544,0.0021,Low,1,1,0.5275740777723537,Medium,3113,52.76
PO024277,SUP031,P00249,Hydraulics,1,495.73,SITE01,2023-09-11,2023-10-21,2023-10-18,40,37,-3,1.29,0.4241,0.0004,Low,0,1,0.5275175570482059,Medium,3114,52.75
PO006762,SUP010,P00068,LandingGear,34,36780.18,SITE05,2023-10-23,2023-11-14,2023-11-15,22,23,1,1.36,0.456,0.0004,Low,1,1,0.5274302163670711,Medium,3115,52.74
PO029560,SUP035,P00300,Fasteners,10,33510.6,SITE01,2024-03-25,2024-04-24,2024-04-23,30,29,-1,1.27,0.4473,0.002,Low,0,1,0.5274161054190162,Medium,3116,52.74
PO012314,SUP029,P00123,Cabin,4,12002.92,SITE05,2024-10-21,2024-12-04,2024-12-02,44,42,-2,1.2,0.4277,0.0009,Low,0,1,0.5273264719881382,Medium,3117,52.73
PO026367,SUP011,P00269,Avionics,10,7944.1,SITE03,2024-08-19,2024-10-03,2024-10-07,45,49,4,1.25,0.4311,0.0008,Low,1,1,0.5273009014659235,Medium,3118,52.73
PO003721,SUP008,P00039,LandingGear,18,28782.54,SITE04,2023-01-30,2023-02-27,2023-02-26,28,27,-1,1.25,0.4527,0.0003,Low,0,1,0.5271908256744587,Medium,3119,52.72
PO021080,SUP024,P00215,Fasteners,13,29728.27,SITE05,2023-07-17,2023-09-20,2023-09-21,65,66,1,2.35,0.6651,0.0015,Medium,1,1,0.5269949670565164,Medium,3120,52.7
PO014679,SUP019,P00148,Fasteners,14,168869.68,SITE06,2022-04-18,2022-05-14,2022-05-12,26,24,-2,1.29,0.4444,0.0,Low,0,1,0.5268901850608827,Medium,3121,52.69
PO020254,SUP010,P00205,LandingGear,15,13897.05,SITE04,2024-09-30,2024-10-25,2024-10-27,25,27,2,1.28,0.4352,0.0006,Low,1,1,0.5268253422800501,Medium,3122,52.68
PO009932,SUP040,P00100,Avionics,15,7302.6,SITE06,2022-08-29,2022-10-08,2022-10-13,40,45,5,2.31,0.6655,0.0019,Medium,1,1,0.5267429847006041,Medium,3123,52.67
PO010191,SUP016,P00102,Electrical,6,6427.5,SITE04,2023-01-23,2023-02-19,2023-02-23,27,31,4,2.26,0.6593,0.0019,Medium,1,1,0.5266081197396988,Medium,3124,52.66
PO000984,SUP040,P00007,Fasteners,23,61300.06,SITE06,2024-04-08,2024-05-30,2024-05-30,52,52,0,2.29,0.6554,0.002,Medium,0,1,0.5265773618810009,Medium,3125,52.66
PO018298,SUP040,P00186,Fasteners,17,16391.74,SITE06,2022-05-02,2022-06-13,2022-06-15,42,44,2,2.23,0.6528,0.0029,Medium,1,1,0.5265635178235117,Medium,3126,52.66
PO001556,SUP040,P00014,Hydraulics,7,1316.7,SITE04,2024-01-15,2024-03-01,2024-03-01,46,46,0,2.27,0.6516,0.0021,Medium,0,1,0.5264907066863377,Medium,3127,52.65
PO009584,SUP013,P00095,Engine,4,2179.4,SITE06,2024-07-15,2024-08-29,2024-08-31,45,47,2,2.41,0.6907,0.0013,Medium,1,1,0.5261707840295338,Medium,3128,52.62
PO018797,SUP017,P00192,Structure,6,2991.66,SITE02,2024-04-15,2024-05-10,2024-05-07,25,22,-3,1.09,0.4092,0.0008,Low,0,1,0.5261685211039836,Medium,3129,52.62
PO008963,SUP031,P00089,Cabin,6,7543.26,SITE03,2023-12-04,2024-01-29,2024-01-27,56,54,-2,1.26,0.4289,0.0006,Low,0,1,0.5260881347308037,Medium,3130,52.61
PO021252,SUP008,P00216,Avionics,32,9819.52,SITE06,2023-07-17,2023-08-15,2023-08-14,29,28,-1,1.23,0.4379,0.0011,Low,0,1,0.5259137642984316,Medium,3131,52.59
PO028988,SUP014,P00295,Structure,21,6724.41,SITE05,2023-12-11,2024-01-11,2024-01-17,31,37,6,2.46,0.6949,0.0008,Medium,1,1,0.5258752405012396,Medium,3132,52.59
PO021345,SUP007,P00217,Fasteners,15,10369.2,SITE04,2022-09-05,2022-10-02,2022-10-02,27,27,0,1.32,0.4583,0.0,Low,0,1,0.5258370078775508,Medium,3133,52.58
PO020527,SUP009,P00209,Avionics,9,1921.41,SITE04,2023-08-07,2023-09-29,2023-09-29,53,53,0,2.24,0.6827,0.0021,Medium,0,1,0.525811609439558,Medium,3134,52.58
PO008218,SUP030,P00083,Fasteners,8,5070.48,SITE03,2022-04-25,2022-05-24,2022-05-29,29,34,5,1.4,0.4646,0.0,Low,1,1,0.5256634004984921,Medium,3135,52.57
PO001914,SUP027,P00018,Cabin,24,27681.36,SITE03,2024-10-21,2024-12-01,2024-12-03,41,43,2,2.45,0.6904,0.001,Medium,1,1,0.5256397602279698,Medium,3136,52.56
PO028392,SUP004,P00289,Structure,8,2851.44,SITE02,2024-11-25,2024-12-28,2024-12-27,33,32,-1,1.18,0.4348,0.0007,Low,0,1,0.52529275393707,Medium,3137,52.53
PO003960,SUP017,P00041,Fasteners,9,6307.02,SITE03,2022-08-01,2022-08-28,2022-08-28,27,27,0,1.14,0.4351,0.0,Low,0,1,0.5252154633555183,Medium,3138,52.52
PO004958,SUP027,P00052,Electrical,13,15288.91,SITE02,2022-02-21,2022-03-21,2022-03-18,28,25,-3,2.75,0.7451,0.0,Medium,0,1,0.525174410834737,Medium,3139,52.52
PO025862,SUP020,P00266,Fasteners,13,17588.09,SITE05,2023-01-09,2023-02-07,2023-02-07,29,29,0,1.02,0.375,0.0005,Low,0,1,0.5250540787711843,Medium,3140,52.51
PO020945,SUP034,P00214,Fasteners,8,7471.52,SITE04,2022-03-07,2022-04-11,2022-04-11,35,35,0,1.24,0.439,0.0,Low,0,1,0.5249790590918135,Medium,3141,52.5
PO007101,SUP007,P00071,Avionics,8,11114.24,SITE06,2023-03-06,2023-04-08,2023-04-07,33,32,-1,1.33,0.4585,0.0,Low,0,1,0.5249502008537588,Medium,3142,52.5
PO007329,SUP031,P00075,Engine,6,10029.3,SITE03,2023-12-11,2024-01-23,2024-01-25,43,45,2,1.27,0.4297,0.0006,Low,1,1,0.5248993201577052,Medium,3143,52.49
PO000344,SUP040,P00003,Avionics,4,877.76,SITE03,2024-10-28,2024-12-15,2024-12-20,48,53,5,2.28,0.6575,0.0016,Medium,1,1,0.5248427431250978,Medium,3144,52.48
PO003415,SUP037,P00036,Structure,19,16245.95,SITE04,2022-08-15,2022-09-21,2022-09-26,37,42,5,1.19,0.4286,0.0011,Low,1,1,0.5246898465384121,Medium,3145,52.47
PO028264,SUP035,P00287,Cabin,7,14467.25,SITE05,2023-05-29,2023-07-09,2023-07-06,41,38,-3,1.35,0.452,0.0028,Low,0,1,0.5246427283508172,Medium,3146,52.46
PO003232,SUP024,P00033,Hydraulics,8,2214.96,SITE05,2023-11-20,2024-01-04,2024-01-09,45,50,5,2.42,0.6667,0.0013,Medium,1,1,0.5245808111353263,Medium,3147,52.46
PO002815,SUP017,P00028,Engine,10,4719.1,SITE04,2022-07-18,2022-08-17,2022-08-17,30,30,0,1.18,0.4352,0.0,Low,0,1,0.5245367208046571,Medium,3148,52.45
PO024447,SUP013,P00251,Hydraulics,6,11827.14,SITE06,2022-07-11,2022-08-28,2022-08-31,48,51,3,2.14,0.6415,0.0012,Medium,1,1,0.5243975367732804,Medium,3149,52.44
PO004607,SUP011,P00047,Avionics,16,2806.08,SITE04,2024-08-19,2024-10-05,2024-10-06,47,48,1,1.25,0.4297,0.0008,Low,1,1,0.5240937689504217,Medium,3150,52.41
PO023760,SUP019,P00242,Electrical,11,11073.59,SITE06,2024-03-11,2024-04-03,2024-04-05,23,25,2,1.17,0.4274,0.0018,Low,1,1,0.5240631563875507,Medium,3151,52.41
PO023901,SUP009,P00245,LandingGear,5,6226.75,SITE01,2023-11-27,2024-01-02,2024-01-01,36,35,-1,2.23,0.6803,0.0019,Medium,0,1,0.5238873834910066,Medium,3152,52.39
PO009722,SUP013,P00098,Electrical,2,2096.04,SITE03,2022-07-04,2022-08-11,2022-08-17,38,44,6,2.08,0.6332,0.0012,Medium,1,1,0.5238050350033107,Medium,3153,52.38
PO008796,SUP022,P00087,Fasteners,4,22284.44,SITE05,2023-01-09,2023-02-02,2023-02-01,24,23,-1,1.05,0.4053,0.0003,Low,0,1,0.5234430846930845,Medium,3154,52.34
PO022192,SUP028,P00224,Fasteners,16,45724.96,SITE04,2024-09-02,2024-09-29,2024-09-28,27,26,-1,1.08,0.4023,0.0009,Low,0,1,0.5234383406303433,Medium,3155,52.34
PO014902,SUP010,P00150,Fasteners,12,25006.68,SITE04,2022-09-12,2022-10-17,2022-10-16,35,34,-1,1.39,0.4885,0.0004,Low,0,1,0.5234125124472108,Medium,3156,52.34
PO017449,SUP010,P00177,Avionics,20,6554.0,SITE03,2022-06-27,2022-07-28,2022-07-28,31,31,0,1.4,0.5034,0.0,Low,0,1,0.5233271568038217,Medium,3157,52.33
PO013687,SUP040,P00138,LandingGear,5,11897.05,SITE06,2023-06-19,2023-07-22,2023-07-25,33,36,3,2.26,0.6584,0.002,Medium,1,1,0.5233061249777811,Medium,3158,52.33
PO028480,SUP004,P00289,Structure,13,4633.59,SITE06,2023-07-10,2023-08-14,2023-08-18,35,39,4,1.17,0.4593,0.0008,Low,1,1,0.5233036248421185,Medium,3159,52.33
PO029110,SUP002,P00297,LandingGear,5,6292.55,SITE01,2024-11-18,2025-01-10,2025-01-11,53,54,1,2.6,0.7163,0.001,Medium,1,1,0.5232987332570663,Medium,3160,52.33
PO008962,SUP031,P00089,Cabin,7,8800.47,SITE03,2023-11-13,2024-01-04,2024-01-07,52,55,3,1.26,0.4199,0.0006,Low,1,1,0.5232934883288598,Medium,3161,52.33
PO025751,SUP007,P00265,Hydraulics,5,1985.3,SITE06,2023-06-19,2023-07-25,2023-07-28,36,39,3,1.3,0.4607,0.0,Low,1,1,0.5231863619111091,Medium,3162,52.32
PO018900,SUP017,P00193,Electrical,4,5619.84,SITE02,2022-06-06,2022-06-27,2022-06-24,21,18,-3,1.26,0.4518,0.0,Low,0,1,0.523174894532165,Medium,3163,52.32
PO009050,SUP039,P00090,Avionics,5,1418.75,SITE01,2023-08-14,2023-09-27,2023-10-01,44,48,4,2.62,0.7078,0.0009,Medium,1,1,0.5230615762623478,Medium,3164,52.31
PO007654,SUP012,P00078,Electrical,4,6609.44,SITE05,2024-04-29,2024-05-17,2024-05-22,18,23,5,1.01,0.4007,0.0006,Low,1,1,0.5230467055974575,Medium,3165,52.3
PO017004,SUP019,P00173,Structure,13,12630.15,SITE06,2023-03-27,2023-04-25,2023-04-25,29,29,0,1.16,0.4291,0.0015,Low,0,1,0.5229766362201683,Medium,3166,52.3
PO021415,SUP007,P00217,Fasteners,17,11751.76,SITE06,2023-07-10,2023-08-19,2023-08-19,40,40,0,1.31,0.4652,0.0002,Low,0,1,0.5229170890044865,Medium,3167,52.29
PO019307,SUP040,P00198,LandingGear,3,3497.85,SITE01,2024-08-12,2024-09-18,2024-09-19,37,38,1,2.3,0.6613,0.0017,Medium,1,1,0.5227071138012214,Medium,3168,52.27
PO008750,SUP022,P00086,Cabin,36,46966.68,SITE06,2024-10-14,2024-11-19,2024-11-16,36,33,-3,1.16,0.4496,0.0008,Low,0,1,0.5221346831429312,Medium,3169,52.21
PO003541,SUP017,P00038,Fasteners,7,8008.56,SITE02,2022-02-28,2022-03-24,2022-03-22,24,22,-2,0.9,0.339,0.0,Low,0,1,0.522130032994027,Medium,3170,52.21
PO021298,SUP007,P00217,Fasteners,14,9677.92,SITE01,2024-12-02,2025-01-05,2025-01-07,34,36,2,1.31,0.4678,0.0001,Low,1,1,0.5217952279705823,Medium,3171,52.18
PO014157,SUP010,P00143,Avionics,13,3408.08,SITE02,2024-04-15,2024-05-14,2024-05-15,29,30,1,1.29,0.4371,0.0005,Low,1,1,0.5217588677697375,Medium,3172,52.18
PO010590,SUP022,P00107,Engine,6,7052.52,SITE01,2022-12-19,2023-01-22,2023-01-21,34,33,-1,1.07,0.4055,0.0003,Low,0,1,0.5216442671868737,Medium,3173,52.16
PO018129,SUP016,P00184,Avionics,17,7207.83,SITE06,2023-05-29,2023-07-14,2023-07-19,46,51,5,2.32,0.6559,0.0042,Medium,1,1,0.5216161672313668,Medium,3174,52.16
PO011927,SUP035,P00121,Avionics,6,1778.1,SITE03,2022-12-26,2023-01-23,2023-01-21,28,26,-2,1.52,0.4711,0.0,Low,0,1,0.521540890023727,Medium,3175,52.15
PO002030,SUP007,P00019,Fasteners,6,17029.5,SITE01,2024-05-27,2024-06-29,2024-06-26,33,30,-3,1.3,0.4715,0.0001,Low,0,1,0.5214784631516,Medium,3176,52.15
PO019254,SUP012,P00197,Electrical,2,2113.14,SITE02,2022-12-19,2023-01-08,2023-01-10,20,22,2,0.92,0.3801,0.0005,Low,1,1,0.5214205301920058,Medium,3177,52.14
PO014686,SUP019,P00148,Fasteners,4,48248.48,SITE06,2023-09-04,2023-10-02,2023-10-07,28,33,5,1.14,0.4167,0.0014,Low,1,1,0.521401036106052,Medium,3178,52.14
PO000403,SUP040,P00003,Avionics,13,2852.72,SITE05,2024-07-22,2024-09-07,2024-09-09,47,49,2,2.28,0.6586,0.0017,Medium,1,1,0.5213529388974713,Medium,3179,52.14
PO023303,SUP040,P00238,Cabin,9,6291.09,SITE04,2024-04-08,2024-06-05,2024-06-06,58,59,1,2.28,0.6543,0.002,Medium,1,1,0.5212421197743615,Medium,3180,52.12
PO005712,SUP036,P00059,Cabin,24,28415.28,SITE01,2023-12-11,2024-01-26,2024-01-25,46,45,-1,1.19,0.412,0.0021,Low,0,1,0.5208604127788767,Medium,3181,52.09
PO026398,SUP011,P00269,Avionics,24,19065.84,SITE04,2024-07-01,2024-08-14,2024-08-11,44,41,-3,1.24,0.4224,0.0009,Low,0,1,0.5207879776625828,Medium,3182,52.08
PO026401,SUP011,P00269,Avionics,13,10327.33,SITE04,2024-09-30,2024-11-14,2024-11-18,45,49,4,1.25,0.4275,0.0008,Low,1,1,0.5207748538575274,Medium,3183,52.08
PO018052,SUP016,P00184,Avionics,5,2119.95,SITE03,2023-03-13,2023-04-24,2023-04-27,42,45,3,2.32,0.6561,0.0056,Medium,1,1,0.5207611919613959,Medium,3184,52.08
PO019550,SUP026,P00199,Cabin,21,22859.55,SITE04,2024-09-02,2024-11-12,2024-11-14,71,73,2,2.48,0.7041,0.0012,Medium,1,1,0.5207205456139893,Medium,3185,52.07
PO006487,SUP035,P00066,Fasteners,5,5194.5,SITE01,2022-07-25,2022-08-25,2022-08-29,31,35,4,1.43,0.4531,0.0,Low,1,1,0.5206866822781937,Medium,3186,52.07
PO005803,SUP036,P00059,Cabin,17,20127.49,SITE04,2022-08-22,2022-10-08,2022-10-09,47,48,1,1.15,0.4144,0.0019,Low,1,1,0.5206104607181072,Medium,3187,52.06
PO018313,SUP040,P00186,Fasteners,11,10606.42,SITE06,2024-09-09,2024-10-27,2024-10-29,48,50,2,2.29,0.6602,0.0017,Medium,1,1,0.520492780492132,Medium,3188,52.05
PO002361,SUP030,P00025,Structure,22,9895.6,SITE01,2023-11-06,2023-12-11,2023-12-14,35,38,3,1.17,0.4235,0.0006,Low,1,1,0.5202299188925572,Medium,3189,52.02
PO021926,SUP021,P00222,Fasteners,23,57207.21,SITE06,2024-04-15,2024-06-06,2024-06-03,52,49,-3,2.49,0.7125,0.0011,Medium,0,1,0.5202057008315747,Medium,3190,52.02
PO001970,SUP027,P00018,Cabin,17,19607.63,SITE05,2023-07-17,2023-08-28,2023-09-01,42,46,4,2.52,0.6895,0.0005,Medium,1,1,0.5201493087419836,Medium,3191,52.01
PO026322,SUP011,P00269,Avionics,17,13504.97,SITE01,2023-08-21,2023-10-01,2023-09-30,41,40,-1,1.24,0.4116,0.001,Low,0,1,0.5201018374312244,Medium,3192,52.01
PO008191,SUP030,P00083,Fasteners,36,22817.16,SITE02,2022-04-25,2022-06-01,2022-06-01,37,37,0,1.41,0.4683,0.0,Low,0,1,0.520051433101454,Medium,3193,52.01
PO001299,SUP030,P00011,Fasteners,9,4842.18,SITE01,2023-05-08,2023-06-13,2023-06-17,36,40,4,1.19,0.4162,0.0004,Low,1,1,0.5200436848583133,Medium,3194,52.0
PO026718,SUP036,P00272,Avionics,8,1618.08,SITE04,2023-03-27,2023-05-17,2023-05-18,51,52,1,1.2,0.4217,0.003,Low,1,1,0.5198790762338492,Medium,3195,51.99
PO022001,SUP012,P00223,Avionics,28,14944.44,SITE03,2023-02-27,2023-04-02,2023-03-30,34,31,-3,0.97,0.3991,0.0006,Low,0,1,0.5197982465640426,Medium,3196,51.98
PO017788,SUP025,P00181,Structure,5,4978.25,SITE02,2022-04-18,2022-06-02,2022-06-02,45,45,0,2.7,0.68,0.0026,Medium,0,1,0.519780878554355,Medium,3197,51.98
PO021420,SUP007,P00217,Fasteners,21,14516.88,SITE06,2024-02-19,2024-03-24,2024-03-21,34,31,-3,1.27,0.4698,0.0001,Low,0,1,0.5196729869238107,Medium,3198,51.97
PO027441,SUP022,P00278,Fasteners,9,49013.19,SITE04,2024-11-18,2024-12-13,2024-12-13,25,25,0,1.16,0.4487,0.0007,Low,0,1,0.5196351804648944,Medium,3199,51.96
PO021663,SUP023,P00220,Electrical,2,17986.0,SITE02,2024-11-11,2024-12-28,2025-01-03,47,53,6,2.69,0.7388,0.0032,Medium,1,1,0.5196181827431828,Medium,3200,51.96
PO028160,SUP035,P00287,Cabin,13,26867.75,SITE02,2022-09-05,2022-10-13,2022-10-13,38,38,0,1.41,0.4522,0.0,Low,0,1,0.5195728840042682,Medium,3201,51.96
PO017887,SUP025,P00181,Structure,23,22899.95,SITE06,2024-06-03,2024-07-15,2024-07-18,42,45,3,2.51,0.6836,0.0014,Medium,1,1,0.519349674306875,Medium,3202,51.93
PO000106,SUP028,P00002,Cabin,4,2683.36,SITE01,2024-03-18,2024-04-18,2024-04-15,31,28,-3,1.07,0.4054,0.0009,Low,0,1,0.5192169360900423,Medium,3203,51.92
PO010968,SUP036,P00110,Fasteners,4,50235.16,SITE06,2022-11-28,2023-01-03,2022-12-31,36,33,-3,1.15,0.4048,0.0042,Low,0,1,0.519194070085717,Medium,3204,51.92
PO008201,SUP030,P00083,Fasteners,19,12042.39,SITE02,2023-07-10,2023-08-18,2023-08-20,39,41,2,1.18,0.4197,0.0005,Low,1,1,0.5191680716199638,Medium,3205,51.92
PO011276,SUP008,P00115,Cabin,21,62122.83,SITE03,2022-02-14,2022-04-04,2022-04-02,49,47,-2,1.05,0.4211,0.0,Low,0,1,0.5191356727721163,Medium,3206,51.91
PO025461,SUP030,P00262,Structure,40,16374.0,SITE04,2024-03-18,2024-04-24,2024-04-25,37,38,1,1.18,0.4263,0.0008,Low,1,1,0.5188685217826112,Medium,3207,51.89
PO016491,SUP023,P00167,Avionics,4,1457.12,SITE02,2024-01-22,2024-03-17,2024-03-16,55,54,-1,2.61,0.7419,0.0033,Medium,0,1,0.5188153033332518,Medium,3208,51.88
PO018795,SUP017,P00192,Structure,3,1495.83,SITE02,2023-07-31,2023-08-27,2023-08-24,27,24,-3,1.09,0.428,0.0006,Low,0,1,0.5187257324590524,Medium,3209,51.87
PO016097,SUP009,P00162,LandingGear,5,14740.4,SITE06,2023-02-27,2023-04-06,2023-04-07,38,39,1,2.31,0.7008,0.001,Medium,1,1,0.5186654348216703,Medium,3210,51.87
PO029325,SUP006,P00298,Avionics,21,6409.2,SITE04,2023-04-03,2023-06-09,2023-06-09,67,67,0,2.46,0.6639,0.0007,Medium,0,1,0.5186077734783449,Medium,3211,51.86
PO025359,SUP010,P00261,Electrical,10,42445.0,SITE06,2023-07-10,2023-08-11,2023-08-10,32,31,-1,1.35,0.4536,0.0005,Low,0,1,0.5186044512452604,Medium,3212,51.86
PO021453,SUP017,P00218,Cabin,15,35103.75,SITE02,2022-04-04,2022-05-11,2022-05-11,37,37,0,1.13,0.396,0.0,Low,0,1,0.5185652408120484,Medium,3213,51.86
PO025945,SUP009,P00267,Cabin,18,3922.02,SITE02,2022-02-21,2022-04-24,2022-04-30,62,68,6,2.29,0.6765,0.0,Medium,1,1,0.5184305825398643,Medium,3214,51.84
PO011381,SUP008,P00115,Cabin,77,227783.71,SITE06,2023-05-01,2023-06-13,2023-06-10,43,40,-3,1.27,0.4545,0.001,Low,0,1,0.5184035620671511,Medium,3215,51.84
PO011859,SUP013,P00120,Fasteners,14,18689.02,SITE06,2022-11-07,2022-12-22,2022-12-28,45,51,6,2.42,0.6819,0.0009,Medium,1,1,0.5178662908339434,Medium,3216,51.79
PO018151,SUP019,P00185,Hydraulics,7,2572.36,SITE01,2022-11-07,2022-12-02,2022-12-03,25,26,1,1.2,0.4197,0.0016,Low,1,1,0.5178085137224583,Medium,3217,51.78
PO029231,SUP002,P00297,LandingGear,8,10068.08,SITE06,2024-10-21,2024-12-17,2024-12-19,57,59,2,2.57,0.7125,0.0009,Medium,1,1,0.5177490595344758,Medium,3218,51.77
PO020133,SUP032,P00204,Fasteners,11,20123.62,SITE05,2024-12-23,2025-01-25,2025-01-23,33,31,-2,1.0,0.3886,0.0017,Low,0,1,0.517687354585165,Medium,3219,51.77
PO000301,SUP040,P00003,Avionics,26,5705.44,SITE02,2022-01-17,2022-03-13,2022-03-18,55,60,5,2.62,0.7143,0.0,Medium,1,1,0.5176841065964043,Medium,3220,51.77
PO018187,SUP019,P00185,Hydraulics,25,9187.0,SITE04,2023-07-31,2023-08-27,2023-08-30,27,30,3,1.12,0.4185,0.0014,Low,1,1,0.5176779678785525,Medium,3221,51.77
PO027363,SUP013,P00277,Electrical,14,17230.78,SITE06,2024-10-07,2024-11-21,2024-11-22,45,46,1,2.42,0.688,0.0015,Medium,1,1,0.5176040076121237,Medium,3222,51.76
PO000369,SUP040,P00003,Avionics,54,11849.76,SITE04,2024-02-12,2024-04-02,2024-04-06,50,54,4,2.25,0.6498,0.0021,Medium,1,1,0.5176015347322931,Medium,3223,51.76
PO006310,SUP007,P00063,Avionics,22,7907.9,SITE06,2024-07-08,2024-08-11,2024-08-13,34,36,2,1.3,0.4681,0.0001,Low,1,1,0.5173435047337344,Medium,3224,51.73
PO021788,SUP010,P00221,Electrical,39,72550.53,SITE06,2022-09-26,2022-10-19,2022-10-24,23,28,5,1.37,0.4828,0.0003,Low,1,1,0.5169703515633038,Medium,3225,51.7
PO001290,SUP036,P00010,Electrical,2,2977.82,SITE06,2024-08-12,2024-09-19,2024-09-21,38,40,2,1.22,0.4193,0.0015,Low,1,1,0.5168147732467635,Medium,3226,51.68
PO026441,SUP011,P00269,Avionics,17,13504.97,SITE06,2024-01-01,2024-02-16,2024-02-17,46,47,1,1.24,0.4158,0.0012,Low,1,1,0.5167788333720525,Medium,3227,51.68
PO005168,SUP027,P00054,Fasteners,5,20299.85,SITE05,2022-08-29,2022-10-02,2022-10-03,34,35,1,2.66,0.7101,0.0003,Medium,1,1,0.5167237904275613,Medium,3228,51.67
PO014360,SUP031,P00144,Fasteners,17,20334.04,SITE04,2024-01-29,2024-03-08,2024-03-11,39,42,3,1.25,0.4286,0.0005,Low,1,1,0.5166877592374467,Medium,3229,51.67
PO003477,SUP037,P00036,Structure,9,7695.45,SITE06,2024-10-07,2024-11-10,2024-11-08,34,32,-2,1.22,0.4429,0.0012,Low,0,1,0.516672070225711,Medium,3230,51.67
PO011676,SUP035,P00118,Engine,11,3880.36,SITE06,2022-10-24,2022-12-03,2022-12-10,40,47,7,1.46,0.4611,0.0,Low,1,1,0.5166270944915516,Medium,3231,51.66
PO024105,SUP003,P00246,LandingGear,12,11919.84,SITE04,2023-01-09,2023-02-10,2023-02-13,32,35,3,2.23,0.6124,0.0,Medium,1,1,0.5164915379627693,Medium,3232,51.65
PO001630,SUP022,P00016,LandingGear,6,12264.9,SITE01,2023-03-27,2023-04-11,2023-04-08,15,12,-3,1.08,0.4183,0.0003,Low,0,1,0.5164545923726799,Medium,3233,51.65
PO028533,SUP002,P00290,LandingGear,8,9319.68,SITE04,2023-12-18,2024-02-01,2024-01-30,45,43,-2,2.59,0.7046,0.0012,Medium,0,1,0.5164222563695232,Medium,3234,51.64
PO010845,SUP017,P00108,Cabin,98,58968.56,SITE06,2023-10-23,2023-11-26,2023-11-27,34,35,1,1.1,0.4236,0.0005,Low,1,1,0.5162276756772373,Medium,3235,51.62
PO002573,SUP030,P00026,Fasteners,7,7664.79,SITE04,2023-01-02,2023-02-10,2023-02-14,39,43,4,1.18,0.4254,0.0006,Low,1,1,0.5161057267245098,Medium,3236,51.61
PO019336,SUP040,P00198,LandingGear,8,9327.6,SITE03,2024-04-22,2024-05-29,2024-05-26,37,34,-3,2.28,0.6545,0.0019,Medium,0,1,0.5159394528453799,Medium,3237,51.59
PO012106,SUP022,P00122,Fasteners,18,87347.7,SITE04,2023-01-09,2023-02-03,2023-02-01,25,23,-2,1.05,0.4038,0.0003,Low,0,1,0.5159053610319511,Medium,3238,51.59
PO029018,SUP014,P00295,Structure,19,6083.99,SITE06,2024-03-04,2024-04-06,2024-04-10,33,37,4,2.45,0.6908,0.0007,Medium,1,1,0.5159039867962321,Medium,3239,51.59
PO028504,SUP002,P00290,LandingGear,4,4659.84,SITE01,2024-10-07,2024-11-29,2024-11-30,53,54,1,2.56,0.7126,0.0009,Medium,1,1,0.5158142359461932,Medium,3240,51.58
PO006535,SUP035,P00066,Fasteners,6,6233.4,SITE05,2023-11-13,2023-12-13,2023-12-13,30,30,0,1.28,0.4402,0.0024,Low,0,1,0.5156923846253115,Medium,3241,51.57
PO006547,SUP035,P00066,Fasteners,11,11427.9,SITE06,2023-02-06,2023-03-11,2023-03-14,33,36,3,1.43,0.452,0.0,Low,1,1,0.5156264236477714,Medium,3242,51.56
PO000838,SUP002,P00006,Cabin,35,23287.6,SITE05,2024-04-29,2024-07-10,2024-07-09,72,71,-1,2.55,0.7076,0.001,Medium,0,1,0.5154587813344322,Medium,3243,51.55
PO015662,SUP019,P00157,LandingGear,14,35049.56,SITE06,2023-10-23,2023-11-16,2023-11-13,24,21,-3,1.13,0.4183,0.0015,Low,0,1,0.5153215293857547,Medium,3244,51.53
PO014865,SUP010,P00150,Fasteners,8,16671.12,SITE01,2024-05-06,2024-06-08,2024-06-09,33,34,1,1.3,0.4393,0.0006,Low,1,1,0.5152696840869138,Medium,3245,51.53
PO027449,SUP022,P00278,Fasteners,4,21783.64,SITE05,2023-01-02,2023-01-24,2023-01-27,22,25,3,1.05,0.4046,0.0003,Low,1,1,0.5152594627594628,Medium,3246,51.53
PO018648,SUP007,P00190,Structure,5,21151.6,SITE06,2022-04-25,2022-05-23,2022-05-28,28,33,5,1.35,0.4459,0.0,Low,1,1,0.51515817978318,Medium,3247,51.52
PO020479,SUP036,P00208,Hydraulics,3,8428.62,SITE06,2023-10-09,2023-11-23,2023-11-22,45,44,-1,1.14,0.4053,0.0022,Low,0,1,0.5150998692359399,Medium,3248,51.51
PO021568,SUP017,P00218,Cabin,13,30423.25,SITE05,2024-12-23,2025-02-03,2025-02-02,42,41,-1,1.1,0.4133,0.0007,Low,0,1,0.5150314660249723,Medium,3249,51.5
PO020471,SUP036,P00208,Hydraulics,3,8428.62,SITE04,2024-08-05,2024-09-17,2024-09-17,43,43,0,1.22,0.4194,0.0015,Low,0,1,0.5148289948834933,Medium,3250,51.48
PO012201,SUP029,P00123,Cabin,8,24005.84,SITE01,2024-06-03,2024-07-17,2024-07-14,44,41,-3,1.23,0.4361,0.0009,Low,0,1,0.5146441852824588,Medium,3251,51.46
PO006299,SUP007,P00063,Avionics,9,3235.05,SITE06,2023-08-21,2023-09-27,2023-09-26,37,36,-1,1.33,0.4685,0.0002,Low,0,1,0.5146404515419308,Medium,3252,51.46
PO011997,SUP035,P00121,Avionics,11,3259.85,SITE05,2023-05-22,2023-06-15,2023-06-18,24,27,3,1.35,0.4511,0.0029,Low,1,1,0.5144977111899168,Medium,3253,51.45
PO017410,SUP034,P00176,Fasteners,33,19822.77,SITE06,2024-01-22,2024-03-08,2024-03-05,46,43,-3,1.23,0.452,0.0015,Low,0,1,0.5144729703652622,Medium,3254,51.45
PO024083,SUP003,P00246,LandingGear,14,13906.48,SITE03,2024-03-04,2024-04-06,2024-04-11,33,38,5,2.29,0.6528,0.0002,Medium,1,1,0.5139845341247823,Medium,3255,51.4
PO008767,SUP022,P00087,Fasteners,10,55711.1,SITE02,2024-05-06,2024-05-29,2024-05-29,23,23,0,1.18,0.4464,0.0007,Low,0,1,0.5139292269671579,Medium,3256,51.39
PO008944,SUP031,P00089,Cabin,8,10057.68,SITE02,2023-09-25,2023-11-09,2023-11-06,45,42,-3,1.28,0.4267,0.0004,Low,0,1,0.5138016295814163,Medium,3257,51.38
PO005402,SUP027,P00056,Cabin,35,40538.75,SITE05,2024-02-12,2024-03-26,2024-03-26,43,43,0,2.55,0.6965,0.0007,Medium,0,1,0.5137862708426183,Medium,3258,51.38
PO018978,SUP017,P00193,Electrical,7,9834.72,SITE06,2024-11-11,2024-12-02,2024-12-01,21,20,-1,1.12,0.4135,0.0007,Low,0,1,0.5135454791320557,Medium,3259,51.35
PO012100,SUP022,P00122,Fasteners,8,38821.2,SITE04,2022-08-15,2022-09-09,2022-09-13,25,29,4,0.94,0.3434,0.0,Low,1,1,0.5134896910819975,Medium,3260,51.35
PO003048,SUP006,P00031,Engine,20,9443.2,SITE04,2022-12-19,2023-02-25,2023-02-22,68,65,-3,2.48,0.6676,0.0007,Medium,0,1,0.5133258959205514,Medium,3261,51.33
PO001456,SUP030,P00012,Engine,6,2130.18,SITE04,2024-07-15,2024-09-04,2024-09-01,51,48,-3,1.2,0.4241,0.001,Low,0,1,0.5132972074116765,Medium,3262,51.33
PO013011,SUP037,P00132,Fasteners,8,7598.0,SITE02,2023-08-14,2023-09-15,2023-09-18,32,35,3,1.17,0.4271,0.0012,Low,1,1,0.5130708374816456,Medium,3263,51.31
PO014720,SUP028,P00149,Fasteners,17,34743.07,SITE01,2024-08-12,2024-09-05,2024-09-02,24,21,-3,1.07,0.4017,0.0009,Low,0,1,0.51296944197089,Medium,3264,51.3
PO007959,SUP027,P00080,Cabin,106,280425.12,SITE06,2023-06-19,2023-08-01,2023-08-03,43,45,2,2.54,0.6922,0.0005,Medium,1,1,0.5128518484309904,Medium,3265,51.29
PO001612,SUP019,P00015,Engine,1,3003.43,SITE04,2023-09-11,2023-10-18,2023-10-19,37,38,1,1.14,0.4191,0.0013,Low,1,1,0.51281146321522,Medium,3266,51.28
PO023280,SUP040,P00238,Cabin,13,9087.13,SITE04,2022-03-07,2022-05-01,2022-04-29,55,53,-2,2.31,0.6932,0.0052,Medium,0,1,0.5127955972258614,Medium,3267,51.28
PO027956,SUP001,P00284,Fasteners,17,48068.69,SITE06,2024-09-02,2024-10-23,2024-10-22,51,50,-1,1.19,0.4192,0.0005,Low,0,1,0.5127636270113737,Medium,3268,51.28
PO025537,SUP029,P00263,Structure,11,9390.04,SITE02,2022-07-25,2022-09-01,2022-08-30,38,36,-2,1.24,0.4286,0.0017,Low,0,1,0.5126494974182143,Medium,3269,51.26
PO021351,SUP007,P00217,Fasteners,27,18664.56,SITE04,2022-12-05,2023-01-12,2023-01-15,38,41,3,1.38,0.4625,0.0,Low,1,1,0.5125401178791797,Medium,3270,51.25
PO019804,SUP038,P00201,Cabin,29,39290.07,SITE06,2023-07-03,2023-08-27,2023-08-30,55,58,3,2.29,0.6674,0.0009,Medium,1,1,0.5125369163179468,Medium,3271,51.25
PO011301,SUP008,P00115,Cabin,13,38456.99,SITE03,2024-10-28,2024-12-05,2024-12-07,38,40,2,1.15,0.4381,0.0011,Low,1,1,0.5124322465491585,Medium,3272,51.24
PO026912,SUP037,P00273,Fasteners,42,80288.46,SITE06,2022-07-04,2022-08-04,2022-08-03,31,30,-1,1.16,0.4245,0.0,Low,0,1,0.5123635952000537,Medium,3273,51.24
PO010978,SUP039,P00111,Cabin,11,87464.74,SITE01,2022-01-03,2022-02-23,2022-02-27,51,55,4,0.0,0.0,0.0,Medium,1,1,0.5123495842699836,Medium,3274,51.23
PO015287,SUP012,P00154,Avionics,13,3009.5,SITE04,2024-06-17,2024-07-21,2024-07-22,34,35,1,1.06,0.413,0.0007,Low,1,1,0.5123012895491567,Medium,3275,51.23
PO026777,SUP036,P00272,Avionics,22,4449.72,SITE06,2023-12-18,2024-02-04,2024-02-06,48,50,2,1.2,0.4132,0.0021,Low,1,1,0.5122518164072138,Medium,3276,51.23
PO014893,SUP010,P00150,Fasteners,23,47929.47,SITE03,2024-04-15,2024-05-13,2024-05-17,28,32,4,1.29,0.4379,0.0005,Low,1,1,0.5120919482314529,Medium,3277,51.21
PO007613,SUP012,P00078,Electrical,3,4957.08,SITE03,2024-09-23,2024-10-10,2024-10-11,17,18,1,1.08,0.4149,0.0006,Low,1,1,0.5120911633739911,Medium,3278,51.21
PO021569,SUP017,P00218,Cabin,28,65527.0,SITE06,2022-01-03,2022-02-13,2022-02-14,41,42,1,0.6,0.4,0.0,Low,1,1,0.5120369964612752,Medium,3279,51.2
PO007229,SUP035,P00073,Avionics,4,13710.6,SITE02,2023-02-27,2023-03-29,2023-03-26,30,27,-3,1.42,0.4566,0.0,Low,0,1,0.5119019545027867,Medium,3280,51.19
PO016101,SUP009,P00162,LandingGear,10,29480.8,SITE06,2023-05-22,2023-06-22,2023-06-24,31,33,2,2.26,0.683,0.0009,Medium,1,1,0.5118401193067568,Medium,3281,51.18
PO008903,SUP029,P00088,Structure,7,12395.11,SITE06,2022-02-14,2022-03-21,2022-03-22,35,36,1,0.87,0.2609,0.0,Low,1,1,0.5117296576137444,Medium,3282,51.17
PO027530,SUP012,P00279,Fasteners,13,142922.39,SITE06,2023-06-05,2023-07-07,2023-07-11,32,36,4,1.01,0.4039,0.0004,Low,1,1,0.5114842502203985,Medium,3283,51.15
PO011981,SUP035,P00121,Avionics,30,8890.5,SITE04,2024-08-05,2024-08-28,2024-09-03,23,29,6,1.22,0.4402,0.0017,Low,1,1,0.5114658546034077,Medium,3284,51.15
PO027015,SUP004,P00274,Avionics,12,2628.84,SITE04,2022-07-11,2022-08-16,2022-08-15,36,35,-1,1.13,0.4563,0.0009,Low,0,1,0.5114110523856659,Medium,3285,51.14
PO007590,SUP012,P00078,Electrical,22,36351.92,SITE02,2022-09-26,2022-10-14,2022-10-14,18,18,0,0.97,0.3966,0.0003,Low,0,1,0.5111998627020969,Medium,3286,51.12
PO012177,SUP029,P00123,Cabin,18,54013.14,SITE01,2022-08-15,2022-10-03,2022-10-04,49,50,1,1.24,0.4275,0.0016,Low,1,1,0.5110409033576679,Medium,3287,51.1
PO028022,SUP004,P00285,Fasteners,17,15513.52,SITE04,2023-07-10,2023-08-18,2023-08-22,39,43,4,1.16,0.4545,0.0008,Low,1,1,0.5109318326925263,Medium,3288,51.09
PO006680,SUP010,P00068,LandingGear,11,11899.47,SITE01,2024-01-15,2024-02-09,2024-02-13,25,29,4,1.31,0.4427,0.0005,Low,1,1,0.5109212444639796,Medium,3289,51.09
PO014154,SUP010,P00143,Avionics,20,5243.2,SITE02,2024-02-19,2024-03-20,2024-03-22,30,32,2,1.3,0.437,0.0006,Low,1,1,0.5107395478344436,Medium,3290,51.07
PO027904,SUP001,P00284,Fasteners,7,19792.99,SITE04,2023-02-20,2023-04-13,2023-04-15,52,54,2,1.23,0.4531,0.0012,Low,1,1,0.5106615604616096,Medium,3291,51.07
PO007358,SUP031,P00075,Engine,5,8357.75,SITE06,2023-03-13,2023-04-27,2023-04-26,45,44,-1,1.18,0.4058,0.0003,Low,0,1,0.5106216834048964,Medium,3292,51.06
PO009412,SUP011,P00094,LandingGear,12,23045.64,SITE02,2022-07-18,2022-08-16,2022-08-17,29,30,1,1.13,0.3585,0.0,Low,1,1,0.510618804032129,Medium,3293,51.06
PO007510,SUP012,P00077,Fasteners,14,50547.14,SITE04,2022-08-01,2022-09-05,2022-09-05,35,35,0,0.99,0.386,0.0004,Low,0,1,0.5106097218804385,Medium,3294,51.06
PO021603,SUP017,P00218,Cabin,35,81908.75,SITE06,2024-12-16,2025-01-23,2025-01-25,38,40,2,1.11,0.4136,0.0007,Low,1,1,0.5106089661057518,Medium,3295,51.06
PO020547,SUP009,P00209,Avionics,14,2988.86,SITE05,2024-08-19,2024-10-07,2024-10-06,49,48,-1,2.29,0.6892,0.0015,Medium,0,1,0.5105162673606232,Medium,3296,51.05
PO026957,SUP004,P00274,Avionics,14,3066.98,SITE01,2024-06-03,2024-07-10,2024-07-10,37,37,0,1.18,0.4413,0.0008,Low,0,1,0.5104871536956995,Medium,3297,51.05
PO027389,SUP022,P00278,Fasteners,11,59905.01,SITE02,2023-05-01,2023-05-20,2023-05-19,19,18,-1,1.09,0.4192,0.0002,Low,0,1,0.5103896192501456,Medium,3298,51.04
PO018014,SUP016,P00184,Avionics,6,2543.94,SITE01,2022-01-03,2022-02-10,2022-02-13,38,41,3,0.0,0.0,0.0,Medium,1,1,0.5103659376685692,Medium,3299,51.04
PO015406,SUP011,P00156,Cabin,12,46611.84,SITE01,2022-09-12,2022-10-23,2022-10-23,41,41,0,1.13,0.3881,0.0,Low,0,1,0.510331594830779,Medium,3300,51.03
PO014656,SUP019,P00148,Fasteners,4,48248.48,SITE03,2022-07-04,2022-08-01,2022-08-02,28,29,1,1.27,0.4348,0.0,Low,1,1,0.5102454382432611,Medium,3301,51.02
PO008236,SUP030,P00083,Fasteners,6,3802.86,SITE03,2024-09-30,2024-11-04,2024-11-04,35,35,0,1.21,0.4246,0.0009,Low,0,1,0.510207574005389,Medium,3302,51.02
PO024909,SUP038,P00257,Cabin,45,47604.15,SITE03,2022-07-18,2022-09-07,2022-09-10,51,54,3,2.18,0.6686,0.0009,Medium,1,1,0.5101775903853123,Medium,3303,51.02
PO015464,SUP011,P00156,Cabin,9,34958.88,SITE03,2022-11-14,2023-01-01,2023-01-03,48,50,2,1.03,0.3742,0.0005,Low,1,1,0.5100147426875484,Medium,3304,51.0
PO001140,SUP018,P00008,Avionics,10,2896.6,SITE06,2024-10-21,2024-12-05,2024-12-10,45,50,5,2.24,0.6823,0.0014,Medium,1,1,0.5099241838897657,Medium,3305,50.99
PO021394,SUP007,P00217,Fasteners,20,13825.6,SITE05,2024-11-11,2024-12-10,2024-12-07,29,26,-3,1.3,0.4666,0.0001,Low,0,1,0.5098335144130401,Medium,3306,50.98
PO020211,SUP010,P00205,LandingGear,8,7411.76,SITE03,2023-05-01,2023-05-23,2023-05-26,22,25,3,1.38,0.4505,0.0003,Low,1,1,0.509641186305616,Medium,3307,50.96
PO011635,SUP035,P00118,Engine,12,4233.12,SITE01,2024-04-22,2024-05-28,2024-05-25,36,33,-3,1.25,0.4419,0.0019,Low,0,1,0.509273269600594,Medium,3308,50.93
PO019148,SUP036,P00195,LandingGear,7,61953.92,SITE04,2023-01-16,2023-02-16,2023-02-13,31,28,-3,1.2,0.4233,0.0038,Low,0,1,0.509206694373097,Medium,3309,50.92
PO002810,SUP017,P00028,Engine,5,2359.55,SITE03,2024-01-22,2024-02-19,2024-02-19,28,28,0,1.07,0.4133,0.0008,Low,0,1,0.5086564246471538,Medium,3310,50.87
PO024205,SUP027,P00248,Avionics,2,520.1,SITE03,2024-03-11,2024-04-18,2024-04-17,38,37,-1,2.53,0.6961,0.0007,Medium,0,1,0.5086250046250046,Medium,3311,50.86
PO021043,SUP024,P00215,Fasteners,10,22867.9,SITE03,2023-08-21,2023-10-23,2023-10-26,63,66,3,2.37,0.6681,0.0015,Medium,1,1,0.5085145829502249,Medium,3312,50.85
PO009000,SUP031,P00089,Cabin,7,8800.47,SITE05,2023-07-24,2023-09-01,2023-08-30,39,37,-2,1.22,0.4084,0.0005,Low,0,1,0.5082951153469295,Medium,3313,50.83
PO027503,SUP012,P00279,Fasteners,5,54970.15,SITE03,2023-07-24,2023-08-19,2023-08-16,26,23,-3,1.01,0.4038,0.0006,Low,0,1,0.5082390268123163,Medium,3314,50.82
PO028021,SUP004,P00285,Fasteners,13,11863.28,SITE04,2023-06-19,2023-08-01,2023-07-30,43,41,-2,1.16,0.4529,0.0008,Low,0,1,0.5082063455715141,Medium,3315,50.82
PO026203,SUP036,P00268,Cabin,9,3846.6,SITE03,2024-08-26,2024-10-05,2024-10-07,40,42,2,1.22,0.4183,0.0014,Low,1,1,0.5081416248449002,Medium,3316,50.81
PO009633,SUP003,P00097,Hydraulics,6,4211.76,SITE01,2022-11-07,2022-12-24,2022-12-27,47,50,3,2.13,0.5904,0.0,Medium,1,1,0.508127946127946,Medium,3317,50.81
PO026622,SUP036,P00272,Avionics,13,2629.38,SITE01,2022-04-18,2022-06-03,2022-06-01,46,44,-2,1.2,0.4143,0.0,Low,0,1,0.5080157606238938,Medium,3318,50.8
PO021149,SUP008,P00216,Avionics,13,3989.18,SITE02,2023-03-13,2023-04-08,2023-04-06,26,24,-2,1.26,0.4416,0.0003,Low,0,1,0.5079459711279233,Medium,3319,50.79
PO011989,SUP035,P00121,Avionics,11,3259.85,SITE05,2022-09-26,2022-10-21,2022-10-20,25,24,-1,1.44,0.4551,0.0,Low,0,1,0.5079124290877371,Medium,3320,50.79
PO006645,SUP031,P00067,LandingGear,21,16552.2,SITE06,2022-03-21,2022-04-19,2022-04-18,29,28,-1,1.45,0.4286,0.0,Low,0,1,0.5076430424621334,Medium,3321,50.76
PO028013,SUP004,P00285,Fasteners,17,15513.52,SITE04,2022-10-17,2022-12-01,2022-12-01,45,45,0,1.23,0.4819,0.0011,Low,0,1,0.5076228889277079,Medium,3322,50.76
PO004394,SUP019,P00045,Fasteners,33,133489.95,SITE06,2023-07-24,2023-08-20,2023-08-17,27,24,-3,1.13,0.4176,0.0015,Low,0,1,0.5074975523141277,Medium,3323,50.75
PO014471,SUP020,P00146,Electrical,6,25591.08,SITE02,2022-03-07,2022-03-18,2022-03-17,11,10,-1,0.84,0.32,0.0,Low,0,1,0.5074786922036365,Medium,3324,50.75
PO007747,SUP012,P00079,Electrical,3,3998.1,SITE04,2023-11-27,2023-12-16,2023-12-18,19,21,2,1.01,0.4027,0.0006,Low,1,1,0.5074429483168071,Medium,3325,50.74
PO029131,SUP002,P00297,LandingGear,21,26428.71,SITE03,2023-01-09,2023-02-26,2023-03-07,48,57,9,2.47,0.6934,0.0009,Medium,1,1,0.5074385169164288,Medium,3326,50.74
PO010476,SUP022,P00105,Structure,6,2067.42,SITE02,2022-12-05,2022-12-31,2023-01-02,26,28,2,1.06,0.4066,0.0003,Low,1,1,0.507399282591424,Medium,3327,50.74
PO027306,SUP013,P00277,Electrical,14,17230.78,SITE04,2022-10-03,2022-11-23,2022-11-24,51,52,1,2.4,0.6808,0.001,Medium,1,1,0.5073609685398975,Medium,3328,50.74
PO026792,SUP037,P00273,Fasteners,20,38232.6,SITE01,2022-05-09,2022-06-11,2022-06-12,33,34,1,1.07,0.3936,0.0,Low,1,1,0.5072765637641019,Medium,3329,50.73
PO021289,SUP007,P00217,Fasteners,20,13825.6,SITE01,2024-05-20,2024-06-26,2024-06-24,37,35,-2,1.3,0.4713,0.0001,Low,0,1,0.507259562896758,Medium,3330,50.73
PO005237,SUP030,P00055,Structure,2,8709.18,SITE05,2023-04-10,2023-05-13,2023-05-16,33,36,3,1.18,0.4183,0.0005,Low,1,1,0.5072238076576079,Medium,3331,50.72
PO017759,SUP031,P00180,LandingGear,10,27589.3,SITE06,2024-04-15,2024-05-21,2024-05-20,36,35,-1,1.27,0.4346,0.0006,Low,0,1,0.5070943121878946,Medium,3332,50.71
PO007668,SUP012,P00078,Electrical,16,26437.76,SITE06,2023-04-10,2023-04-28,2023-04-26,18,16,-2,1.03,0.4075,0.0005,Low,0,1,0.5070151498144312,Medium,3333,50.7
PO015290,SUP012,P00154,Avionics,39,9028.5,SITE04,2024-08-19,2024-09-20,2024-09-22,32,34,2,1.07,0.4155,0.0006,Low,1,1,0.5069010513900465,Medium,3334,50.69
PO000088,SUP028,P00002,Cabin,15,10062.6,SITE01,2022-04-04,2022-05-05,2022-05-08,31,34,3,0.89,0.3976,0.0021,Low,1,1,0.506810611847839,Medium,3335,50.68
PO005777,SUP036,P00059,Cabin,14,16575.58,SITE03,2023-09-04,2023-10-16,2023-10-13,42,39,-3,1.15,0.4074,0.0024,Low,0,1,0.5066536728106495,Medium,3336,50.67
PO026402,SUP011,P00269,Avionics,9,7149.69,SITE04,2024-10-07,2024-11-16,2024-11-15,40,39,-1,1.25,0.4278,0.0008,Low,0,1,0.5066270531249794,Medium,3337,50.66
PO007359,SUP031,P00075,Engine,7,11700.85,SITE06,2023-06-12,2023-07-21,2023-07-19,39,37,-2,1.21,0.4103,0.0003,Low,0,1,0.5065910435077403,Medium,3338,50.66
PO019974,SUP024,P00203,Fasteners,14,18328.24,SITE05,2023-09-04,2023-11-06,2023-11-15,63,72,9,2.36,0.6617,0.0014,Medium,1,1,0.5065041397380186,Medium,3339,50.65
PO002508,SUP030,P00026,Fasteners,20,21899.4,SITE01,2023-05-15,2023-06-19,2023-06-22,35,38,3,1.2,0.417,0.0004,Low,1,1,0.506487955566553,Medium,3340,50.65
PO013413,SUP034,P00136,LandingGear,39,120839.94,SITE05,2022-12-12,2023-01-15,2023-01-15,34,34,0,1.16,0.4433,0.0022,Low,0,1,0.506454390562774,Medium,3341,50.65
PO022700,SUP040,P00230,Avionics,4,1260.84,SITE05,2023-03-06,2023-05-04,2023-05-04,59,59,0,2.21,0.6605,0.0023,Medium,0,1,0.506247476150024,Medium,3342,50.62
PO014264,SUP010,P00143,Avionics,34,8913.44,SITE06,2023-01-02,2023-02-01,2023-02-02,30,31,1,1.38,0.4565,0.0005,Low,1,1,0.5062403612636763,Medium,3343,50.62
PO028328,SUP031,P00288,Electrical,4,3865.68,SITE04,2022-07-11,2022-08-06,2022-08-04,26,24,-2,1.13,0.3699,0.0007,Low,0,1,0.5061928829919773,Medium,3344,50.62
PO022984,SUP005,P00233,Cabin,5,51985.45,SITE04,2023-09-25,2023-11-26,2023-12-01,62,67,5,2.45,0.6654,0.0,Medium,1,1,0.5061610630531567,Medium,3345,50.62
PO014725,SUP028,P00149,Fasteners,86,175759.06,SITE01,2024-12-23,2025-01-21,2025-01-23,29,31,2,1.09,0.4109,0.0008,Low,1,1,0.5060846272271152,Medium,3346,50.61
PO006475,SUP038,P00065,Fasteners,10,14176.1,SITE06,2023-07-24,2023-09-09,2023-09-09,47,47,0,2.29,0.6693,0.001,Medium,0,1,0.5059908748891453,Medium,3347,50.6
PO024273,SUP031,P00249,Hydraulics,10,4957.3,SITE01,2022-07-11,2022-08-19,2022-08-16,39,36,-3,1.14,0.3724,0.0007,Low,0,1,0.5059873337945122,Medium,3348,50.6
PO000133,SUP028,P00002,Cabin,35,23479.4,SITE02,2024-02-19,2024-03-18,2024-03-22,28,32,4,1.06,0.4056,0.001,Low,1,1,0.5057482865470536,Medium,3349,50.57
PO005624,SUP001,P00058,Hydraulics,7,11007.43,SITE03,2023-01-02,2023-02-13,2023-02-12,42,41,-1,1.23,0.4566,0.0009,Low,0,1,0.5057443964316946,Medium,3350,50.57
PO019349,SUP040,P00198,LandingGear,19,22153.05,SITE04,2022-08-08,2022-09-13,2022-09-17,36,40,4,2.23,0.6486,0.0017,Medium,1,1,0.5056894223702526,Medium,3351,50.57
PO027450,SUP022,P00278,Fasteners,5,27229.55,SITE05,2023-03-20,2023-04-13,2023-04-14,24,25,1,1.08,0.4164,0.0003,Low,1,1,0.5056550849338219,Medium,3352,50.57
PO014288,SUP031,P00144,Fasteners,16,19137.92,SITE01,2022-07-25,2022-09-01,2022-08-31,38,37,-1,1.16,0.3694,0.0007,Low,0,1,0.5055272379413852,Medium,3353,50.55
PO013108,SUP037,P00132,Fasteners,23,21844.25,SITE06,2022-11-21,2022-12-25,2022-12-25,34,34,0,1.34,0.4766,0.002,Low,0,1,0.5055252016866763,Medium,3354,50.55
PO004581,SUP011,P00047,Avionics,5,876.9,SITE02,2022-05-30,2022-07-12,2022-07-13,43,44,1,1.14,0.3333,0.0,Low,1,1,0.5054363612414101,Medium,3355,50.54
PO002087,SUP007,P00019,Fasteners,21,59603.25,SITE05,2023-04-17,2023-05-15,2023-05-15,28,28,0,1.34,0.4671,0.0,Low,0,1,0.5054004259189142,Medium,3356,50.54
PO017229,SUP006,P00175,Cabin,31,28103.67,SITE06,2022-01-03,2022-03-01,2022-03-02,57,58,1,4.4,0.6,0.0,Medium,1,1,0.505088741306032,Medium,3357,50.51
PO028168,SUP035,P00287,Cabin,21,43401.75,SITE02,2023-03-13,2023-04-21,2023-04-24,39,42,3,1.43,0.4568,0.0,Low,1,1,0.5050459955844153,Medium,3358,50.5
PO017343,SUP034,P00176,Fasteners,6,3604.14,SITE04,2022-12-12,2023-01-21,2023-01-21,40,40,0,1.18,0.4439,0.0022,Low,0,1,0.5050098997375404,Medium,3359,50.5
PO017833,SUP025,P00181,Structure,15,14934.75,SITE04,2023-05-01,2023-06-13,2023-06-15,43,45,2,2.55,0.6734,0.0007,Medium,1,1,0.50472057000196,Medium,3360,50.47
PO001623,SUP019,P00015,Engine,3,9010.29,SITE06,2024-02-05,2024-03-13,2024-03-14,37,38,1,1.14,0.4111,0.0019,Low,1,1,0.5046643478437699,Medium,3361,50.47
PO019786,SUP038,P00201,Cabin,6,8128.98,SITE05,2024-10-14,2024-12-11,2024-12-11,58,58,0,2.33,0.6715,0.0015,Medium,0,1,0.5046377742054985,Medium,3362,50.46
PO028465,SUP004,P00289,Structure,13,4633.59,SITE06,2022-01-24,2022-02-22,2022-02-20,29,27,-2,2.0,0.5,0.0,Low,0,1,0.5046104914169668,Medium,3363,50.46
PO012174,SUP029,P00123,Cabin,9,27006.57,SITE01,2022-02-28,2022-04-10,2022-04-09,41,40,-1,1.16,0.3871,0.0147,Low,0,1,0.5042400967821133,Medium,3364,50.42
PO027037,SUP004,P00274,Avionics,49,10734.43,SITE04,2024-08-12,2024-09-17,2024-09-15,36,34,-2,1.18,0.4381,0.0007,Low,0,1,0.5042323224791607,Medium,3365,50.42
PO028031,SUP004,P00285,Fasteners,14,12775.84,SITE04,2024-03-18,2024-05-03,2024-05-02,46,45,-1,1.2,0.4517,0.0005,Low,0,1,0.5040781573333853,Medium,3366,50.41
PO003011,SUP006,P00031,Engine,4,1888.64,SITE01,2022-09-05,2022-10-28,2022-10-27,53,52,-1,2.45,0.6693,0.0007,Medium,0,1,0.5038461646601742,Medium,3367,50.38
PO015291,SUP012,P00154,Avionics,10,2315.0,SITE04,2024-11-11,2024-12-14,2024-12-15,33,34,1,1.1,0.4196,0.0006,Low,1,1,0.5037774679887459,Medium,3368,50.38
PO006195,SUP007,P00063,Avionics,7,2516.15,SITE02,2023-02-13,2023-03-20,2023-03-21,35,36,1,1.32,0.4542,0.0,Low,1,1,0.5035879341151738,Medium,3369,50.36
PO014450,SUP005,P00145,Hydraulics,3,10826.88,SITE06,2022-05-30,2022-07-18,2022-07-24,49,55,6,2.49,0.6765,0.0,Medium,1,1,0.5034611585105069,Medium,3370,50.35
PO001858,SUP027,P00018,Cabin,16,18454.24,SITE02,2023-02-06,2023-03-19,2023-03-21,41,43,2,2.53,0.6926,0.0004,Medium,1,1,0.5034302817335201,Medium,3371,50.34
PO006345,SUP032,P00064,Structure,5,9068.8,SITE02,2024-11-18,2024-12-17,2024-12-14,29,26,-3,1.01,0.3872,0.0017,Low,0,1,0.5033683721988286,Medium,3372,50.34
PO003155,SUP024,P00033,Hydraulics,12,3322.44,SITE01,2023-06-12,2023-07-28,2023-07-30,46,48,2,2.33,0.665,0.0016,Medium,1,1,0.5033331726714363,Medium,3373,50.33
PO025318,SUP010,P00261,Electrical,7,29711.5,SITE04,2022-03-14,2022-04-11,2022-04-14,28,31,3,1.73,0.5179,0.0,Low,1,1,0.5032134733094872,Medium,3374,50.32
PO004666,SUP006,P00048,Fasteners,20,27680.6,SITE02,2022-08-29,2022-11-01,2022-11-03,64,66,2,2.43,0.6599,0.0004,Medium,1,1,0.5032081253200207,Medium,3375,50.32
PO027994,SUP004,P00285,Fasteners,4,3650.24,SITE03,2022-10-03,2022-11-19,2022-11-24,47,52,5,1.19,0.4545,0.0011,Low,1,1,0.5030739090799836,Medium,3376,50.31
PO025883,SUP020,P00266,Fasteners,8,10823.44,SITE05,2024-11-25,2024-12-26,2024-12-26,31,31,0,1.03,0.3995,0.001,Low,0,1,0.5029319441430793,Medium,3377,50.29
PO006418,SUP032,P00064,Structure,4,7255.04,SITE06,2024-10-21,2024-11-19,2024-11-19,29,29,0,0.97,0.3756,0.0018,Low,0,1,0.5028305201293193,Medium,3378,50.28
PO000560,SUP024,P00005,Cabin,19,25079.24,SITE03,2023-02-06,2023-04-06,2023-04-08,59,61,2,2.33,0.673,0.0009,Medium,1,1,0.5028141176941107,Medium,3379,50.28
PO010666,SUP017,P00108,Cabin,60,36103.2,SITE01,2023-08-21,2023-09-28,2023-09-27,38,37,-1,1.08,0.4215,0.0006,Low,0,1,0.5026992629603789,Medium,3380,50.27
PO008152,SUP037,P00082,Electrical,21,65977.59,SITE06,2023-10-09,2023-11-06,2023-11-08,28,30,2,1.21,0.4353,0.0011,Low,1,1,0.5026077969878147,Medium,3381,50.26
PO027755,SUP021,P00281,Fasteners,2,20211.16,SITE05,2023-10-16,2023-12-10,2023-12-08,55,53,-2,2.59,0.7333,0.0012,Medium,0,1,0.502482982081318,Medium,3382,50.25
PO004236,SUP017,P00044,Hydraulics,2,2445.14,SITE02,2024-11-11,2024-12-05,2024-12-07,24,26,2,1.11,0.4132,0.0007,Low,1,1,0.5023234698870035,Medium,3383,50.23
PO029012,SUP014,P00295,Structure,30,9606.3,SITE06,2023-10-23,2023-11-22,2023-11-20,30,28,-2,2.51,0.7045,0.0008,Medium,0,1,0.5023035703746782,Medium,3384,50.23
PO024482,SUP032,P00252,Engine,6,3170.64,SITE04,2023-07-24,2023-09-03,2023-09-04,41,42,1,0.87,0.3348,0.002,Low,1,1,0.5021902347793825,Medium,3385,50.22
PO003611,SUP017,P00038,Fasteners,5,5720.4,SITE05,2022-12-12,2023-01-09,2023-01-07,28,26,-2,1.13,0.4372,0.0005,Low,0,1,0.5021164874441945,Medium,3386,50.21
PO000044,SUP004,P00001,Electrical,14,32528.3,SITE04,2023-05-15,2023-06-10,2023-06-11,26,27,1,1.17,0.4651,0.0008,Low,1,1,0.5020513765049103,Medium,3387,50.21
PO011070,SUP025,P00112,Hydraulics,7,1587.11,SITE03,2022-02-07,2022-03-30,2022-03-27,51,48,-3,3.58,0.8333,0.0,Medium,0,1,0.5018293876453399,Medium,3388,50.18
PO014354,SUP031,P00144,Fasteners,25,29903.0,SITE04,2023-06-05,2023-07-14,2023-07-11,39,36,-3,1.22,0.4116,0.0003,Low,0,1,0.5018291373973371,Medium,3389,50.18
PO027595,SUP003,P00280,Cabin,30,43131.0,SITE03,2022-05-02,2022-06-27,2022-07-02,56,61,5,2.44,0.6102,0.0,Medium,1,1,0.5016902426305001,Medium,3390,50.17
PO012176,SUP029,P00123,Cabin,24,72017.52,SITE01,2022-07-25,2022-09-11,2022-09-12,48,49,1,1.26,0.4261,0.0017,Low,1,1,0.5016881666596628,Medium,3391,50.17
PO000420,SUP040,P00003,Avionics,9,1974.96,SITE06,2022-12-26,2023-02-12,2023-02-11,48,47,-1,2.23,0.669,0.0022,Medium,0,1,0.5015934246960252,Medium,3392,50.16
PO026881,SUP037,P00273,Fasteners,29,55437.27,SITE04,2024-10-14,2024-11-07,2024-11-04,24,21,-3,1.22,0.4414,0.0012,Low,0,1,0.5015362613716732,Medium,3393,50.15
PO014051,SUP031,P00142,LandingGear,1,561.55,SITE01,2023-07-24,2023-08-23,2023-08-24,30,31,1,1.22,0.4074,0.0005,Low,1,1,0.5014378733634839,Medium,3394,50.14
PO021321,SUP007,P00217,Fasteners,9,6221.52,SITE02,2024-11-04,2024-12-14,2024-12-17,40,43,3,1.31,0.4669,0.0001,Low,1,1,0.5013417217355164,Medium,3395,50.13
PO012117,SUP022,P00122,Fasteners,28,135874.2,SITE04,2023-11-27,2023-12-23,2023-12-24,26,27,1,1.17,0.4415,0.0005,Low,1,1,0.5012599900141598,Medium,3396,50.13
PO028471,SUP004,P00289,Structure,16,5702.88,SITE06,2022-08-29,2022-10-02,2022-10-05,34,37,3,1.14,0.4552,0.0013,Low,1,1,0.5011386985509695,Medium,3397,50.11
PO013384,SUP034,P00136,LandingGear,6,18590.76,SITE03,2024-07-22,2024-08-14,2024-08-12,23,21,-2,1.26,0.4545,0.0022,Low,0,1,0.5009819677348392,Medium,3398,50.1
PO002845,SUP017,P00028,Engine,7,3303.37,SITE06,2022-01-03,2022-02-02,2022-02-03,30,31,1,0.0,0.0,0.0,Low,1,1,0.5009433677625426,Medium,3399,50.09
PO013883,SUP030,P00140,Structure,7,1724.17,SITE05,2023-06-12,2023-07-13,2023-07-14,31,32,1,1.18,0.4142,0.0004,Low,1,1,0.5008368468782803,Medium,3400,50.08
PO013292,SUP037,P00134,Hydraulics,27,9939.24,SITE06,2023-05-01,2023-06-01,2023-06-01,31,31,0,1.24,0.4504,0.0013,Low,0,1,0.5008330026196022,Medium,3401,50.08
PO007337,SUP031,P00075,Engine,15,25073.25,SITE04,2023-08-21,2023-10-05,2023-10-13,45,53,8,1.22,0.4165,0.0004,Low,1,1,0.5007959751115607,Medium,3402,50.08
PO011398,SUP038,P00116,Cabin,16,46781.92,SITE01,2022-02-14,2022-04-07,2022-04-04,52,49,-3,1.62,0.7059,0.0,Medium,0,1,0.5007220097032179,Medium,3403,50.07
PO010563,SUP001,P00106,Avionics,5,888.35,SITE04,2024-09-23,2024-11-14,2024-11-13,52,51,-1,1.19,0.4163,0.0005,Low,0,1,0.500669511703884,Medium,3404,50.07
PO004320,SUP019,P00045,Fasteners,4,16180.6,SITE02,2024-01-15,2024-02-11,2024-02-14,27,30,3,1.14,0.4097,0.002,Low,1,1,0.5006193378252203,Medium,3405,50.06
PO025051,SUP017,P00258,LandingGear,15,45485.7,SITE01,2024-02-19,2024-03-08,2024-03-05,18,15,-3,1.09,0.413,0.0008,Low,0,1,0.5002809143498914,Medium,3406,50.03
PO009130,SUP024,P00091,Electrical,6,10270.8,SITE02,2022-03-28,2022-05-13,2022-05-21,46,54,8,2.27,0.6667,0.0014,Medium,1,1,0.5002062052723018,Medium,3407,50.02
PO012391,SUP020,P00124,Electrical,18,18336.96,SITE04,2022-01-24,2022-02-09,2022-02-08,16,15,-1,0.7,0.3,0.0,Low,0,1,0.5000968002561362,Medium,3408,50.01
PO026980,SUP004,P00274,Avionics,8,1752.56,SITE02,2024-10-21,2024-11-29,2024-11-29,39,39,0,1.15,0.4249,0.0008,Low,0,0,0.49994368240420867,Medium,3409,49.99
PO009494,SUP011,P00094,LandingGear,11,21125.17,SITE06,2023-12-11,2024-01-05,2024-01-04,25,24,-1,1.24,0.416,0.0012,Low,0,0,0.49990851658059055,Medium,3410,49.99
PO013285,SUP037,P00134,Hydraulics,9,3313.08,SITE06,2022-11-07,2022-12-10,2022-12-13,33,36,3,1.3,0.4718,0.0022,Low,1,0,0.4998431324782473,Medium,3411,49.98
PO006245,SUP007,P00063,Avionics,73,26239.85,SITE04,2023-12-18,2024-01-23,2024-01-20,36,33,-3,1.27,0.4696,0.0002,Low,0,0,0.4997379611678426,Medium,3412,49.97
PO013838,SUP030,P00140,Structure,14,3448.34,SITE04,2022-01-03,2022-02-01,2022-01-29,29,26,-3,0.71,0.2857,0.0,Low,0,0,0.4995847518317309,Medium,3413,49.96
PO014086,SUP031,P00142,LandingGear,23,12915.65,SITE05,2023-07-17,2023-08-23,2023-08-20,37,34,-3,1.23,0.4115,0.0005,Low,0,0,0.4995818057189778,Medium,3414,49.96
PO008611,SUP022,P00086,Cabin,46,60012.98,SITE02,2024-05-13,2024-06-19,2024-06-18,37,36,-1,1.19,0.4477,0.0007,Low,0,0,0.49957251079185416,Medium,3415,49.96
PO026786,SUP036,P00272,Avionics,19,3842.94,SITE06,2024-08-19,2024-10-03,2024-10-02,45,44,-1,1.22,0.4188,0.0014,Low,0,0,0.4994563404682024,Medium,3416,49.95
PO015207,SUP012,P00154,Avionics,6,1389.0,SITE01,2024-06-17,2024-07-19,2024-07-20,32,33,1,1.06,0.4128,0.0007,Low,1,0,0.49939699269955934,Medium,3417,49.94
PO020678,SUP019,P00211,Fasteners,15,17990.1,SITE06,2023-08-14,2023-09-15,2023-09-19,32,36,4,1.14,0.4206,0.0014,Low,1,0,0.49937707378258733,Medium,3418,49.94
PO022555,SUP001,P00227,LandingGear,11,8131.97,SITE06,2024-05-27,2024-07-05,2024-07-08,39,42,3,1.18,0.4107,0.0005,Low,1,0,0.49936423370285715,Medium,3419,49.94
PO024090,SUP003,P00246,LandingGear,6,5959.92,SITE04,2022-01-10,2022-02-11,2022-02-14,32,35,3,2.0,0.6667,0.0,Medium,1,0,0.49934206773765766,Medium,3420,49.93
PO011583,SUP034,P00117,Engine,13,16330.99,SITE03,2022-09-05,2022-10-27,2022-10-28,52,53,1,1.32,0.4615,0.0017,Low,1,0,0.4992305711989536,Medium,3421,49.92
PO021475,SUP017,P00218,Cabin,11,25742.75,SITE03,2022-07-11,2022-08-16,2022-08-16,36,36,0,1.2,0.4408,0.0,Low,0,0,0.49912319820265205,Medium,3422,49.91
PO011616,SUP034,P00117,Engine,27,33918.21,SITE06,2023-02-06,2023-03-24,2023-03-25,46,47,1,1.21,0.4578,0.0018,Low,1,0,0.49890251862559626,Medium,3423,49.89
PO022518,SUP001,P00227,LandingGear,9,6653.43,SITE05,2022-04-18,2022-05-26,2022-05-25,38,37,-1,1.25,0.4559,0.0,Low,0,0,0.4987119805521157,Medium,3424,49.87
PO020392,SUP020,P00207,Fasteners,8,5213.84,SITE02,2023-06-12,2023-07-13,2023-07-15,31,33,2,1.04,0.385,0.0008,Low,1,0,0.49864305824894045,Medium,3425,49.86
PO002076,SUP007,P00019,Fasteners,15,42573.75,SITE04,2024-08-12,2024-09-13,2024-09-10,32,29,-3,1.29,0.4655,0.0001,Low,0,0,0.49838502988404126,Medium,3426,49.84
PO012119,SUP022,P00122,Fasteners,13,63084.45,SITE04,2024-03-25,2024-04-14,2024-04-12,20,18,-2,1.17,0.4462,0.0005,Low,0,0,0.4983032283521059,Medium,3427,49.83
PO017740,SUP031,P00180,LandingGear,5,13794.65,SITE05,2024-05-13,2024-06-10,2024-06-07,28,25,-3,1.27,0.4373,0.0006,Low,0,0,0.49807263233842186,Medium,3428,49.81
PO002606,SUP030,P00026,Fasteners,22,24089.34,SITE05,2022-09-12,2022-10-20,2022-10-22,38,40,2,1.28,0.45,0.0006,Low,1,0,0.4980533344210923,Medium,3429,49.81
PO017556,SUP006,P00178,Fasteners,27,22655.43,SITE04,2022-04-25,2022-06-15,2022-06-15,51,51,0,2.59,0.6721,0.0,Medium,0,0,0.49804029433825026,Medium,3430,49.8
PO001972,SUP027,P00018,Cabin,37,42675.43,SITE05,2023-09-04,2023-10-10,2023-10-11,36,37,1,2.5,0.6919,0.0006,Medium,1,0,0.49801103294853305,Medium,3431,49.8
PO028297,SUP035,P00287,Cabin,27,55802.25,SITE06,2023-11-13,2023-12-19,2023-12-22,36,39,3,1.28,0.4397,0.0024,Low,1,0,0.4977084405476277,Medium,3432,49.77
PO002578,SUP030,P00026,Fasteners,12,13139.64,SITE04,2023-03-27,2023-05-07,2023-05-04,41,38,-3,1.18,0.4199,0.0005,Low,0,0,0.4975860247366921,Medium,3433,49.76
PO015416,SUP011,P00156,Cabin,23,89339.36,SITE01,2024-01-08,2024-02-18,2024-02-15,41,38,-3,1.23,0.4162,0.0012,Low,0,0,0.49757416061750415,Medium,3434,49.76
PO021174,SUP008,P00216,Avionics,17,5216.62,SITE03,2024-02-26,2024-03-28,2024-03-26,31,29,-2,1.15,0.4218,0.0013,Low,0,0,0.49754977460266236,Medium,3435,49.75
PO003699,SUP008,P00039,LandingGear,4,6396.12,SITE03,2024-01-22,2024-02-17,2024-02-14,26,23,-3,1.16,0.4256,0.0014,Low,0,0,0.49745872029205346,Medium,3436,49.75
PO004614,SUP011,P00047,Avionics,4,701.52,SITE05,2024-04-22,2024-06-04,2024-06-08,43,47,4,1.26,0.4215,0.001,Low,1,0,0.4974257925191561,Medium,3437,49.74
PO026331,SUP011,P00269,Avionics,14,11121.74,SITE02,2022-06-20,2022-08-01,2022-08-01,42,42,0,1.09,0.3441,0.0,Low,0,0,0.49710629797927425,Medium,3438,49.71
PO003430,SUP037,P00036,Structure,8,6840.4,SITE04,2024-01-08,2024-02-06,2024-02-04,29,27,-2,1.2,0.439,0.001,Low,0,0,0.49705058763245347,Medium,3439,49.71
PO018155,SUP019,P00185,Hydraulics,4,1469.92,SITE01,2023-12-04,2023-12-29,2024-01-02,25,29,4,1.16,0.4167,0.0016,Low,1,0,0.4969949588484198,Medium,3440,49.7
PO001287,SUP036,P00010,Electrical,9,13400.19,SITE06,2024-06-24,2024-07-28,2024-07-25,34,31,-3,1.22,0.4184,0.0016,Low,0,0,0.4968919822977807,Medium,3441,49.69
PO027190,SUP007,P00276,Engine,5,6192.0,SITE01,2023-12-25,2024-02-08,2024-02-11,45,48,3,1.27,0.4701,0.0002,Low,1,0,0.4966731029808229,Medium,3442,49.67
PO008682,SUP022,P00086,Cabin,35,45662.05,SITE04,2024-10-14,2024-11-17,2024-11-18,34,35,1,1.16,0.4488,0.0008,Low,1,0,0.4966310608600159,Medium,3443,49.66
PO025506,SUP030,P00262,Structure,18,7368.3,SITE06,2024-01-01,2024-01-27,2024-01-29,26,28,2,1.18,0.4228,0.0007,Low,1,0,0.4965980226559488,Medium,3444,49.66
PO006742,SUP010,P00068,LandingGear,10,10817.7,SITE04,2024-02-26,2024-03-21,2024-03-22,24,25,1,1.31,0.4421,0.0006,Low,1,0,0.49631542233570314,Medium,3445,49.63
PO021268,SUP008,P00216,Avionics,53,16263.58,SITE06,2024-09-30,2024-10-28,2024-10-30,28,30,2,1.13,0.4335,0.001,Low,1,0,0.4959745609395054,Medium,3446,49.6
PO025763,SUP020,P00266,Fasteners,7,9470.51,SITE01,2022-03-07,2022-04-08,2022-04-09,32,33,1,0.81,0.3077,0.0,Low,1,0,0.4958412440399446,Medium,3447,49.58
PO026927,SUP037,P00273,Fasteners,81,154842.03,SITE06,2023-09-25,2023-10-28,2023-11-01,33,37,4,1.21,0.4354,0.0012,Low,1,0,0.4958207984552289,Medium,3448,49.58
PO028488,SUP004,P00289,Structure,12,4277.16,SITE06,2024-05-13,2024-06-19,2024-06-25,37,43,6,1.18,0.4425,0.0006,Low,1,0,0.4958068985282052,Medium,3449,49.58
PO018620,SUP007,P00190,Structure,3,12690.96,SITE02,2023-10-02,2023-10-30,2023-10-31,28,29,1,1.29,0.4658,0.0002,Low,1,0,0.49564386536692895,Medium,3450,49.56
PO008989,SUP031,P00089,Cabin,16,20115.36,SITE04,2024-09-02,2024-10-21,2024-10-21,49,49,0,1.25,0.4356,0.0005,Low,0,0,0.49546562439751635,Medium,3451,49.55
PO004957,SUP027,P00052,Electrical,4,4704.28,SITE01,2024-10-07,2024-11-04,2024-11-08,28,32,4,2.45,0.6894,0.001,Medium,1,0,0.49533710554284444,Medium,3452,49.53
PO029047,SUP007,P00296,Fasteners,3,2161.89,SITE02,2022-05-23,2022-06-22,2022-06-20,30,28,-2,1.41,0.47,0.0,Low,0,0,0.4952607305596489,Medium,3453,49.53
PO000304,SUP040,P00003,Avionics,15,3291.6,SITE02,2022-09-26,2022-11-07,2022-11-08,42,43,1,2.3,0.67,0.0017,Medium,1,0,0.4952446439131831,Medium,3454,49.52
PO008680,SUP022,P00086,Cabin,17,22178.71,SITE04,2024-07-29,2024-09-03,2024-09-05,36,38,2,1.15,0.4465,0.0008,Low,1,0,0.4952122534425547,Medium,3455,49.52
PO021489,SUP017,P00218,Cabin,15,35103.75,SITE03,2023-07-17,2023-08-22,2023-08-21,36,35,-1,1.1,0.4282,0.0005,Low,0,0,0.4951161366777672,Medium,3456,49.51
PO013050,SUP037,P00132,Fasteners,21,19944.75,SITE04,2022-03-14,2022-04-17,2022-04-14,34,31,-3,1.08,0.3673,0.0,Low,0,0,0.49510462885256423,Medium,3457,49.51
PO022100,SUP012,P00223,Avionics,19,10140.87,SITE06,2023-12-18,2024-01-20,2024-01-17,33,30,-3,1.01,0.4005,0.0005,Low,0,0,0.49506747474114254,Medium,3458,49.51
PO002534,SUP030,P00026,Fasteners,9,9854.73,SITE02,2022-10-31,2022-12-03,2022-11-30,33,30,-3,1.26,0.4421,0.0007,Low,0,0,0.49504779868725507,Medium,3459,49.5
PO012892,SUP010,P00130,Structure,3,3168.84,SITE01,2022-08-15,2022-09-05,2022-09-02,21,18,-3,1.45,0.5,0.0,Low,0,0,0.4949094530726806,Medium,3460,49.49
PO002279,SUP029,P00023,Structure,7,16331.63,SITE04,2023-11-06,2023-12-14,2023-12-11,38,35,-3,1.24,0.4344,0.001,Low,0,0,0.494784963201973,Medium,3461,49.48
PO009938,SUP040,P00100,Avionics,18,8763.12,SITE06,2023-03-20,2023-05-03,2023-05-02,44,43,-1,2.19,0.6586,0.0023,Medium,0,0,0.49471589370840213,Medium,3462,49.47
PO024483,SUP032,P00252,Engine,3,1585.32,SITE04,2024-04-15,2024-05-18,2024-05-19,33,34,1,0.98,0.3706,0.0019,Low,1,0,0.49463841970947764,Medium,3463,49.46
PO004513,SUP018,P00046,Avionics,23,4004.76,SITE05,2022-10-31,2022-12-16,2022-12-15,46,45,-1,2.19,0.7037,0.0015,Medium,0,0,0.4943937952146436,Medium,3464,49.44
PO027707,SUP003,P00280,Cabin,22,31629.4,SITE06,2023-08-28,2023-10-25,2023-10-25,58,58,0,2.25,0.6572,0.0,Medium,0,0,0.4942886343542193,Medium,3465,49.43
PO021530,SUP017,P00218,Cabin,59,138074.75,SITE04,2024-04-08,2024-05-17,2024-05-16,39,38,-1,1.09,0.4099,0.0008,Low,0,0,0.49426675447005325,Medium,3466,49.43
PO022966,SUP005,P00233,Cabin,9,93573.81,SITE03,2022-05-30,2022-07-31,2022-08-02,62,64,2,2.56,0.6901,0.0,Medium,1,0,0.49402666433974485,Medium,3467,49.4
PO011892,SUP035,P00121,Avionics,11,3259.85,SITE01,2023-11-20,2023-12-17,2023-12-19,27,29,2,1.28,0.4413,0.0023,Low,1,0,0.4938425434790787,Medium,3468,49.38
PO007661,SUP012,P00078,Electrical,33,54527.88,SITE06,2022-04-18,2022-05-06,2022-05-03,18,15,-3,0.92,0.3826,0.0,Low,0,0,0.49378376200200214,Medium,3469,49.38
PO000019,SUP004,P00001,Electrical,6,13940.7,SITE02,2023-05-01,2023-05-29,2023-05-31,28,30,2,1.16,0.4595,0.0009,Low,1,0,0.49376937008103977,Medium,3470,49.38
PO012029,SUP035,P00121,Avionics,31,9186.85,SITE06,2023-03-27,2023-04-26,2023-04-23,30,27,-3,1.41,0.4549,0.0033,Low,0,0,0.4937406230099438,Medium,3471,49.37
PO014793,SUP028,P00149,Fasteners,11,22480.81,SITE04,2024-07-29,2024-08-24,2024-08-21,26,23,-3,1.08,0.4035,0.0009,Low,0,0,0.4937361275140212,Medium,3472,49.37
PO014728,SUP028,P00149,Fasteners,45,91966.95,SITE02,2022-05-02,2022-05-28,2022-06-01,26,30,4,1.02,0.4118,0.0016,Low,1,0,0.49352184251135384,Medium,3473,49.35
PO026695,SUP036,P00272,Avionics,20,4045.2,SITE03,2024-06-24,2024-08-10,2024-08-11,47,48,1,1.21,0.4156,0.0016,Low,1,0,0.493382604545601,Medium,3474,49.34
PO008048,SUP037,P00081,Electrical,11,38333.68,SITE06,2022-09-26,2022-10-22,2022-10-24,26,28,2,1.29,0.4734,0.0021,Low,1,0,0.4933034431947713,Medium,3475,49.33
PO027025,SUP004,P00274,Avionics,10,2190.7,SITE04,2023-10-16,2023-11-22,2023-11-25,37,40,3,1.19,0.4569,0.0007,Low,1,0,0.49327594859193863,Medium,3476,49.33
PO010879,SUP029,P00109,Engine,7,5600.14,SITE03,2023-02-27,2023-04-19,2023-04-22,51,54,3,1.12,0.4089,0.0007,Low,1,0,0.49323646753917216,Medium,3477,49.32
PO026384,SUP011,P00269,Avionics,10,7944.1,SITE04,2023-05-29,2023-07-10,2023-07-07,42,39,-3,1.14,0.3941,0.0009,Low,0,0,0.49320699698888937,Medium,3478,49.32
PO005267,SUP027,P00056,Cabin,23,26639.75,SITE01,2023-08-28,2023-10-13,2023-10-10,46,43,-3,2.5,0.6917,0.0006,Medium,0,0,0.49318066882680056,Medium,3479,49.32
PO028451,SUP004,P00289,Structure,6,2138.58,SITE05,2022-10-24,2022-11-23,2022-11-22,30,29,-1,1.22,0.4826,0.001,Low,0,0,0.4931307220980148,Medium,3480,49.31
PO007294,SUP012,P00074,Electrical,1,6860.32,SITE05,2022-02-21,2022-03-16,2022-03-15,23,22,-1,0.83,0.339,0.0,Low,0,0,0.49306459188878393,Medium,3481,49.31
PO012025,SUP035,P00121,Avionics,31,9186.85,SITE06,2022-12-05,2022-12-28,2023-01-04,23,30,7,1.51,0.4648,0.0,Low,1,0,0.49305119589923513,Medium,3482,49.31
PO025695,SUP007,P00265,Hydraulics,4,1588.24,SITE03,2022-03-28,2022-05-06,2022-05-05,39,38,-1,1.43,0.4643,0.0,Low,0,0,0.4930415034708734,Medium,3483,49.3
PO008608,SUP022,P00086,Cabin,30,39138.9,SITE02,2023-09-18,2023-10-24,2023-10-25,36,37,1,1.14,0.4299,0.0004,Low,1,0,0.4930286257920063,Medium,3484,49.3
PO026225,SUP036,P00268,Cabin,29,12394.6,SITE04,2023-02-06,2023-03-25,2023-03-26,47,48,1,1.19,0.4227,0.0034,Low,1,0,0.49284024328081216,Medium,3485,49.28
PO020251,SUP010,P00205,LandingGear,23,21308.81,SITE04,2024-09-09,2024-10-03,2024-09-30,24,21,-3,1.27,0.4333,0.0006,Low,0,0,0.49280484127973123,Medium,3486,49.28
PO007038,SUP007,P00071,Avionics,10,13892.8,SITE03,2024-03-11,2024-04-12,2024-04-17,32,37,5,1.26,0.4637,0.0001,Low,1,0,0.49272803376228014,Medium,3487,49.27
PO028348,SUP031,P00288,Electrical,5,4832.1,SITE06,2022-08-01,2022-08-28,2022-08-29,27,28,1,1.12,0.362,0.0007,Low,1,0,0.49263844825506503,Medium,3488,49.26
PO012423,SUP020,P00124,Electrical,6,6112.32,SITE05,2024-09-09,2024-09-23,2024-09-23,14,14,0,1.04,0.3924,0.0008,Low,0,0,0.49254404167225496,Medium,3489,49.25
PO028467,SUP004,P00289,Structure,13,4633.59,SITE06,2022-02-28,2022-03-31,2022-04-02,31,33,2,1.16,0.4,0.0,Low,1,0,0.49253628310687153,Medium,3490,49.25
PO006242,SUP007,P00063,Avionics,29,10424.05,SITE04,2023-07-17,2023-08-22,2023-08-23,36,37,1,1.3,0.4631,0.0002,Low,1,0,0.4923997227980242,Medium,3491,49.24
PO010536,SUP001,P00106,Avionics,14,2487.38,SITE02,2024-12-23,2025-02-08,2025-02-12,47,51,4,1.18,0.4187,0.0004,Low,1,0,0.49229240142398073,Medium,3492,49.23
PO000686,SUP024,P00005,Cabin,74,97677.04,SITE06,2024-12-23,2025-02-25,2025-02-23,64,62,-2,2.44,0.6773,0.001,Medium,0,0,0.49215559791064367,Medium,3493,49.22
PO017043,SUP032,P00174,Hydraulics,7,3336.97,SITE04,2022-02-28,2022-04-06,2022-04-06,37,37,0,1.32,0.6364,0.0,Low,0,0,0.4921418434787689,Medium,3494,49.21
PO020915,SUP034,P00214,Fasteners,7,6537.58,SITE01,2023-05-15,2023-06-23,2023-06-22,39,38,-1,1.22,0.4549,0.0022,Low,0,0,0.4919482505828979,Medium,3495,49.19
PO028306,SUP035,P00287,Cabin,13,26867.75,SITE06,2024-06-17,2024-07-27,2024-07-24,40,37,-3,1.23,0.4382,0.0017,Low,0,0,0.4918702913287991,Medium,3496,49.19
PO007622,SUP012,P00078,Electrical,12,19828.32,SITE04,2022-12-19,2023-01-07,2023-01-09,19,21,2,0.93,0.3824,0.0005,Low,1,0,0.4918628373827595,Medium,3497,49.19
PO027081,SUP004,P00274,Avionics,27,5914.89,SITE06,2022-06-27,2022-07-31,2022-07-28,34,31,-3,1.12,0.4526,0.001,Low,0,0,0.4918417046497541,Medium,3498,49.18
PO006945,SUP027,P00070,Electrical,29,21689.97,SITE04,2024-09-16,2024-10-09,2024-10-13,23,27,4,2.46,0.6904,0.0009,Medium,1,0,0.49174143223289674,Medium,3499,49.17
PO029036,SUP007,P00296,Fasteners,14,10088.82,SITE01,2022-11-14,2022-12-14,2022-12-19,30,35,5,1.35,0.4484,0.0,Low,1,0,0.49173914340957564,Medium,3500,49.17
PO008160,SUP037,P00082,Electrical,21,65977.59,SITE06,2024-06-17,2024-07-13,2024-07-13,26,26,0,1.2,0.4356,0.0011,Low,0,0,0.49133416604340385,Medium,3501,49.13
PO016978,SUP019,P00173,Structure,30,29146.5,SITE04,2024-11-18,2024-12-18,2024-12-17,30,29,-1,1.22,0.4355,0.0015,Low,0,0,0.49130288986360493,Medium,3502,49.13
PO027516,SUP012,P00279,Fasteners,6,65964.18,SITE04,2023-08-07,2023-09-14,2023-09-13,38,37,-1,1.01,0.4,0.0005,Low,0,0,0.4912183416468762,Medium,3503,49.12
PO015292,SUP012,P00154,Avionics,27,6250.5,SITE04,2024-12-02,2025-01-02,2025-01-05,31,34,3,1.09,0.4175,0.0006,Low,1,0,0.4911022657736359,Medium,3504,49.11
PO003734,SUP008,P00039,LandingGear,31,49569.93,SITE04,2024-10-21,2024-11-11,2024-11-10,21,20,-1,1.14,0.4374,0.0011,Low,0,0,0.49090747304014903,Medium,3505,49.09
PO006793,SUP010,P00068,LandingGear,13,14063.01,SITE06,2023-10-30,2023-11-18,2023-11-16,19,17,-2,1.36,0.4552,0.0004,Low,0,0,0.4907581397985506,Medium,3506,49.08
PO010500,SUP022,P00105,Structure,6,2067.42,SITE04,2024-10-14,2024-11-03,2024-11-01,20,18,-2,1.16,0.4498,0.0008,Low,0,0,0.4906926362993619,Medium,3507,49.07
PO022527,SUP001,P00227,LandingGear,10,7392.7,SITE05,2023-08-28,2023-10-02,2023-10-02,35,35,0,1.21,0.4278,0.0008,Low,0,0,0.4904470670074026,Medium,3508,49.04
PO027862,SUP001,P00284,Fasteners,6,16965.42,SITE02,2022-10-31,2022-12-21,2022-12-28,51,58,7,1.22,0.4652,0.001,Low,1,0,0.49037619040743813,Medium,3509,49.04
PO018905,SUP017,P00193,Electrical,6,8429.76,SITE02,2023-07-24,2023-08-18,2023-08-17,25,24,-1,1.09,0.4263,0.0005,Low,0,0,0.49026369982295126,Medium,3510,49.03
PO005878,SUP036,P00059,Cabin,12,14207.64,SITE06,2023-11-06,2023-12-26,2023-12-23,50,47,-3,1.15,0.4067,0.0021,Low,0,0,0.49022637442442907,Medium,3511,49.02
PO002766,SUP016,P00027,Avionics,10,8507.3,SITE06,2023-05-29,2023-07-11,2023-07-13,43,45,2,2.34,0.6576,0.0042,Medium,1,0,0.4902006250012811,Medium,3512,49.02
PO010508,SUP022,P00105,Structure,6,2067.42,SITE05,2024-04-15,2024-05-09,2024-05-13,24,28,4,1.18,0.4454,0.0005,Low,1,0,0.49015135884717553,Medium,3513,49.02
PO022301,SUP032,P00225,LandingGear,13,8958.3,SITE04,2023-10-23,2023-11-16,2023-11-16,24,24,0,0.93,0.3669,0.0021,Low,0,0,0.48992872648121977,Medium,3514,48.99
PO026793,SUP037,P00273,Fasteners,8,15293.04,SITE01,2022-05-23,2022-06-25,2022-06-22,33,30,-3,1.11,0.4128,0.0,Low,0,0,0.4898044898843714,Medium,3515,48.98
PO021538,SUP017,P00218,Cabin,24,56166.0,SITE05,2022-02-14,2022-03-23,2022-03-23,37,37,0,0.92,0.3396,0.0,Low,0,0,0.4896159881934627,Medium,3516,48.96
PO010800,SUP017,P00108,Cabin,57,34298.04,SITE05,2022-12-26,2023-02-05,2023-02-07,41,43,2,1.14,0.439,0.0005,Low,1,0,0.4895466996011927,Medium,3517,48.95
PO001338,SUP030,P00011,Fasteners,24,12912.48,SITE03,2022-08-22,2022-10-02,2022-10-01,41,40,-1,1.29,0.4542,0.0007,Low,0,0,0.4895248483502857,Medium,3518,48.95
PO017036,SUP032,P00174,Hydraulics,7,3336.97,SITE03,2022-11-21,2022-12-26,2022-12-29,35,38,3,1.02,0.4154,0.0008,Low,1,0,0.48951175344255604,Medium,3519,48.95
PO021440,SUP017,P00218,Cabin,22,51485.5,SITE01,2023-08-21,2023-09-26,2023-10-02,36,42,6,1.07,0.4186,0.0006,Low,1,0,0.4894347367744293,Medium,3520,48.94
PO014260,SUP010,P00143,Avionics,41,10748.56,SITE06,2022-08-29,2022-09-28,2022-09-25,30,27,-3,1.4,0.4928,0.0004,Low,0,0,0.48941802907722415,Medium,3521,48.94
PO012972,SUP017,P00131,Engine,1,397.49,SITE05,2024-03-11,2024-04-13,2024-04-15,33,35,2,1.09,0.4111,0.0008,Low,1,0,0.4893780609822278,Medium,3522,48.94
PO002462,SUP030,P00025,Structure,14,6297.2,SITE05,2024-10-14,2024-11-19,2024-11-18,36,35,-1,1.21,0.4249,0.0009,Low,0,0,0.4893678451977204,Medium,3523,48.94
PO005829,SUP036,P00059,Cabin,57,67486.29,SITE04,2024-12-23,2025-02-11,2025-02-09,50,48,-2,1.24,0.4204,0.0013,Low,0,0,0.48901274196672956,Medium,3524,48.9
PO011307,SUP008,P00115,Cabin,13,38456.99,SITE04,2022-05-30,2022-07-08,2022-07-07,39,38,-1,1.27,0.4127,0.0,Low,0,0,0.4888152994483978,Medium,3525,48.88
PO016439,SUP012,P00165,Electrical,14,20122.34,SITE06,2024-02-05,2024-02-22,2024-02-23,17,18,1,1.0,0.3983,0.0005,Low,1,0,0.48876687145717135,Medium,3526,48.88
PO028995,SUP014,P00295,Structure,27,8645.67,SITE06,2022-01-31,2022-03-02,2022-03-05,30,33,3,2.38,0.7381,0.0,Medium,1,0,0.4884942553544898,Medium,3527,48.85
PO027876,SUP001,P00284,Fasteners,2,5655.14,SITE03,2022-06-13,2022-08-06,2022-08-10,54,58,4,1.28,0.4737,0.0,Low,1,0,0.4884189940811979,Medium,3528,48.84
PO025050,SUP017,P00258,LandingGear,7,21226.66,SITE01,2024-02-05,2024-02-22,2024-02-23,17,18,1,1.08,0.4128,0.0008,Low,1,0,0.4882972319381985,Medium,3529,48.83
PO021478,SUP017,P00218,Cabin,33,77228.25,SITE03,2022-11-07,2022-12-17,2022-12-15,40,38,-2,1.15,0.4404,0.0004,Low,0,0,0.4882457959082992,Medium,3530,48.82
PO007534,SUP012,P00077,Fasteners,12,43326.12,SITE05,2022-01-17,2022-02-17,2022-02-15,31,29,-2,0.29,0.1905,0.0,Low,0,0,0.488214345312131,Medium,3531,48.82
PO028167,SUP035,P00287,Cabin,12,24801.0,SITE02,2023-02-06,2023-03-21,2023-03-21,43,43,0,1.43,0.4524,0.0,Low,0,0,0.4879957718566888,Medium,3532,48.8
PO028175,SUP035,P00287,Cabin,11,22734.25,SITE02,2023-10-30,2023-12-03,2023-12-04,34,35,1,1.27,0.4314,0.0024,Low,1,0,0.4878877921865882,Medium,3533,48.79
PO002530,SUP030,P00026,Fasteners,6,6569.82,SITE02,2022-07-25,2022-08-31,2022-09-01,37,38,1,1.31,0.4646,0.0004,Low,1,0,0.48784387665104506,Medium,3534,48.78
PO012414,SUP020,P00124,Electrical,7,7131.04,SITE05,2022-03-21,2022-04-03,2022-04-07,13,17,4,1.06,0.4375,0.0,Low,1,0,0.48772570328917253,Medium,3535,48.77
PO022110,SUP012,P00223,Avionics,30,16011.9,SITE06,2024-09-02,2024-10-04,2024-10-04,32,32,0,1.08,0.4152,0.0006,Low,0,0,0.4877056238330965,Medium,3536,48.77
PO021801,SUP010,P00221,Electrical,12,22323.24,SITE06,2023-07-17,2023-08-10,2023-08-16,24,30,6,1.35,0.4574,0.0005,Low,1,0,0.4871132265000473,Medium,3537,48.71
PO018316,SUP040,P00186,Fasteners,14,13499.08,SITE06,2024-12-09,2025-01-19,2025-01-21,41,43,2,2.28,0.6602,0.0016,Medium,1,0,0.4870106080260595,Medium,3538,48.7
PO007286,SUP012,P00074,Electrical,1,6860.32,SITE03,2024-07-01,2024-07-24,2024-07-23,23,22,-1,1.06,0.4126,0.0007,Low,0,0,0.48700960405936466,Medium,3539,48.7
PO025615,SUP029,P00263,Structure,12,10243.68,SITE06,2023-07-31,2023-09-10,2023-09-09,41,40,-1,1.18,0.4274,0.0007,Low,0,0,0.48700256546580306,Medium,3540,48.7
PO017029,SUP032,P00174,Hydraulics,1,476.71,SITE01,2022-01-31,2022-03-08,2022-03-07,36,35,-1,1.29,0.6429,0.0,Low,0,0,0.48674180374835857,Medium,3541,48.67
PO015462,SUP011,P00156,Cabin,21,81570.72,SITE03,2022-06-20,2022-08-05,2022-08-02,46,43,-3,1.11,0.3444,0.0,Low,0,0,0.48664686874496565,Medium,3542,48.66
PO007254,SUP035,P00073,Avionics,1,3427.65,SITE05,2022-01-03,2022-02-08,2022-02-06,36,34,-2,0.0,0.0,0.0,Low,0,0,0.4865646889342541,Medium,3543,48.66
PO015438,SUP011,P00156,Cabin,20,77686.4,SITE02,2023-02-20,2023-04-05,2023-04-05,44,44,0,1.14,0.3932,0.0004,Low,0,0,0.48650526765571783,Medium,3544,48.65
PO005452,SUP013,P00057,Avionics,7,827.26,SITE01,2022-11-28,2023-01-24,2023-01-24,57,57,0,2.46,0.6866,0.0008,Medium,0,0,0.48650254150635275,Medium,3545,48.65
PO006716,SUP010,P00068,LandingGear,16,17308.32,SITE03,2024-08-26,2024-09-18,2024-09-18,23,23,0,1.27,0.4345,0.0006,Low,0,0,0.486461639780392,Medium,3546,48.65
PO002722,SUP016,P00027,Avionics,29,24671.17,SITE04,2024-06-10,2024-07-22,2024-07-29,42,49,7,2.51,0.6739,0.0029,Medium,1,0,0.486396447928746,Medium,3547,48.64
PO006682,SUP010,P00068,LandingGear,7,7572.39,SITE01,2024-07-15,2024-08-08,2024-08-06,24,22,-2,1.29,0.4353,0.0007,Low,0,0,0.48633758676494326,Medium,3548,48.63
PO026769,SUP036,P00272,Avionics,14,2831.64,SITE06,2023-08-07,2023-10-02,2023-09-29,56,53,-3,1.17,0.4112,0.0025,Low,0,0,0.4862772301993864,Medium,3549,48.63
PO018221,SUP019,P00185,Hydraulics,9,3307.32,SITE06,2022-07-25,2022-08-21,2022-08-23,27,29,2,1.18,0.4186,0.0009,Low,1,0,0.4860463596628711,Medium,3550,48.6
PO018857,SUP017,P00192,Structure,11,5484.71,SITE06,2022-07-18,2022-08-16,2022-08-18,29,31,2,1.17,0.4332,0.0,Low,1,0,0.4860295933749097,Medium,3551,48.6
PO002622,SUP030,P00026,Fasteners,25,27374.25,SITE05,2024-11-11,2024-12-17,2024-12-18,36,37,1,1.2,0.4246,0.0009,Low,1,0,0.48596097594358495,Medium,3552,48.6
PO024295,SUP031,P00249,Hydraulics,8,3965.84,SITE03,2023-05-15,2023-06-23,2023-06-20,39,36,-3,1.2,0.4063,0.0003,Low,0,0,0.485897296729284,Medium,3553,48.59
PO014297,SUP031,P00144,Fasteners,5,5980.6,SITE01,2023-09-25,2023-11-01,2023-10-30,37,35,-2,1.28,0.4258,0.0004,Low,0,0,0.4858601744470448,Medium,3554,48.59
PO003368,SUP037,P00036,Structure,12,10260.6,SITE01,2024-08-05,2024-09-13,2024-09-10,39,36,-3,1.2,0.4374,0.0011,Low,0,0,0.48559146558082433,Medium,3555,48.56
PO001489,SUP012,P00013,Avionics,2,3502.78,SITE05,2022-01-17,2022-02-23,2022-02-23,37,37,0,0.3,0.2,0.0,Low,0,0,0.4855571946611184,Medium,3556,48.56
PO017037,SUP032,P00174,Hydraulics,2,953.42,SITE03,2022-12-19,2023-01-23,2023-01-24,35,36,1,1.01,0.4085,0.0007,Low,1,0,0.48546573796573816,Medium,3557,48.55
PO002899,SUP036,P00029,Structure,4,16787.84,SITE06,2022-03-21,2022-04-28,2022-04-29,38,39,1,1.2,0.4082,0.0,Low,1,0,0.48541554904790196,Medium,3558,48.54
PO014714,SUP028,P00149,Fasteners,33,67442.43,SITE01,2024-04-15,2024-05-12,2024-05-13,27,28,1,1.08,0.4085,0.0009,Low,1,0,0.48537833955972504,Medium,3559,48.54
PO009632,SUP003,P00097,Hydraulics,7,4913.72,SITE01,2022-09-26,2022-11-04,2022-11-08,39,43,4,2.19,0.6084,0.0,Medium,1,0,0.48526179648238477,Medium,3560,48.53
PO006816,SUP037,P00069,Avionics,2,4148.14,SITE02,2024-09-23,2024-10-25,2024-10-27,32,34,2,1.22,0.4435,0.0011,Low,1,0,0.4849370801576943,Medium,3561,48.49
PO025726,SUP007,P00265,Hydraulics,26,10323.56,SITE04,2024-07-22,2024-08-27,2024-08-27,36,36,0,1.29,0.4678,0.0001,Low,0,0,0.4844988104611026,Medium,3562,48.45
PO025571,SUP029,P00263,Structure,18,15365.52,SITE04,2022-10-10,2022-11-16,2022-11-13,37,34,-3,1.13,0.4057,0.0012,Low,0,0,0.4844896295826355,Medium,3563,48.45
PO027933,SUP001,P00284,Fasteners,10,28275.7,SITE06,2022-01-03,2022-02-22,2022-02-19,50,47,-3,1.0,0.5,0.0,Low,0,0,0.4843392626072035,Medium,3564,48.43
PO025386,SUP030,P00262,Structure,6,2456.1,SITE02,2022-07-25,2022-08-29,2022-08-27,35,33,-2,1.32,0.4632,0.0004,Low,0,0,0.4842684342348151,Medium,3565,48.43
PO016407,SUP012,P00165,Electrical,9,12935.79,SITE04,2024-12-23,2025-01-09,2025-01-06,17,14,-3,1.09,0.4182,0.0006,Low,0,0,0.4840350098416836,Medium,3566,48.4
PO024627,SUP034,P00254,Hydraulics,7,5181.82,SITE04,2022-09-05,2022-10-09,2022-10-14,34,39,5,1.32,0.4632,0.0017,Low,1,0,0.4838783174566466,Medium,3567,48.39
PO002388,SUP030,P00025,Structure,7,3148.6,SITE03,2022-03-28,2022-05-09,2022-05-06,42,39,-3,1.37,0.4444,0.0,Low,0,0,0.4838555490776633,Medium,3568,48.39
PO024016,SUP009,P00245,LandingGear,38,47323.3,SITE06,2024-05-13,2024-06-22,2024-06-28,40,46,6,2.2,0.6718,0.0017,Medium,1,0,0.4838077104849285,Medium,3569,48.38
PO015235,SUP012,P00154,Avionics,11,2546.5,SITE03,2022-03-07,2022-04-09,2022-04-10,33,34,1,0.83,0.3553,0.0,Low,1,0,0.48363501919197865,Medium,3570,48.36
PO007344,SUP031,P00075,Engine,29,48474.95,SITE04,2024-07-15,2024-08-31,2024-08-30,47,46,-1,1.27,0.4373,0.0006,Low,0,0,0.4834836413539364,Medium,3571,48.35
PO016933,SUP019,P00173,Structure,4,3886.2,SITE02,2024-12-09,2025-01-07,2025-01-09,29,31,2,1.22,0.4375,0.0014,Low,1,0,0.48339130942768077,Medium,3572,48.34
PO016426,SUP012,P00165,Electrical,18,25871.58,SITE06,2022-09-26,2022-10-10,2022-10-12,14,16,2,0.97,0.3938,0.0003,Low,1,0,0.4833743018155091,Medium,3573,48.34
PO024342,SUP031,P00249,Hydraulics,3,1487.19,SITE06,2022-05-30,2022-07-16,2022-07-14,47,45,-2,1.19,0.3966,0.001,Low,0,0,0.48335456190278925,Medium,3574,48.34
PO001147,SUP012,P00009,Structure,3,9037.41,SITE02,2022-06-20,2022-07-13,2022-07-15,23,25,2,0.91,0.375,0.0005,Low,1,0,0.48329661116438416,Medium,3575,48.33
PO007610,SUP012,P00078,Electrical,3,4957.08,SITE03,2024-07-01,2024-07-21,2024-07-20,20,19,-1,1.06,0.4124,0.0007,Low,0,0,0.48323306378569336,Medium,3576,48.32
PO027451,SUP022,P00278,Fasteners,13,70796.83,SITE05,2023-05-29,2023-06-21,2023-06-18,23,20,-3,1.07,0.4141,0.0004,Low,0,0,0.4832003424798483,Medium,3577,48.32
PO028255,SUP035,P00287,Cabin,24,49602.0,SITE05,2022-09-26,2022-11-07,2022-11-08,42,43,1,1.43,0.4524,0.0,Low,1,0,0.48319228882355086,Medium,3578,48.32
PO016489,SUP023,P00167,Avionics,6,2185.68,SITE02,2022-11-07,2022-12-31,2023-01-03,54,57,3,2.91,0.7973,0.0063,Medium,1,0,0.4830251009337685,Medium,3579,48.3
PO005795,SUP036,P00059,Cabin,12,14207.64,SITE04,2022-01-24,2022-03-07,2022-03-06,42,41,-1,1.31,0.5385,0.0,Low,0,0,0.4830000262439535,Medium,3580,48.3
PO009020,SUP031,P00089,Cabin,12,15086.52,SITE06,2022-09-05,2022-10-23,2022-10-25,48,50,2,1.14,0.3967,0.0006,Low,1,0,0.48296299831154416,Medium,3581,48.3
PO028326,SUP031,P00288,Electrical,2,1932.84,SITE03,2023-12-04,2023-12-28,2023-12-29,24,25,1,1.26,0.4275,0.0006,Low,1,0,0.4829566369773267,Medium,3582,48.3
PO018170,SUP019,P00185,Hydraulics,2,734.96,SITE03,2022-01-24,2022-02-15,2022-02-12,22,19,-3,2.06,0.6667,0.0,Low,0,0,0.4827278653813558,Medium,3583,48.27
PO002128,SUP007,P00019,Fasteners,6,17029.5,SITE06,2024-04-01,2024-05-07,2024-05-06,36,35,-1,1.28,0.4702,0.0001,Low,0,0,0.48266618582652615,Medium,3584,48.27
PO016736,SUP001,P00170,Structure,20,10168.4,SITE04,2022-08-15,2022-09-21,2022-09-24,37,40,3,1.18,0.446,0.0007,Low,1,0,0.48249119725847245,Medium,3585,48.25
PO002855,SUP017,P00028,Engine,11,5191.01,SITE06,2022-11-28,2022-12-27,2022-12-28,29,30,1,1.11,0.4282,0.0006,Low,1,0,0.48241358394139516,Medium,3586,48.24
PO013686,SUP040,P00138,LandingGear,5,11897.05,SITE06,2023-04-03,2023-05-02,2023-04-29,29,26,-3,2.19,0.6556,0.0023,Medium,0,0,0.4821649131958783,Medium,3587,48.22
PO001746,SUP031,P00017,Cabin,16,103399.52,SITE02,2022-05-23,2022-07-08,2022-07-07,46,45,-1,1.21,0.4037,0.001,Low,0,0,0.4820646792986426,Medium,3588,48.21
PO010672,SUP017,P00108,Cabin,84,50544.48,SITE01,2024-03-04,2024-04-12,2024-04-09,39,36,-3,1.08,0.411,0.0008,Low,0,0,0.482055401640759,Medium,3589,48.21
PO008677,SUP022,P00086,Cabin,10,13046.3,SITE04,2024-05-27,2024-06-29,2024-06-29,33,33,0,1.17,0.4435,0.0007,Low,0,0,0.4818459560770535,Medium,3590,48.18
PO015656,SUP019,P00157,LandingGear,20,50070.8,SITE06,2022-12-26,2023-01-17,2023-01-16,22,21,-1,1.17,0.4254,0.0014,Low,0,0,0.4818274551769404,Medium,3591,48.18
PO025747,SUP007,P00265,Hydraulics,8,3176.48,SITE06,2022-08-01,2022-09-05,2022-09-10,35,40,5,1.31,0.4507,0.0,Low,1,0,0.4817850509495805,Medium,3592,48.18
PO004863,SUP004,P00050,Structure,5,2241.3,SITE04,2023-03-27,2023-05-02,2023-04-30,36,34,-2,1.16,0.4542,0.0009,Low,0,0,0.4817480555145261,Medium,3593,48.17
PO006687,SUP010,P00068,LandingGear,2,2163.54,SITE01,2024-12-09,2025-01-01,2025-01-02,23,24,1,1.27,0.4317,0.0006,Low,1,0,0.4816702119798267,Medium,3594,48.17
PO014079,SUP031,P00142,LandingGear,3,1684.65,SITE04,2023-08-21,2023-09-22,2023-09-20,32,30,-2,1.24,0.4172,0.0004,Low,0,0,0.4815835656413658,Medium,3595,48.16
PO024257,SUP027,P00248,Avionics,8,2080.4,SITE06,2023-12-18,2024-01-28,2024-02-02,41,46,5,2.52,0.6925,0.0005,Medium,1,0,0.48141178302989557,Medium,3596,48.14
PO021800,SUP010,P00221,Electrical,32,59528.64,SITE06,2023-06-26,2023-07-18,2023-07-17,22,21,-1,1.37,0.4555,0.0005,Low,0,0,0.4812608396210043,Medium,3597,48.13
PO014722,SUP028,P00149,Fasteners,6,12262.26,SITE01,2024-08-26,2024-09-22,2024-09-19,27,24,-3,1.08,0.4026,0.0009,Low,0,0,0.4810971801498991,Medium,3598,48.11
PO024296,SUP031,P00249,Hydraulics,12,5948.76,SITE03,2023-06-05,2023-07-19,2023-07-16,44,41,-3,1.22,0.4137,0.0003,Low,0,0,0.4809617090486529,Medium,3599,48.1
PO013351,SUP034,P00136,LandingGear,9,27886.14,SITE01,2023-01-16,2023-02-15,2023-02-15,30,30,0,1.2,0.4528,0.0019,Low,0,0,0.48085621223144054,Medium,3600,48.09
PO006814,SUP037,P00069,Avionics,2,4148.14,SITE02,2023-08-14,2023-09-19,2023-09-16,36,33,-3,1.17,0.4277,0.0012,Low,0,0,0.48077891375088183,Medium,3601,48.08
PO026768,SUP036,P00272,Avionics,31,6270.06,SITE06,2023-07-10,2023-08-22,2023-08-20,43,41,-2,1.18,0.4155,0.0026,Low,0,0,0.4805108267314512,Medium,3602,48.05
PO016919,SUP019,P00173,Structure,8,7772.4,SITE02,2022-02-14,2022-03-17,2022-03-14,31,28,-3,1.63,0.5429,0.0,Low,0,0,0.4804264328190695,Medium,3603,48.04
PO014309,SUP031,P00144,Fasteners,17,20334.04,SITE02,2022-01-31,2022-03-11,2022-03-08,39,36,-3,1.06,0.2941,0.0,Low,0,0,0.48037614660977945,Medium,3604,48.04
PO010758,SUP017,P00108,Cabin,38,22865.36,SITE04,2022-06-27,2022-08-04,2022-08-04,38,38,0,1.18,0.4378,0.0,Low,0,0,0.48035560468418453,Medium,3605,48.04
PO008788,SUP022,P00087,Fasteners,20,111422.2,SITE04,2023-12-11,2024-01-06,2024-01-05,26,25,-1,1.17,0.4453,0.0005,Low,0,0,0.48028069546041424,Medium,3606,48.03
PO004081,SUP014,P00042,Fasteners,12,26865.84,SITE02,2024-01-15,2024-02-23,2024-02-21,39,37,-2,2.45,0.6905,0.0007,Medium,0,0,0.4801330144777591,Medium,3607,48.01
PO018205,SUP019,P00185,Hydraulics,20,7349.6,SITE05,2022-05-09,2022-06-05,2022-06-06,27,28,1,1.18,0.425,0.0,Low,1,0,0.4801078467583455,Medium,3608,48.01
PO006239,SUP007,P00063,Avionics,28,10064.6,SITE04,2023-05-08,2023-06-15,2023-06-16,38,39,1,1.35,0.4642,0.0,Low,1,0,0.4800617645690276,Medium,3609,48.01
PO002544,SUP030,P00026,Fasteners,14,15329.58,SITE02,2024-08-19,2024-09-22,2024-09-27,34,39,5,1.19,0.4216,0.001,Low,1,0,0.48005713158661495,Medium,3610,48.01
PO003743,SUP008,P00039,LandingGear,5,7995.15,SITE05,2023-01-09,2023-02-04,2023-02-01,26,23,-3,1.3,0.4709,0.0004,Low,0,0,0.48005667726952567,Medium,3611,48.01
PO011344,SUP008,P00115,Cabin,10,29582.3,SITE05,2022-09-19,2022-11-05,2022-11-07,47,49,2,1.29,0.4531,0.0,Low,1,0,0.4799984240066602,Medium,3612,48.0
PO015953,SUP017,P00160,Hydraulics,11,22504.9,SITE04,2023-01-09,2023-02-11,2023-02-13,33,35,2,1.13,0.4399,0.0005,Low,1,0,0.4798560140562595,Medium,3613,47.99
PO008998,SUP031,P00089,Cabin,8,10057.68,SITE05,2023-05-22,2023-07-07,2023-07-04,46,43,-3,1.2,0.4052,0.0003,Low,0,0,0.4798135103065071,Medium,3614,47.98
PO017455,SUP010,P00177,Avionics,2,655.4,SITE03,2023-04-10,2023-05-21,2023-05-23,41,43,2,1.39,0.451,0.0004,Low,1,0,0.47979932079915194,Medium,3615,47.98
PO001474,SUP012,P00013,Avionics,1,1751.39,SITE01,2024-02-26,2024-03-29,2024-03-26,32,29,-3,1.0,0.3971,0.0005,Low,0,0,0.47960692945253564,Medium,3616,47.96
PO002120,SUP007,P00019,Fasteners,12,34059.0,SITE06,2023-09-11,2023-10-09,2023-10-08,28,27,-1,1.31,0.4686,0.0002,Low,0,0,0.479577618827641,Medium,3617,47.96
PO021176,SUP008,P00216,Avionics,9,2761.74,SITE03,2024-05-27,2024-06-27,2024-06-28,31,32,1,1.13,0.427,0.0012,Low,1,0,0.47955533748950196,Medium,3618,47.96
PO013220,SUP037,P00134,Hydraulics,11,4049.32,SITE02,2022-01-31,2022-03-02,2022-03-01,30,29,-1,0.79,0.2083,0.0,Low,0,0,0.4795370894515119,Medium,3619,47.95
PO018879,SUP017,P00192,Structure,21,10470.81,SITE06,2024-03-11,2024-04-04,2024-04-06,24,26,2,1.09,0.4117,0.0008,Low,1,0,0.4793786136544438,Medium,3620,47.94
PO021576,SUP017,P00218,Cabin,27,63186.75,SITE06,2022-06-13,2022-07-21,2022-07-21,38,38,0,1.21,0.4457,0.0,Low,0,0,0.479175928747514,Medium,3621,47.92
PO000022,SUP004,P00001,Electrical,4,9293.8,SITE02,2024-04-08,2024-05-06,2024-05-06,28,28,0,1.19,0.4471,0.0007,Low,0,0,0.4791673742526938,Medium,3622,47.92
PO017482,SUP010,P00177,Avionics,4,1310.8,SITE05,2024-11-25,2024-12-30,2025-01-02,35,38,3,1.26,0.432,0.0006,Low,1,0,0.4791643818612131,Medium,3623,47.92
PO007707,SUP012,P00079,Electrical,19,25321.3,SITE02,2022-04-11,2022-04-28,2022-04-26,17,15,-2,0.94,0.3853,0.0,Low,0,0,0.47906444992668773,Medium,3624,47.91
PO020928,SUP034,P00214,Fasteners,16,14943.04,SITE02,2022-11-28,2023-01-04,2023-01-01,37,34,-3,1.21,0.4599,0.0018,Low,0,0,0.47904894455142855,Medium,3625,47.9
PO020634,SUP019,P00211,Fasteners,7,8395.38,SITE04,2022-08-22,2022-10-02,2022-10-06,41,45,4,1.13,0.4167,0.0022,Low,1,0,0.47902685947736073,Medium,3626,47.9
PO012399,SUP020,P00124,Electrical,12,12224.64,SITE04,2022-10-24,2022-11-09,2022-11-06,16,13,-3,1.05,0.3788,0.0007,Low,0,0,0.4788732555994277,Medium,3627,47.89
PO018867,SUP017,P00192,Structure,47,23434.67,SITE06,2023-07-03,2023-07-26,2023-07-24,23,21,-2,1.12,0.434,0.0005,Low,0,0,0.478797560967559,Medium,3628,47.88
PO002818,SUP017,P00028,Engine,3,1415.73,SITE04,2023-01-30,2023-02-28,2023-02-27,29,28,-1,1.12,0.4322,0.0004,Low,0,0,0.47859638730805726,Medium,3629,47.86
PO014709,SUP028,P00149,Fasteners,13,26568.23,SITE01,2023-09-11,2023-10-05,2023-10-04,24,23,-1,1.02,0.4101,0.0009,Low,0,0,0.4785297654646981,Medium,3630,47.85
PO006305,SUP007,P00063,Avionics,18,6470.1,SITE06,2024-02-19,2024-03-27,2024-03-30,37,40,3,1.27,0.4688,0.0001,Low,1,0,0.4784044093737625,Medium,3631,47.84
PO013740,SUP001,P00139,Structure,13,20788.82,SITE04,2022-04-25,2022-06-01,2022-05-30,37,35,-2,1.32,0.4595,0.0,Low,0,0,0.4781966382002269,Medium,3632,47.82
PO018159,SUP019,P00185,Hydraulics,17,6247.16,SITE02,2022-07-11,2022-08-06,2022-08-04,26,24,-2,1.22,0.4298,0.0,Low,0,0,0.4781335171449855,Medium,3633,47.81
PO027435,SUP022,P00278,Fasteners,15,81688.65,SITE04,2024-06-24,2024-07-17,2024-07-18,23,24,1,1.15,0.4399,0.0006,Low,1,0,0.4781266005139381,Medium,3634,47.81
PO023771,SUP008,P00243,LandingGear,11,203258.0,SITE01,2024-06-24,2024-07-14,2024-07-11,20,17,-3,1.14,0.4337,0.0011,Low,0,0,0.47804300432964236,Medium,3635,47.8
PO016476,SUP035,P00166,Engine,3,1110.57,SITE06,2023-08-14,2023-09-14,2023-09-11,31,28,-3,1.31,0.4414,0.0025,Low,0,0,0.47765368285744925,Medium,3636,47.77
PO015496,SUP011,P00156,Cabin,19,73802.08,SITE04,2023-06-12,2023-07-27,2023-07-26,45,44,-1,1.15,0.3957,0.0009,Low,0,0,0.4775557879021485,Medium,3637,47.76
PO012497,SUP018,P00125,Avionics,4,5960.04,SITE06,2023-07-10,2023-08-26,2023-08-26,47,47,0,2.28,0.6952,0.0013,Medium,0,0,0.47754721754781077,Medium,3638,47.75
PO016999,SUP019,P00173,Structure,18,17487.9,SITE06,2022-11-07,2022-12-09,2022-12-06,32,29,-3,1.2,0.4219,0.0016,Low,0,0,0.47744453951818194,Medium,3639,47.74
PO001498,SUP012,P00013,Avionics,4,7005.56,SITE06,2024-03-04,2024-04-14,2024-04-11,41,38,-3,1.0,0.399,0.0005,Low,0,0,0.47729538143184197,Medium,3640,47.73
PO020226,SUP010,P00205,LandingGear,15,13897.05,SITE04,2022-06-13,2022-07-07,2022-07-04,24,21,-3,1.5,0.5255,0.0,Low,0,0,0.4772060788348344,Medium,3641,47.72
PO009475,SUP011,P00094,LandingGear,6,11522.82,SITE05,2024-05-06,2024-06-02,2024-06-01,27,26,-1,1.28,0.4295,0.001,Low,0,0,0.47707212434473273,Medium,3642,47.71
PO024586,SUP028,P00253,Hydraulics,5,2604.2,SITE06,2023-10-16,2023-11-08,2023-11-09,23,24,1,1.06,0.4127,0.001,Low,1,0,0.4769555551812827,Medium,3643,47.7
PO017368,SUP034,P00176,Fasteners,13,7808.97,SITE04,2024-12-09,2025-01-23,2025-01-22,45,44,-1,1.24,0.4413,0.0019,Low,0,0,0.4768351986971992,Medium,3644,47.68
PO010671,SUP017,P00108,Cabin,35,21060.2,SITE01,2024-02-26,2024-03-31,2024-04-01,34,35,1,1.09,0.4134,0.0008,Low,1,0,0.4767013452181318,Medium,3645,47.67
PO004037,SUP017,P00041,Fasteners,14,9810.92,SITE06,2023-07-31,2023-08-22,2023-08-23,22,23,1,1.09,0.4275,0.0006,Low,1,0,0.47644208903348756,Medium,3646,47.64
PO027903,SUP001,P00284,Fasteners,15,42413.55,SITE04,2022-12-05,2023-01-26,2023-01-23,52,49,-3,1.28,0.4686,0.0009,Low,0,0,0.4763838851147225,Medium,3647,47.64
PO027770,SUP003,P00282,Electrical,3,8262.0,SITE01,2022-10-10,2022-11-09,2022-11-12,30,33,3,2.17,0.6053,0.0,Medium,1,0,0.47634005319299444,Medium,3648,47.63
PO021805,SUP010,P00221,Electrical,10,18602.7,SITE06,2023-10-23,2023-11-18,2023-11-15,26,23,-3,1.37,0.4576,0.0004,Low,0,0,0.4761766371268496,Medium,3649,47.62
PO016958,SUP019,P00173,Structure,24,23317.2,SITE04,2022-11-21,2022-12-20,2022-12-21,29,30,1,1.19,0.4286,0.0016,Low,1,0,0.47616923735910094,Medium,3650,47.62
PO005631,SUP001,P00058,Hydraulics,27,42457.23,SITE04,2022-01-03,2022-02-10,2022-02-11,38,39,1,0.0,0.0,0.0,Low,1,0,0.4759325984165448,Medium,3651,47.59
PO028005,SUP004,P00285,Fasteners,6,5475.36,SITE03,2024-12-23,2025-02-09,2025-02-06,48,45,-3,1.17,0.4364,0.0007,Low,0,0,0.4759139480349891,Medium,3652,47.59
PO005415,SUP027,P00056,Cabin,64,74128.0,SITE06,2022-06-27,2022-08-08,2022-08-12,42,46,4,2.76,0.7398,0.0,Medium,1,0,0.4758736701793118,Medium,3653,47.59
PO026930,SUP037,P00273,Fasteners,9,17204.67,SITE06,2024-01-22,2024-02-25,2024-02-28,34,37,3,1.21,0.4416,0.001,Low,1,0,0.47585049678203795,Medium,3654,47.59
PO026788,SUP036,P00272,Avionics,20,4045.2,SITE06,2024-10-07,2024-11-24,2024-11-24,48,48,0,1.22,0.4166,0.0014,Low,0,0,0.4758113674587556,Medium,3655,47.58
PO014342,SUP031,P00144,Fasteners,9,10765.08,SITE03,2024-09-02,2024-10-09,2024-10-15,37,43,6,1.25,0.4338,0.0005,Low,1,0,0.47573644165114387,Medium,3656,47.57
PO005490,SUP013,P00057,Avionics,10,1181.8,SITE03,2023-03-27,2023-05-19,2023-05-22,53,56,3,2.42,0.6734,0.0012,Medium,1,0,0.4757211839163836,Medium,3657,47.57
PO020389,SUP020,P00207,Fasteners,3,1955.19,SITE02,2022-10-17,2022-11-12,2022-11-11,26,25,-1,1.04,0.375,0.0007,Low,0,0,0.475680102149992,Medium,3658,47.57
PO002822,SUP017,P00028,Engine,11,5191.01,SITE04,2023-04-24,2023-05-22,2023-05-22,28,28,0,1.1,0.4303,0.0006,Low,0,0,0.47561937212105787,Medium,3659,47.56
PO014852,SUP028,P00149,Fasteners,26,53136.46,SITE06,2024-12-02,2024-12-26,2024-12-27,24,25,1,1.09,0.4106,0.0008,Low,1,0,0.47537667150216256,Medium,3660,47.54
PO028505,SUP002,P00290,LandingGear,4,4659.84,SITE01,2024-12-16,2025-02-01,2025-02-02,47,48,1,2.61,0.7198,0.0009,Medium,1,0,0.475353398956234,Medium,3661,47.54
PO002729,SUP016,P00027,Avionics,17,14462.41,SITE04,2024-10-28,2024-12-15,2024-12-19,48,52,4,2.47,0.6712,0.0025,Medium,1,0,0.4752979564720121,Medium,3662,47.53
PO026318,SUP011,P00269,Avionics,33,26215.53,SITE01,2023-05-01,2023-06-09,2023-06-12,39,42,3,1.1,0.3794,0.0007,Low,1,0,0.4752023902833882,Medium,3663,47.52
PO007536,SUP012,P00077,Fasteners,3,10831.53,SITE05,2022-10-24,2022-11-19,2022-11-18,26,25,-1,0.95,0.3912,0.0005,Low,0,0,0.4751072004630588,Medium,3664,47.51
PO022965,SUP005,P00233,Cabin,7,72779.63,SITE03,2022-02-28,2022-05-01,2022-05-04,62,65,3,2.59,0.6667,0.0,Medium,1,0,0.47497385031186684,Medium,3665,47.5
PO017408,SUP034,P00176,Fasteners,14,8409.66,SITE06,2024-01-08,2024-02-22,2024-02-22,45,45,0,1.24,0.4534,0.0015,Low,0,0,0.4748757645611096,Medium,3666,47.49
PO003968,SUP017,P00041,Fasteners,7,4905.46,SITE03,2023-09-04,2023-09-27,2023-09-24,23,20,-3,1.08,0.4195,0.0005,Low,0,0,0.47475238175090234,Medium,3667,47.48
PO002433,SUP030,P00025,Structure,25,11245.0,SITE04,2024-05-20,2024-06-22,2024-06-26,33,37,4,1.21,0.424,0.0009,Low,1,0,0.47460669600711375,Medium,3668,47.46
PO026729,SUP036,P00272,Avionics,21,4247.46,SITE04,2024-06-03,2024-07-17,2024-07-14,44,41,-3,1.21,0.4168,0.0016,Low,0,0,0.47448225502941666,Medium,3669,47.45
PO009780,SUP029,P00099,Engine,6,7230.78,SITE04,2023-04-03,2023-05-25,2023-05-29,52,56,4,1.14,0.4296,0.0009,Low,1,0,0.47446272668873035,Medium,3670,47.45
PO016000,SUP012,P00161,Engine,3,12218.94,SITE03,2022-05-09,2022-06-15,2022-06-14,37,36,-1,0.92,0.3796,0.0,Low,0,0,0.4743951712213687,Medium,3671,47.44
PO027125,SUP014,P00275,Engine,8,8316.72,SITE02,2023-09-04,2023-10-16,2023-10-20,42,46,4,2.46,0.7022,0.0009,Medium,1,0,0.4743729512770008,Medium,3672,47.44
PO017704,SUP031,P00180,LandingGear,5,13794.65,SITE02,2023-12-25,2024-01-28,2024-02-02,34,39,5,1.25,0.428,0.0006,Low,1,0,0.4742766945503806,Medium,3673,47.43
PO017339,SUP034,P00176,Fasteners,7,4204.83,SITE04,2022-09-12,2022-10-25,2022-10-25,43,43,0,1.36,0.4748,0.0016,Low,0,0,0.474199932317249,Medium,3674,47.42
PO015210,SUP012,P00154,Avionics,19,4398.5,SITE01,2024-09-02,2024-10-05,2024-10-06,33,34,1,1.08,0.4151,0.0006,Low,1,0,0.4741581731918484,Medium,3675,47.42
PO018360,SUP012,P00187,Structure,2,1902.34,SITE03,2023-04-03,2023-04-24,2023-04-27,21,24,3,1.04,0.4108,0.0005,Low,1,0,0.4740370032795132,Medium,3676,47.4
PO014302,SUP031,P00144,Fasteners,6,7176.72,SITE01,2024-04-15,2024-05-29,2024-05-26,44,41,-3,1.27,0.4353,0.0006,Low,0,0,0.47401336616517936,Medium,3677,47.4
PO024495,SUP032,P00252,Engine,2,1056.88,SITE06,2024-12-09,2025-01-12,2025-01-12,34,34,0,1.0,0.3866,0.0017,Low,0,0,0.4739308406974762,Medium,3678,47.39
PO002477,SUP030,P00025,Structure,14,6297.2,SITE06,2023-02-27,2023-04-03,2023-03-31,35,32,-3,1.19,0.4255,0.0005,Low,0,0,0.4739132401820575,Medium,3679,47.39
PO016730,SUP001,P00170,Structure,27,13727.34,SITE04,2022-02-07,2022-03-13,2022-03-11,34,32,-2,1.21,0.4483,0.0,Low,0,0,0.47391120565048944,Medium,3680,47.39
PO013729,SUP001,P00139,Structure,4,6396.56,SITE02,2024-12-02,2025-01-03,2025-01-01,32,30,-2,1.17,0.4169,0.0004,Low,0,0,0.47386753220970007,Medium,3681,47.39
PO009368,SUP030,P00093,Engine,25,12726.0,SITE04,2024-05-20,2024-06-30,2024-07-01,41,42,1,1.21,0.4248,0.0009,Low,1,0,0.47384492505925085,Medium,3682,47.38
PO022204,SUP028,P00224,Fasteners,2,5715.62,SITE05,2022-12-26,2023-01-22,2023-01-20,27,25,-2,0.96,0.3828,0.0009,Low,0,0,0.4738318655989115,Medium,3683,47.38
PO016109,SUP009,P00162,LandingGear,11,32428.88,SITE06,2024-04-01,2024-05-05,2024-05-10,34,39,5,2.2,0.668,0.0016,Medium,1,0,0.4737781280248481,Medium,3684,47.38
PO021350,SUP007,P00217,Fasteners,29,20047.12,SITE04,2022-11-21,2022-12-24,2022-12-26,33,35,2,1.37,0.4513,0.0,Low,1,0,0.47367226164386345,Medium,3685,47.37
PO008060,SUP037,P00081,Electrical,9,31363.92,SITE06,2023-12-25,2024-01-17,2024-01-20,23,26,3,1.2,0.4359,0.001,Low,1,0,0.47365238901110357,Medium,3686,47.37
PO003143,SUP029,P00032,Electrical,2,1982.24,SITE06,2023-07-03,2023-08-07,2023-08-07,35,35,0,1.19,0.4336,0.0007,Low,0,0,0.4732824072698847,Medium,3687,47.33
PO015460,SUP011,P00156,Cabin,11,42727.52,SITE03,2022-02-07,2022-03-27,2022-03-24,48,45,-3,1.63,0.4737,0.0,Low,0,0,0.4732769267769266,Medium,3688,47.33
PO024117,SUP003,P00246,LandingGear,14,13906.48,SITE04,2024-05-13,2024-06-15,2024-06-18,33,36,3,2.28,0.6528,0.0001,Medium,1,0,0.4731516107778569,Medium,3689,47.32
PO001937,SUP027,P00018,Cabin,29,33448.31,SITE04,2023-10-02,2023-11-12,2023-11-14,41,43,2,2.51,0.6921,0.0006,Medium,1,0,0.47312037650091665,Medium,3690,47.31
PO027410,SUP022,P00278,Fasteners,7,38121.37,SITE03,2023-09-25,2023-10-17,2023-10-16,22,21,-1,1.16,0.4357,0.0003,Low,0,0,0.4730774319062507,Medium,3691,47.31
PO025722,SUP007,P00265,Hydraulics,11,4367.66,SITE04,2024-02-12,2024-03-18,2024-03-20,35,37,2,1.27,0.4686,0.0002,Low,1,0,0.4730067816669398,Medium,3692,47.3
PO003379,SUP037,P00036,Structure,17,14535.85,SITE02,2022-10-24,2022-11-25,2022-11-27,32,34,2,1.27,0.4629,0.0023,Low,1,0,0.4729579973375376,Medium,3693,47.3
PO008794,SUP022,P00087,Fasteners,1,5571.11,SITE05,2022-09-12,2022-10-07,2022-10-08,25,26,1,1.0,0.3717,0.0,Low,1,0,0.4728018881919046,Medium,3694,47.28
PO013106,SUP037,P00132,Fasteners,9,8547.75,SITE06,2022-09-12,2022-10-13,2022-10-15,31,33,2,1.25,0.4596,0.0022,Low,1,0,0.4726733587642208,Medium,3695,47.27
PO016561,SUP007,P00168,Engine,1,3707.61,SITE03,2024-04-01,2024-05-11,2024-05-12,40,41,1,1.28,0.4704,0.0001,Low,1,0,0.47244255348721736,Medium,3696,47.24
PO008124,SUP037,P00082,Electrical,20,62835.8,SITE05,2022-07-04,2022-07-31,2022-08-02,27,29,2,1.18,0.4296,0.0,Low,1,0,0.4723346552955936,Medium,3697,47.23
PO025402,SUP030,P00262,Structure,31,12689.85,SITE02,2024-03-04,2024-04-08,2024-04-15,35,42,7,1.18,0.4254,0.0007,Low,1,0,0.47228164558253494,Medium,3698,47.23
PO022251,SUP032,P00225,LandingGear,16,11025.6,SITE01,2023-10-16,2023-11-07,2023-11-04,22,19,-3,0.92,0.3613,0.0021,Low,0,0,0.47227528181235384,Medium,3699,47.23
PO014938,SUP010,P00150,Fasteners,9,18755.01,SITE06,2022-03-14,2022-04-12,2022-04-12,29,29,0,1.69,0.5098,0.0,Low,0,0,0.47223462328218574,Medium,3700,47.22
PO025385,SUP030,P00262,Structure,5,2046.75,SITE02,2022-07-18,2022-08-17,2022-08-20,30,33,3,1.28,0.4595,0.0004,Low,1,0,0.47213070805926693,Medium,3701,47.21
PO027008,SUP004,P00274,Avionics,23,5038.61,SITE04,2022-01-17,2022-02-27,2022-02-24,41,38,-3,2.29,0.5714,0.0,Low,0,0,0.4720304085528932,Medium,3702,47.2
PO027508,SUP012,P00279,Fasteners,8,87952.24,SITE04,2022-06-20,2022-07-22,2022-07-23,32,33,1,0.93,0.3812,0.0005,Low,1,0,0.4720299293953217,Medium,3703,47.2
PO022710,SUP040,P00230,Avionics,7,2206.47,SITE06,2022-08-22,2022-10-15,2022-10-17,54,56,2,2.29,0.6605,0.0016,Medium,1,0,0.47195697844296924,Medium,3704,47.2
PO008827,SUP029,P00088,Structure,2,3541.46,SITE01,2024-04-08,2024-05-13,2024-05-11,35,33,-2,1.23,0.4369,0.0009,Low,0,0,0.4719093310966582,Medium,3705,47.19
PO011935,SUP035,P00121,Avionics,19,5630.65,SITE03,2023-12-11,2024-01-06,2024-01-04,26,24,-2,1.26,0.4371,0.0023,Low,0,0,0.471885177857727,Medium,3706,47.19
PO006205,SUP007,P00063,Avionics,36,12940.2,SITE02,2024-06-10,2024-07-16,2024-07-13,36,33,-3,1.3,0.4721,0.0001,Low,0,0,0.47178291678529916,Medium,3707,47.18
PO013688,SUP040,P00138,LandingGear,10,23794.1,SITE06,2023-09-25,2023-10-29,2023-11-01,34,37,3,2.29,0.659,0.0018,Medium,1,0,0.4714450120006803,Medium,3708,47.14
PO020088,SUP032,P00204,Fasteners,18,32929.56,SITE04,2022-09-19,2022-10-20,2022-10-17,31,28,-3,0.94,0.4259,0.001,Low,0,0,0.47138972527381784,Medium,3709,47.14
PO019257,SUP012,P00197,Electrical,2,2113.14,SITE02,2023-12-25,2024-01-14,2024-01-13,20,19,-1,1.0,0.401,0.0005,Low,0,0,0.4710610725200483,Medium,3710,47.11
PO015303,SUP012,P00154,Avionics,7,1620.5,SITE05,2023-06-12,2023-07-13,2023-07-14,31,32,1,1.01,0.4053,0.0004,Low,1,0,0.47097203573090257,Medium,3711,47.1
PO014389,SUP031,P00144,Fasteners,10,11961.2,SITE05,2024-05-27,2024-07-06,2024-07-09,40,43,3,1.27,0.4371,0.0006,Low,1,0,0.4709654136024241,Medium,3712,47.1
PO022324,SUP032,P00225,LandingGear,6,4134.6,SITE05,2024-02-26,2024-03-18,2024-03-15,21,18,-3,1.01,0.3827,0.002,Low,0,0,0.47089643189798447,Medium,3713,47.09
PO021276,SUP007,P00217,Fasteners,5,3456.4,SITE01,2022-10-10,2022-11-20,2022-11-21,41,42,1,1.3,0.449,0.0,Low,1,0,0.4707396657565379,Medium,3714,47.07
PO022630,SUP001,P00229,Hydraulics,4,1947.64,SITE04,2024-12-23,2025-02-07,2025-02-04,46,43,-3,1.19,0.4216,0.0004,Low,0,0,0.4705622666765977,Medium,3715,47.06
PO004208,SUP028,P00043,Electrical,1,1779.33,SITE05,2022-01-24,2022-02-11,2022-02-08,18,15,-3,0.64,0.32,0.0,Low,0,0,0.4705099793893484,Medium,3716,47.05
PO002575,SUP030,P00026,Fasteners,25,27374.25,SITE04,2023-01-23,2023-02-27,2023-03-01,35,37,2,1.19,0.4236,0.0005,Low,1,0,0.47048409735019986,Medium,3717,47.05
PO008800,SUP022,P00087,Fasteners,2,11142.22,SITE06,2022-02-07,2022-03-04,2022-03-03,25,24,-1,0.97,0.4333,0.0,Low,0,0,0.47044411711265693,Medium,3718,47.04
PO026445,SUP011,P00269,Avionics,12,9532.92,SITE06,2024-04-01,2024-05-14,2024-05-18,43,47,4,1.25,0.4201,0.001,Low,1,0,0.4704416737678176,Medium,3719,47.04
PO011665,SUP035,P00118,Engine,5,1763.8,SITE05,2022-05-23,2022-06-25,2022-06-27,33,35,2,1.28,0.4321,0.0,Low,1,0,0.4703886936968335,Medium,3720,47.04
PO001341,SUP030,P00011,Fasteners,8,4304.16,SITE03,2022-10-31,2022-12-11,2022-12-09,41,39,-2,1.26,0.4431,0.0007,Low,0,0,0.47034033357433475,Medium,3721,47.03
PO009767,SUP029,P00099,Engine,4,4820.52,SITE02,2022-02-21,2022-04-20,2022-04-24,58,62,4,1.11,0.3704,0.0,Low,1,0,0.4702861308043377,Medium,3722,47.03
PO000393,SUP040,P00003,Avionics,9,1974.96,SITE05,2023-03-06,2023-04-21,2023-04-22,46,47,1,2.22,0.6611,0.0023,Medium,1,0,0.4702577327779276,Medium,3723,47.03
PO020409,SUP020,P00207,Fasteners,5,3258.65,SITE04,2022-09-19,2022-10-19,2022-10-18,30,29,-1,1.03,0.3772,0.0008,Low,0,0,0.4702202828967456,Medium,3724,47.02
PO012419,SUP020,P00124,Electrical,2,2037.44,SITE05,2023-08-14,2023-08-30,2023-08-30,16,16,0,1.09,0.3902,0.0011,Low,0,0,0.4701573984317583,Medium,3725,47.02
PO018467,SUP008,P00188,Fasteners,8,27275.84,SITE05,2024-07-29,2024-09-05,2024-09-04,38,37,-1,1.14,0.4361,0.0011,Low,0,0,0.4700238083752796,Medium,3726,47.0
PO011637,SUP035,P00118,Engine,6,2116.56,SITE02,2022-05-02,2022-06-08,2022-06-09,37,38,1,1.31,0.403,0.0,Low,1,0,0.4700099411352274,Medium,3727,47.0
PO028015,SUP004,P00285,Fasteners,9,8213.04,SITE04,2022-12-26,2023-02-08,2023-02-08,44,44,0,1.2,0.4766,0.0012,Low,0,0,0.47000923861094945,Medium,3728,47.0
PO025377,SUP030,P00262,Structure,16,6549.6,SITE01,2023-12-18,2024-01-19,2024-01-21,32,34,2,1.18,0.4249,0.0006,Low,1,0,0.46993071434158185,Medium,3729,46.99
PO024632,SUP034,P00254,Hydraulics,8,5922.08,SITE04,2023-08-14,2023-09-17,2023-09-17,34,34,0,1.21,0.4517,0.0018,Low,0,0,0.46992486720571075,Medium,3730,46.99
PO011379,SUP008,P00115,Cabin,21,62122.83,SITE06,2023-03-20,2023-04-26,2023-04-27,37,38,1,1.25,0.4402,0.0003,Low,1,0,0.4698927763652539,Medium,3731,46.99
PO022541,SUP001,P00227,LandingGear,18,13306.86,SITE06,2022-08-22,2022-10-02,2022-10-04,41,43,2,1.21,0.4521,0.0007,Low,1,0,0.4697087391722849,Medium,3732,46.97
PO011490,SUP038,P00116,Cabin,16,46781.92,SITE04,2023-04-24,2023-06-14,2023-06-16,51,53,2,2.28,0.6627,0.001,Medium,1,0,0.4697062313406543,Medium,3733,46.97
PO008919,SUP029,P00088,Structure,7,12395.11,SITE06,2024-08-12,2024-09-13,2024-09-10,32,29,-3,1.2,0.4283,0.001,Low,0,0,0.46954800102759237,Medium,3734,46.95
PO015570,SUP011,P00156,Cabin,67,260249.44,SITE06,2024-04-15,2024-05-30,2024-05-27,45,42,-3,1.26,0.4234,0.001,Low,0,0,0.4695305107550926,Medium,3735,46.95
PO013252,SUP037,P00134,Hydraulics,12,4417.44,SITE04,2022-08-29,2022-09-30,2022-10-03,32,35,3,1.23,0.4324,0.002,Low,1,0,0.46942943978210877,Medium,3736,46.94
PO018820,SUP017,P00192,Structure,14,6980.54,SITE04,2023-04-24,2023-05-20,2023-05-17,26,23,-3,1.1,0.4293,0.0006,Low,0,0,0.46925921226662465,Medium,3737,46.93
PO002403,SUP030,P00025,Structure,13,5847.4,SITE03,2024-09-09,2024-10-16,2024-10-13,37,34,-3,1.2,0.4233,0.0009,Low,0,0,0.4692484271926026,Medium,3738,46.92
PO007734,SUP012,P00079,Electrical,8,10661.6,SITE04,2022-03-07,2022-03-25,2022-03-25,18,18,0,0.85,0.3649,0.0,Low,0,0,0.4692364602902573,Medium,3739,46.92
PO022175,SUP028,P00224,Fasteners,11,31435.91,SITE04,2022-12-19,2023-01-12,2023-01-10,24,22,-2,0.96,0.386,0.0009,Low,0,0,0.4691977156878855,Medium,3740,46.92
PO017328,SUP034,P00176,Fasteners,18,10812.42,SITE03,2023-01-09,2023-02-20,2023-02-23,42,45,3,1.2,0.4524,0.002,Low,1,0,0.4691725711242076,Medium,3741,46.92
PO016449,SUP035,P00166,Engine,3,1110.57,SITE01,2024-11-04,2024-12-06,2024-12-05,32,31,-1,1.22,0.4395,0.0015,Low,0,0,0.46911515296872663,Medium,3742,46.91
PO006524,SUP035,P00066,Fasteners,5,5194.5,SITE04,2024-07-01,2024-08-02,2024-08-01,32,31,-1,1.24,0.4413,0.0018,Low,0,0,0.46909860317102103,Medium,3743,46.91
PO026359,SUP011,P00269,Avionics,14,11121.74,SITE03,2023-11-06,2023-12-21,2023-12-21,45,45,0,1.27,0.4157,0.0011,Low,0,0,0.4690963606588607,Medium,3744,46.91
PO011337,SUP008,P00115,Cabin,14,41415.22,SITE04,2024-11-04,2024-12-18,2024-12-19,44,45,1,1.15,0.438,0.0011,Low,1,0,0.46904708700790715,Medium,3745,46.9
PO022491,SUP001,P00227,LandingGear,20,14785.4,SITE04,2023-04-10,2023-05-17,2023-05-18,37,38,1,1.22,0.4505,0.001,Low,1,0,0.46900855882191733,Medium,3746,46.9
PO002791,SUP017,P00028,Engine,8,3775.28,SITE01,2024-01-01,2024-01-28,2024-01-29,27,28,1,1.07,0.4127,0.0008,Low,1,0,0.4689035454641305,Medium,3747,46.89
PO023680,SUP019,P00242,Electrical,6,6040.14,SITE02,2024-12-16,2025-01-07,2025-01-05,22,20,-2,1.22,0.4368,0.0014,Low,0,0,0.46886495788187516,Medium,3748,46.89
PO021540,SUP017,P00218,Cabin,19,44464.75,SITE05,2022-05-09,2022-06-15,2022-06-17,37,39,2,1.32,0.4511,0.0,Low,1,0,0.46877047172268393,Medium,3749,46.88
PO013381,SUP034,P00136,LandingGear,13,40279.98,SITE03,2023-08-21,2023-09-22,2023-09-19,32,29,-3,1.19,0.4475,0.0018,Low,0,0,0.4686241074020694,Medium,3750,46.86
PO008713,SUP022,P00086,Cabin,5,6523.15,SITE05,2024-04-15,2024-05-19,2024-05-23,34,38,4,1.17,0.4444,0.0005,Low,1,0,0.46839124692551387,Medium,3751,46.84
PO021208,SUP008,P00216,Avionics,24,7364.64,SITE04,2024-09-02,2024-10-04,2024-10-02,32,30,-2,1.13,0.4355,0.001,Low,0,0,0.4683810335426722,Medium,3752,46.84
PO023643,SUP012,P00241,Engine,2,776.42,SITE06,2022-01-10,2022-02-08,2022-02-05,29,26,-3,0.29,0.1765,0.0,Low,0,0,0.4682750306635602,Medium,3753,46.83
PO002125,SUP007,P00019,Fasteners,60,170295.0,SITE06,2024-01-22,2024-02-26,2024-02-25,35,34,-1,1.28,0.4712,0.0002,Low,0,0,0.4681710536512474,Medium,3754,46.82
PO006510,SUP035,P00066,Fasteners,2,2077.8,SITE03,2024-02-19,2024-03-17,2024-03-19,27,29,2,1.28,0.4491,0.0021,Low,1,0,0.46811897385382184,Medium,3755,46.81
PO008235,SUP030,P00083,Fasteners,16,10140.96,SITE03,2024-07-29,2024-09-05,2024-09-04,38,37,-1,1.19,0.4238,0.001,Low,0,0,0.46810548734983504,Medium,3756,46.81
PO024931,SUP038,P00257,Cabin,39,41256.93,SITE03,2024-07-01,2024-08-27,2024-08-31,57,61,4,2.32,0.6704,0.0012,Medium,1,0,0.46798178826627906,Medium,3757,46.8
PO000123,SUP028,P00002,Cabin,79,52996.36,SITE02,2022-10-31,2022-12-02,2022-11-30,32,30,-2,0.94,0.377,0.0008,Low,0,0,0.46780962604363774,Medium,3758,46.78
PO028171,SUP035,P00287,Cabin,11,22734.25,SITE02,2023-06-05,2023-07-16,2023-07-18,41,43,2,1.35,0.4526,0.0028,Low,1,0,0.4676388572672611,Medium,3759,46.76
PO012913,SUP010,P00130,Structure,15,15844.2,SITE04,2022-10-03,2022-10-29,2022-10-28,26,25,-1,1.38,0.4829,0.0003,Low,0,0,0.46763657752245,Medium,3760,46.76
PO003681,SUP008,P00039,LandingGear,6,9594.18,SITE02,2024-03-18,2024-04-15,2024-04-18,28,31,3,1.14,0.422,0.0012,Low,1,0,0.4676225112431583,Medium,3761,46.76
PO006640,SUP031,P00067,LandingGear,21,16552.2,SITE05,2024-10-28,2024-11-27,2024-11-29,30,32,2,1.27,0.4395,0.0005,Low,1,0,0.4675124355951453,Medium,3762,46.75
PO010785,SUP017,P00108,Cabin,39,23467.08,SITE04,2024-07-15,2024-08-16,2024-08-21,32,37,5,1.1,0.4088,0.0008,Low,1,0,0.4670030936535336,Medium,3763,46.7
PO025806,SUP020,P00266,Fasteners,17,22999.81,SITE03,2023-02-27,2023-03-28,2023-03-27,29,28,-1,1.02,0.3793,0.0005,Low,0,0,0.46697641463497175,Medium,3764,46.7
PO014941,SUP010,P00150,Fasteners,25,52097.25,SITE06,2022-09-26,2022-10-27,2022-10-24,31,28,-3,1.36,0.4847,0.0003,Low,0,0,0.4668538418971721,Medium,3765,46.69
PO026185,SUP036,P00268,Cabin,10,4274.0,SITE03,2022-10-17,2022-12-04,2022-12-03,48,47,-1,1.13,0.3982,0.0016,Low,0,0,0.4667505770236386,Medium,3766,46.68
PO018164,SUP019,P00185,Hydraulics,12,4409.76,SITE02,2024-03-04,2024-03-25,2024-03-24,21,20,-1,1.16,0.4228,0.0018,Low,0,0,0.4665982210505291,Medium,3767,46.66
PO020072,SUP032,P00204,Fasteners,4,7317.68,SITE03,2023-01-30,2023-03-02,2023-03-02,31,31,0,1.01,0.3975,0.0031,Low,0,0,0.4665751467986261,Medium,3768,46.66
PO004822,SUP034,P00049,Fasteners,3,32152.86,SITE05,2024-11-04,2024-12-22,2024-12-19,48,45,-3,1.27,0.4559,0.002,Low,0,0,0.46654707407759094,Medium,3769,46.65
PO027078,SUP004,P00274,Avionics,22,4819.54,SITE06,2022-03-21,2022-04-26,2022-04-23,36,33,-3,1.34,0.4571,0.0,Low,0,0,0.4664644247591041,Medium,3770,46.65
PO001229,SUP036,P00010,Electrical,5,7444.55,SITE03,2024-10-07,2024-11-11,2024-11-08,35,32,-3,1.22,0.4187,0.0014,Low,0,0,0.46625392670345356,Medium,3771,46.63
PO022062,SUP012,P00223,Avionics,7,3736.11,SITE05,2022-05-30,2022-07-05,2022-07-03,36,34,-2,0.91,0.3765,0.0,Low,0,0,0.4661850969353576,Medium,3772,46.62
PO020649,SUP019,P00211,Fasteners,22,26385.48,SITE04,2024-12-23,2025-01-30,2025-01-27,38,35,-3,1.22,0.4369,0.0014,Low,0,0,0.46616079795684007,Medium,3773,46.62
PO012131,SUP022,P00122,Fasteners,18,87347.7,SITE05,2023-06-26,2023-07-22,2023-07-25,26,29,3,1.09,0.4198,0.0004,Low,1,0,0.4658791523318064,Medium,3774,46.59
PO028069,SUP004,P00285,Fasteners,14,12775.84,SITE06,2022-06-27,2022-08-11,2022-08-08,45,42,-3,1.1,0.4479,0.001,Low,0,0,0.4658775081656367,Medium,3775,46.59
PO005807,SUP036,P00059,Cabin,42,49726.74,SITE04,2022-12-12,2023-01-31,2023-02-06,50,56,6,1.18,0.4232,0.004,Low,1,0,0.46576057450115,Medium,3776,46.58
PO006318,SUP007,P00063,Avionics,17,6110.65,SITE06,2024-12-16,2025-01-21,2025-01-19,36,34,-2,1.31,0.472,0.0001,Low,0,0,0.46571728717911337,Medium,3777,46.57
PO012408,SUP020,P00124,Electrical,22,22411.84,SITE04,2023-12-04,2023-12-20,2023-12-19,16,15,-1,1.07,0.3875,0.0012,Low,0,0,0.4656931980852938,Medium,3778,46.57
PO021460,SUP017,P00218,Cabin,7,16381.75,SITE02,2023-06-26,2023-08-07,2023-08-07,42,42,0,1.11,0.4332,0.0005,Low,0,0,0.4656630943157423,Medium,3779,46.57
PO024633,SUP034,P00254,Hydraulics,10,7402.6,SITE04,2023-08-21,2023-09-23,2023-09-23,33,33,0,1.19,0.4465,0.0018,Low,0,0,0.465658530988215,Medium,3780,46.57
PO024082,SUP003,P00246,LandingGear,18,17879.76,SITE03,2024-02-26,2024-03-31,2024-04-03,34,37,3,2.29,0.6521,0.0002,Medium,1,0,0.46564422249846493,Medium,3781,46.56
PO006495,SUP035,P00066,Fasteners,8,8311.2,SITE01,2024-06-24,2024-07-31,2024-08-05,37,42,5,1.22,0.4374,0.0018,Low,1,0,0.46560451325865776,Medium,3782,46.56
PO006226,SUP007,P00063,Avionics,8,2875.6,SITE03,2024-09-16,2024-10-26,2024-10-24,40,38,-2,1.27,0.4612,0.0001,Low,0,0,0.4654431291603255,Medium,3783,46.54
PO028323,SUP031,P00288,Electrical,1,966.42,SITE03,2022-04-18,2022-05-09,2022-05-10,21,22,1,1.26,0.4023,0.0017,Low,1,0,0.465401018775509,Medium,3784,46.54
PO003579,SUP017,P00038,Fasteners,25,28602.0,SITE04,2022-03-07,2022-03-30,2022-03-29,23,22,-1,0.96,0.3429,0.0,Low,0,0,0.4652969558976839,Medium,3785,46.53
PO014678,SUP019,P00148,Fasteners,12,144745.44,SITE05,2024-07-08,2024-08-03,2024-07-31,26,23,-3,1.21,0.4355,0.0017,Low,0,0,0.4652820510963042,Medium,3786,46.53
PO000140,SUP028,P00002,Cabin,52,34883.68,SITE02,2024-10-28,2024-11-28,2024-11-28,31,31,0,1.09,0.4051,0.0008,Low,0,0,0.4652693630658747,Medium,3787,46.53
PO009387,SUP030,P00093,Engine,8,4072.32,SITE06,2023-07-17,2023-08-25,2023-08-26,39,40,1,1.17,0.4175,0.0005,Low,1,0,0.4652645555080537,Medium,3788,46.53
PO001745,SUP031,P00017,Cabin,9,58162.23,SITE01,2023-10-23,2023-12-05,2023-12-07,43,45,2,1.26,0.4193,0.0006,Low,1,0,0.4651048865988194,Medium,3789,46.51
PO001472,SUP012,P00013,Avionics,2,3502.78,SITE01,2023-01-23,2023-02-26,2023-02-27,34,35,1,0.92,0.3839,0.0006,Low,1,0,0.4648601958915617,Medium,3790,46.49
PO002136,SUP007,P00019,Fasteners,20,56765.0,SITE06,2024-10-14,2024-11-18,2024-11-18,35,35,0,1.27,0.4602,0.0001,Low,0,0,0.4648252121585154,Medium,3791,46.48
PO026362,SUP011,P00269,Avionics,44,34954.04,SITE03,2024-02-19,2024-04-04,2024-04-03,45,44,-1,1.25,0.4205,0.0011,Low,0,0,0.4647970871261246,Medium,3792,46.48
PO006961,SUP027,P00070,Electrical,28,20942.04,SITE06,2022-03-07,2022-04-04,2022-04-02,28,26,-2,2.81,0.7532,0.0,Medium,0,0,0.4647316663708114,Medium,3793,46.47
PO007000,SUP007,P00071,Avionics,26,36121.28,SITE01,2023-05-22,2023-06-24,2023-06-23,33,32,-1,1.33,0.468,0.0,Low,0,0,0.4646347718581964,Medium,3794,46.46
PO026625,SUP036,P00272,Avionics,16,3236.16,SITE01,2022-09-12,2022-10-31,2022-11-01,49,50,1,1.11,0.403,0.0018,Low,1,0,0.4643982767149156,Medium,3795,46.44
PO029312,SUP006,P00298,Avionics,18,5493.6,SITE04,2022-04-11,2022-06-17,2022-06-14,67,64,-3,2.65,0.6727,0.0,Medium,0,0,0.46428575640313063,Medium,3796,46.43
PO017288,SUP034,P00176,Fasteners,19,11413.11,SITE02,2022-08-29,2022-10-14,2022-10-18,46,50,4,1.31,0.4609,0.0017,Low,1,0,0.46424914007932777,Medium,3797,46.42
PO011225,SUP008,P00115,Cabin,15,44373.45,SITE01,2022-07-18,2022-08-27,2022-08-28,40,41,1,1.16,0.4176,0.0,Low,1,0,0.46417165545567013,Medium,3798,46.42
PO006702,SUP010,P00068,LandingGear,5,5408.85,SITE03,2023-01-30,2023-02-23,2023-02-25,24,26,2,1.4,0.4606,0.0004,Low,1,0,0.4640567670631498,Medium,3799,46.41
PO015988,SUP017,P00160,Hydraulics,25,51147.5,SITE06,2024-08-26,2024-09-28,2024-10-01,33,36,3,1.11,0.4135,0.0008,Low,1,0,0.4639665814268171,Medium,3800,46.4
PO021134,SUP008,P00216,Avionics,4,1227.44,SITE01,2024-07-01,2024-07-31,2024-08-01,30,31,1,1.14,0.4354,0.0011,Low,1,0,0.4639436805725764,Medium,3801,46.39
PO022635,SUP001,P00229,Hydraulics,2,973.82,SITE05,2024-04-22,2024-06-03,2024-05-31,42,39,-3,1.19,0.4114,0.0005,Low,0,0,0.4639407421046546,Medium,3802,46.39
PO010641,SUP022,P00107,Engine,17,19982.14,SITE06,2024-02-05,2024-03-10,2024-03-14,34,38,4,1.17,0.4432,0.0006,Low,1,0,0.4639066823699178,Medium,3803,46.39
PO003663,SUP008,P00039,LandingGear,9,14391.27,SITE01,2023-05-08,2023-06-05,2023-06-03,28,26,-2,1.26,0.451,0.001,Low,0,0,0.4636992694664886,Medium,3804,46.37
PO023022,SUP004,P00234,Electrical,3,13829.94,SITE01,2022-02-07,2022-03-05,2022-03-05,26,26,0,1.79,0.5,0.0,Low,0,0,0.46368598350588663,Medium,3805,46.37
PO021128,SUP008,P00216,Avionics,3,920.58,SITE01,2023-04-24,2023-05-24,2023-05-26,30,32,2,1.24,0.448,0.0005,Low,1,0,0.4636594251061045,Medium,3806,46.37
PO020868,SUP029,P00213,Avionics,8,2997.36,SITE04,2022-03-28,2022-05-11,2022-05-09,44,42,-2,1.16,0.3529,0.0036,Low,0,0,0.46364399028648734,Medium,3807,46.36
PO004317,SUP019,P00045,Fasteners,7,28316.05,SITE02,2023-04-03,2023-05-04,2023-05-01,31,28,-3,1.15,0.4261,0.0015,Low,0,0,0.46353895722724414,Medium,3808,46.35
PO008616,SUP022,P00086,Cabin,10,13046.3,SITE02,2024-12-09,2025-01-11,2025-01-13,33,35,2,1.16,0.4474,0.0007,Low,1,0,0.46350467250953337,Medium,3809,46.35
PO006725,SUP010,P00068,LandingGear,12,12981.24,SITE04,2022-06-20,2022-07-11,2022-07-12,21,22,1,1.47,0.5214,0.0,Low,1,0,0.46338813036350046,Medium,3810,46.34
PO000151,SUP028,P00002,Cabin,19,12745.96,SITE03,2022-07-11,2022-08-12,2022-08-16,32,36,4,0.98,0.3987,0.0009,Low,1,0,0.4633850034842814,Medium,3811,46.34
PO012795,SUP014,P00128,Fasteners,24,26458.8,SITE04,2024-12-16,2025-01-30,2025-02-01,45,47,2,2.51,0.6946,0.0008,Medium,1,0,0.463124866948107,Medium,3812,46.31
PO008705,SUP022,P00086,Cabin,23,30006.49,SITE05,2023-09-18,2023-10-18,2023-10-22,30,34,4,1.14,0.4312,0.0004,Low,1,0,0.4630995348179232,Medium,3813,46.31
PO028924,SUP014,P00295,Structure,5,1601.05,SITE02,2022-11-14,2022-12-19,2022-12-25,35,41,6,2.57,0.7407,0.0009,Medium,1,0,0.46305831023551597,Medium,3814,46.31
PO013831,SUP030,P00140,Structure,10,2463.1,SITE03,2023-01-02,2023-02-01,2023-01-30,30,28,-2,1.2,0.4275,0.0006,Low,0,0,0.4629230620433943,Medium,3815,46.29
PO026153,SUP036,P00268,Cabin,6,2564.4,SITE02,2022-05-23,2022-07-06,2022-07-05,44,43,-1,1.11,0.4118,0.0027,Low,0,0,0.4629024857553775,Medium,3816,46.29
PO021184,SUP008,P00216,Avionics,49,15036.14,SITE04,2022-05-30,2022-06-25,2022-06-29,26,30,4,1.26,0.4154,0.0,Low,1,0,0.46281965797649205,Medium,3817,46.28
PO006395,SUP032,P00064,Structure,6,10882.56,SITE05,2023-10-30,2023-11-27,2023-12-02,28,33,5,0.93,0.3679,0.002,Low,1,0,0.4628085960998367,Medium,3818,46.28
PO009381,SUP030,P00093,Engine,17,8653.68,SITE06,2022-08-01,2022-09-09,2022-09-07,39,37,-2,1.3,0.4576,0.0004,Low,0,0,0.4627121031657046,Medium,3819,46.27
PO007546,SUP012,P00077,Fasteners,5,18052.55,SITE05,2024-05-06,2024-06-08,2024-06-06,33,31,-2,1.02,0.4031,0.0006,Low,0,0,0.4626209584865331,Medium,3820,46.26
PO004115,SUP014,P00042,Fasteners,9,20149.38,SITE04,2023-11-27,2024-01-02,2024-01-03,36,37,1,2.48,0.6965,0.0008,Medium,1,0,0.46260798907011624,Medium,3821,46.26
PO021030,SUP024,P00215,Fasteners,9,20581.11,SITE02,2023-04-03,2023-06-05,2023-06-09,63,67,4,2.33,0.6695,0.0012,Medium,1,0,0.46254315506827964,Medium,3822,46.25
PO004892,SUP004,P00050,Structure,12,5379.12,SITE06,2023-07-31,2023-09-07,2023-09-04,38,35,-3,1.19,0.4659,0.0007,Low,0,0,0.46248733670361813,Medium,3823,46.25
PO002585,SUP030,P00026,Fasteners,28,30659.16,SITE04,2023-09-04,2023-10-11,2023-10-14,37,40,3,1.16,0.4215,0.0006,Low,1,0,0.46241633956720485,Medium,3824,46.24
PO008612,SUP022,P00086,Cabin,34,44357.42,SITE02,2024-07-08,2024-08-12,2024-08-14,35,37,2,1.15,0.4412,0.0009,Low,1,0,0.46239328082475206,Medium,3825,46.24
PO008231,SUP030,P00083,Fasteners,9,5704.29,SITE03,2024-03-11,2024-04-13,2024-04-16,33,36,3,1.18,0.4251,0.0008,Low,1,0,0.46235985763869913,Medium,3826,46.24
PO017299,SUP034,P00176,Fasteners,11,6607.59,SITE02,2023-08-14,2023-10-01,2023-10-01,48,48,0,1.2,0.4514,0.0018,Low,0,0,0.46234008082149625,Medium,3827,46.23
PO023708,SUP019,P00242,Electrical,12,12080.28,SITE04,2023-04-03,2023-04-29,2023-04-27,26,24,-2,1.15,0.4271,0.0015,Low,0,0,0.4619211256319117,Medium,3828,46.19
PO027475,SUP022,P00278,Fasteners,25,136147.75,SITE06,2023-02-20,2023-03-14,2023-03-11,22,19,-3,1.09,0.4201,0.0003,Low,0,0,0.4619169234583494,Medium,3829,46.19
PO002612,SUP030,P00026,Fasteners,20,21899.4,SITE05,2023-07-31,2023-09-02,2023-08-31,33,31,-2,1.16,0.4159,0.0006,Low,0,0,0.46181152958563504,Medium,3830,46.18
PO008595,SUP022,P00086,Cabin,10,13046.3,SITE02,2022-05-09,2022-06-18,2022-06-16,40,38,-2,1.02,0.38,0.0,Low,0,0,0.46180458888101916,Medium,3831,46.18
PO014494,SUP020,P00146,Electrical,23,98099.14,SITE04,2022-01-10,2022-01-23,2022-01-20,13,10,-3,1.0,0.3333,0.0,Low,0,0,0.4616151709985586,Medium,3832,46.16
PO014404,SUP031,P00144,Fasteners,25,29903.0,SITE06,2023-01-02,2023-02-06,2023-02-09,35,38,3,1.17,0.4038,0.0004,Low,1,0,0.46135982217802884,Medium,3833,46.14
PO026760,SUP036,P00272,Avionics,24,4854.24,SITE06,2022-10-17,2022-12-04,2022-12-08,48,52,4,1.12,0.3964,0.0016,Low,1,0,0.4613343916743361,Medium,3834,46.13
PO025849,SUP020,P00266,Fasteners,18,24352.74,SITE04,2024-07-22,2024-08-19,2024-08-16,28,25,-3,1.03,0.3916,0.0009,Low,0,0,0.46121244976676595,Medium,3835,46.12
PO011677,SUP035,P00118,Engine,12,4233.12,SITE06,2022-10-31,2022-12-06,2022-12-03,36,33,-3,1.54,0.4709,0.0,Low,0,0,0.4611398151042721,Medium,3836,46.11
PO020103,SUP032,P00204,Fasteners,19,34758.98,SITE04,2023-10-16,2023-11-19,2023-11-20,34,35,1,0.92,0.3603,0.0021,Low,1,0,0.46052291066544837,Medium,3837,46.05
PO021290,SUP007,P00217,Fasteners,9,6221.52,SITE01,2024-05-27,2024-06-27,2024-06-29,31,33,2,1.3,0.47,0.0001,Low,1,0,0.46051846415174974,Medium,3838,46.05
PO025503,SUP030,P00262,Structure,23,9415.05,SITE06,2023-09-04,2023-10-05,2023-10-07,31,33,2,1.16,0.4211,0.0006,Low,1,0,0.46050414467425216,Medium,3839,46.05
PO018404,SUP012,P00187,Structure,14,13316.38,SITE06,2022-07-18,2022-08-10,2022-08-07,23,20,-3,0.98,0.3899,0.0004,Low,0,0,0.46042928685910717,Medium,3840,46.04
PO009962,SUP040,P00100,Avionics,10,4868.4,SITE06,2024-09-23,2024-11-03,2024-11-09,41,47,6,2.28,0.6597,0.0016,Medium,1,0,0.46033476352367597,Medium,3841,46.03
PO002813,SUP017,P00028,Engine,5,2359.55,SITE03,2024-07-29,2024-08-24,2024-08-21,26,23,-3,1.1,0.4095,0.0008,Low,0,0,0.46020827674504167,Medium,3842,46.02
PO003570,SUP017,P00038,Fasteners,4,4576.32,SITE03,2023-06-05,2023-06-28,2023-06-30,23,25,2,1.11,0.4309,0.0005,Low,1,0,0.46010921761457296,Medium,3843,46.01
PO014049,SUP031,P00142,LandingGear,2,1123.1,SITE01,2022-07-18,2022-08-21,2022-08-27,34,40,6,1.11,0.3642,0.0007,Low,1,0,0.45995510040259885,Medium,3844,46.0
PO021507,SUP017,P00218,Cabin,78,182539.5,SITE04,2022-03-28,2022-05-09,2022-05-06,42,39,-3,1.15,0.398,0.0,Low,0,0,0.45991975009202984,Medium,3845,45.99
PO010598,SUP022,P00107,Engine,3,3526.26,SITE02,2022-10-17,2022-11-22,2022-11-21,36,35,-1,1.0,0.386,0.0,Low,0,0,0.4597562729301859,Medium,3846,45.98
PO022444,SUP001,P00227,LandingGear,6,4435.62,SITE01,2023-01-23,2023-03-04,2023-03-02,40,38,-2,1.19,0.4502,0.0008,Low,0,0,0.4596900529312977,Medium,3847,45.97
PO013441,SUP034,P00136,LandingGear,16,49575.36,SITE06,2023-04-24,2023-05-24,2023-05-26,30,32,2,1.21,0.4491,0.0023,Low,1,0,0.4596501019936533,Medium,3848,45.97
PO008803,SUP022,P00087,Fasteners,9,50139.99,SITE06,2022-10-31,2022-11-25,2022-11-25,25,25,0,1.0,0.3891,0.0,Low,0,0,0.45962435447835903,Medium,3849,45.96
PO009352,SUP030,P00093,Engine,4,2036.16,SITE03,2023-03-27,2023-05-09,2023-05-08,43,42,-1,1.18,0.419,0.0005,Low,0,0,0.45956462075935767,Medium,3850,45.96
PO011856,SUP013,P00120,Fasteners,12,16019.16,SITE06,2022-09-26,2022-11-09,2022-11-08,44,43,-1,2.38,0.6803,0.001,Medium,0,0,0.45937459250454393,Medium,3851,45.94
PO008049,SUP037,P00081,Electrical,10,34848.8,SITE06,2022-10-24,2022-11-14,2022-11-17,21,24,3,1.27,0.4632,0.0023,Low,1,0,0.45935219972682034,Medium,3852,45.94
PO024099,SUP003,P00246,LandingGear,15,14899.8,SITE04,2022-08-01,2022-08-30,2022-08-31,29,30,1,2.05,0.5909,0.0,Medium,1,0,0.4593213240734072,Medium,3853,45.93
PO016054,SUP009,P00162,LandingGear,15,44221.2,SITE04,2022-12-05,2023-01-09,2023-01-13,35,39,4,2.34,0.7015,0.0014,Medium,1,0,0.45929373568468423,Medium,3854,45.93
PO009831,SUP040,P00100,Avionics,6,2921.04,SITE02,2023-07-24,2023-09-05,2023-09-09,43,47,4,2.31,0.6641,0.002,Medium,1,0,0.45924736852245,Medium,3855,45.92
PO017844,SUP025,P00181,Structure,15,14934.75,SITE04,2024-01-15,2024-02-29,2024-03-04,45,49,4,2.5,0.6834,0.0015,Medium,1,0,0.45920794431796186,Medium,3856,45.92
PO024335,SUP031,P00249,Hydraulics,5,2478.65,SITE05,2024-02-19,2024-04-03,2024-04-04,44,45,1,1.26,0.4301,0.0005,Low,1,0,0.45898533728020224,Medium,3857,45.9
PO027003,SUP004,P00274,Avionics,16,3505.12,SITE03,2023-11-06,2023-12-18,2023-12-17,42,41,-1,1.2,0.4585,0.0006,Low,0,0,0.45897871869199475,Medium,3858,45.9
PO024654,SUP034,P00254,Hydraulics,28,20727.28,SITE06,2022-10-03,2022-11-12,2022-11-09,40,37,-3,1.33,0.4762,0.0015,Low,0,0,0.4589547178991788,Medium,3859,45.9
PO001176,SUP012,P00009,Structure,3,9037.41,SITE05,2024-09-02,2024-09-26,2024-09-25,24,23,-1,1.08,0.4159,0.0006,Low,0,0,0.4588580679815068,Medium,3860,45.89
PO010924,SUP029,P00109,Engine,15,12000.3,SITE06,2024-07-01,2024-08-19,2024-08-25,49,55,6,1.21,0.4334,0.0009,Low,1,0,0.45867272715831847,Medium,3861,45.87
PO016991,SUP019,P00173,Structure,11,10687.05,SITE05,2024-08-05,2024-09-09,2024-09-13,35,39,4,1.18,0.4288,0.0016,Low,1,0,0.4585873826031289,Medium,3862,45.86
PO002890,SUP036,P00029,Structure,6,25181.76,SITE05,2022-08-15,2022-09-18,2022-09-17,34,33,-1,1.13,0.4057,0.0021,Low,0,0,0.4584414000251966,Medium,3863,45.84
PO016374,SUP012,P00165,Electrical,14,20122.34,SITE02,2024-07-08,2024-07-26,2024-07-23,18,15,-3,1.06,0.412,0.0007,Low,0,0,0.4582474916784733,Medium,3864,45.82
PO026123,SUP036,P00268,Cabin,25,10685.0,SITE01,2022-12-05,2023-01-28,2023-01-29,54,55,1,1.18,0.417,0.0041,Low,1,0,0.45819083895707585,Medium,3865,45.82
PO028161,SUP035,P00287,Cabin,9,18600.75,SITE02,2022-10-10,2022-11-17,2022-11-17,38,38,0,1.48,0.4655,0.0,Low,0,0,0.4580025480743801,Medium,3866,45.8
PO009789,SUP029,P00099,Engine,3,3615.39,SITE06,2022-11-07,2023-01-04,2023-01-01,58,55,-3,1.1,0.3979,0.0009,Low,0,0,0.45796208855755166,Medium,3867,45.8
PO007780,SUP012,P00079,Electrical,16,21323.2,SITE06,2023-05-15,2023-06-03,2023-06-04,19,20,1,1.02,0.4041,0.0005,Low,1,0,0.4579529195076835,Medium,3868,45.8
PO001333,SUP030,P00011,Fasteners,12,6456.24,SITE02,2024-07-22,2024-08-24,2024-08-22,33,31,-2,1.2,0.4245,0.001,Low,0,0,0.4577177868427869,Medium,3869,45.77
PO020087,SUP032,P00204,Fasteners,29,53053.18,SITE04,2022-08-22,2022-09-26,2022-09-26,35,35,0,0.98,0.4375,0.0011,Low,0,0,0.45763724428295804,Medium,3870,45.76
PO012787,SUP014,P00128,Fasteners,19,20946.55,SITE04,2023-11-27,2024-01-10,2024-01-13,44,47,3,2.47,0.6983,0.0008,Medium,1,0,0.4575855404618749,Medium,3871,45.76
PO027215,SUP007,P00276,Engine,11,13622.4,SITE04,2023-10-23,2023-12-04,2023-12-07,42,45,3,1.28,0.4671,0.0002,Low,1,0,0.45750658981318587,Medium,3872,45.75
PO001718,SUP022,P00016,LandingGear,13,26573.95,SITE06,2023-05-15,2023-05-31,2023-05-30,16,15,-1,1.08,0.4203,0.0005,Low,0,0,0.4574791907557224,Medium,3873,45.75
PO001157,SUP012,P00009,Structure,1,3012.47,SITE03,2023-12-25,2024-01-14,2024-01-15,20,21,1,1.0,0.4,0.0005,Low,1,0,0.45746810940734245,Medium,3874,45.75
PO002437,SUP030,P00025,Structure,55,24739.0,SITE04,2024-09-23,2024-10-27,2024-10-24,34,31,-3,1.21,0.4232,0.0009,Low,0,0,0.457338813880399,Medium,3875,45.73
PO008929,SUP031,P00089,Cabin,13,16343.73,SITE01,2023-10-23,2023-12-16,2023-12-17,54,55,1,1.26,0.4188,0.0006,Low,1,0,0.45722041746205233,Medium,3876,45.72
PO027021,SUP004,P00274,Avionics,54,11829.78,SITE04,2023-02-20,2023-04-02,2023-04-02,41,41,0,1.2,0.4706,0.001,Low,0,0,0.45711203810205175,Medium,3877,45.71
PO006698,SUP010,P00068,LandingGear,12,12981.24,SITE02,2024-09-30,2024-10-21,2024-10-18,21,18,-3,1.28,0.4347,0.0006,Low,0,0,0.45709625655216335,Medium,3878,45.71
PO004348,SUP019,P00045,Fasteners,12,48541.8,SITE04,2022-09-26,2022-10-23,2022-10-26,27,30,3,1.27,0.4438,0.0019,Low,1,0,0.4568618629763572,Medium,3879,45.69
PO018406,SUP012,P00187,Structure,9,8560.53,SITE06,2022-08-22,2022-09-18,2022-09-19,27,28,1,1.02,0.4047,0.0003,Low,1,0,0.4567878197953087,Medium,3880,45.68
PO025169,SUP016,P00259,Fasteners,4,6454.64,SITE04,2024-02-05,2024-03-23,2024-03-25,47,49,2,2.42,0.6593,0.0034,Medium,1,0,0.4567786003583105,Medium,3881,45.68
PO010653,SUP017,P00108,Cabin,12,7220.64,SITE01,2022-07-04,2022-08-12,2022-08-17,39,44,5,1.16,0.4286,0.0,Low,1,0,0.4566925066999003,Medium,3882,45.67
PO012145,SUP022,P00122,Fasteners,8,38821.2,SITE06,2022-03-14,2022-04-09,2022-04-08,26,25,-1,0.64,0.2931,0.0,Low,0,0,0.4566780586083941,Medium,3883,45.67
PO004599,SUP011,P00047,Avionics,6,1052.28,SITE04,2022-05-02,2022-06-23,2022-06-23,52,52,0,1.26,0.3387,0.0,Low,0,0,0.45664162695595895,Medium,3884,45.66
PO022438,SUP001,P00227,LandingGear,15,11089.05,SITE01,2022-07-04,2022-08-09,2022-08-12,36,39,3,1.28,0.4634,0.0,Low,1,0,0.45663503101499003,Medium,3885,45.66
PO004207,SUP028,P00043,Electrical,7,12455.31,SITE04,2024-12-09,2024-12-31,2024-12-28,22,19,-3,1.09,0.4103,0.0008,Low,0,0,0.4565343469328417,Medium,3886,45.65
PO013813,SUP030,P00140,Structure,16,3940.96,SITE02,2023-03-20,2023-04-16,2023-04-13,27,24,-3,1.17,0.4213,0.0005,Low,0,0,0.4565060480951833,Medium,3887,45.65
PO008739,SUP022,P00086,Cabin,33,43052.79,SITE06,2023-09-04,2023-10-09,2023-10-15,35,41,6,1.13,0.4249,0.0004,Low,1,0,0.45645358308313716,Medium,3888,45.65
PO009034,SUP031,P00089,Cabin,11,13829.31,SITE06,2024-01-29,2024-03-14,2024-03-15,45,46,1,1.25,0.4275,0.0005,Low,1,0,0.456336159622215,Medium,3889,45.63
PO008320,SUP030,P00083,Fasteners,7,4436.67,SITE06,2024-06-03,2024-07-12,2024-07-11,39,38,-1,1.21,0.4271,0.0009,Low,0,0,0.45611141660587323,Medium,3890,45.61
PO006329,SUP032,P00064,Structure,8,14510.08,SITE02,2022-02-21,2022-03-19,2022-03-20,26,27,1,1.4,0.65,0.0,Low,1,0,0.45598811464460737,Medium,3891,45.6
PO014328,SUP031,P00144,Fasteners,5,5980.6,SITE03,2022-06-20,2022-07-20,2022-07-17,30,27,-3,1.17,0.3906,0.0008,Low,0,0,0.45578973738311535,Medium,3892,45.58
PO023828,SUP017,P00244,Hydraulics,22,22958.54,SITE02,2023-06-05,2023-06-30,2023-07-01,25,26,1,1.11,0.4317,0.0005,Low,1,0,0.4556904379869389,Medium,3893,45.57
PO023004,SUP005,P00233,Cabin,6,62382.54,SITE05,2024-02-05,2024-04-07,2024-04-10,62,65,3,2.41,0.6624,0.0003,Medium,1,0,0.4556349509301704,Medium,3894,45.56
PO025314,SUP010,P00261,Electrical,9,38200.5,SITE03,2023-10-23,2023-11-21,2023-11-20,29,28,-1,1.36,0.456,0.0004,Low,0,0,0.4554392780908739,Medium,3895,45.54
PO023744,SUP019,P00242,Electrical,8,8053.52,SITE06,2022-03-07,2022-03-25,2022-03-22,18,15,-3,1.4,0.4583,0.0,Low,0,0,0.4552503528196213,Medium,3896,45.53
PO006189,SUP007,P00063,Avionics,55,19769.75,SITE02,2022-03-14,2022-04-19,2022-04-21,36,38,2,1.34,0.4468,0.0,Low,1,0,0.4552318273333487,Medium,3897,45.52
PO007572,SUP012,P00078,Electrical,7,11566.52,SITE01,2022-02-21,2022-03-12,2022-03-09,19,16,-3,0.82,0.3443,0.0,Low,0,0,0.4552233037946906,Medium,3898,45.52
PO016714,SUP001,P00170,Structure,9,4575.78,SITE03,2022-12-19,2023-01-22,2023-01-19,34,31,-3,1.26,0.467,0.0009,Low,0,0,0.4550135237437623,Medium,3899,45.5
PO002283,SUP029,P00023,Structure,5,11665.45,SITE04,2024-08-26,2024-10-11,2024-10-18,46,53,7,1.2,0.4276,0.0009,Low,1,0,0.4549814198091881,Medium,3900,45.5
PO007044,SUP007,P00071,Avionics,11,15282.08,SITE04,2022-01-03,2022-01-29,2022-02-08,26,36,10,0.0,0.0,0.0,Low,1,0,0.45494173856377235,Medium,3901,45.49
PO019621,SUP003,P00200,Hydraulics,2,574.42,SITE01,2022-10-10,2022-11-21,2022-11-18,42,39,-3,2.2,0.6133,0.0,Medium,0,0,0.45484708015015124,Medium,3902,45.48
PO012409,SUP020,P00124,Electrical,22,22411.84,SITE04,2023-12-25,2024-01-13,2024-01-12,19,18,-1,1.07,0.3893,0.0011,Low,0,0,0.45460259248494916,Medium,3903,45.46
PO009395,SUP011,P00094,LandingGear,6,11522.82,SITE01,2022-05-09,2022-06-07,2022-06-05,29,27,-2,1.21,0.3429,0.0,Low,0,0,0.45447798322699584,Medium,3904,45.45
PO013743,SUP001,P00139,Structure,19,30383.66,SITE04,2023-04-03,2023-05-12,2023-05-11,39,38,-1,1.23,0.4552,0.0011,Low,0,0,0.4542180305200883,Medium,3905,45.42
PO011986,SUP035,P00121,Avionics,5,1481.75,SITE05,2022-07-04,2022-07-29,2022-08-02,25,29,4,1.41,0.4595,0.0,Low,1,0,0.45420881541097174,Medium,3906,45.42
PO011617,SUP034,P00117,Engine,11,13818.53,SITE06,2023-02-27,2023-04-20,2023-04-18,52,50,-2,1.23,0.4612,0.0026,Low,0,0,0.45415886589973475,Medium,3907,45.42
PO025811,SUP020,P00266,Fasteners,16,21646.88,SITE03,2023-10-02,2023-10-30,2023-10-27,28,25,-3,1.08,0.391,0.0013,Low,0,0,0.45415054753447476,Medium,3908,45.42
PO012976,SUP017,P00131,Engine,7,2782.43,SITE06,2022-12-19,2023-01-27,2023-01-28,39,40,1,1.13,0.4341,0.0005,Low,1,0,0.45413043848696827,Medium,3909,45.41
PO028566,SUP014,P00291,Hydraulics,4,5497.12,SITE01,2022-10-17,2022-12-03,2022-12-06,47,50,3,2.6,0.7399,0.001,Medium,1,0,0.4540279592779592,Medium,3910,45.4
PO028128,SUP035,P00287,Cabin,14,28934.5,SITE01,2022-03-21,2022-05-03,2022-05-03,43,43,0,1.24,0.4,0.0,Low,0,0,0.45389028008787713,Medium,3911,45.39
PO018152,SUP019,P00185,Hydraulics,4,1469.92,SITE01,2022-11-28,2022-12-29,2022-12-26,31,28,-3,1.19,0.432,0.0015,Low,0,0,0.4537025563061297,Medium,3912,45.37
PO023693,SUP019,P00242,Electrical,6,6040.14,SITE03,2024-03-11,2024-04-02,2024-04-04,22,24,2,1.17,0.4271,0.0018,Low,1,0,0.4536295885118753,Medium,3913,45.36
PO024341,SUP031,P00249,Hydraulics,8,3965.84,SITE06,2022-04-11,2022-05-25,2022-05-28,44,47,3,1.28,0.3924,0.002,Low,1,0,0.45352424309395045,Medium,3914,45.35
PO015263,SUP012,P00154,Avionics,18,4167.0,SITE04,2022-06-27,2022-07-26,2022-07-24,29,27,-2,0.93,0.385,0.0005,Low,0,0,0.45345594472788187,Medium,3915,45.35
PO002430,SUP030,P00025,Structure,47,21140.6,SITE04,2024-02-05,2024-03-15,2024-03-17,39,41,2,1.17,0.4228,0.0007,Low,1,0,0.45341958097848173,Medium,3916,45.34
PO004392,SUP019,P00045,Fasteners,16,64722.4,SITE06,2023-05-08,2023-06-05,2023-06-02,28,25,-3,1.1,0.4078,0.0014,Low,0,0,0.4533923946101883,Medium,3917,45.34
PO022609,SUP001,P00229,Hydraulics,3,1460.73,SITE02,2022-08-22,2022-09-30,2022-10-01,39,40,1,1.21,0.4558,0.0007,Low,1,0,0.4532858057665721,Medium,3918,45.33
PO025092,SUP017,P00258,LandingGear,27,81874.26,SITE04,2022-12-12,2022-12-31,2022-12-30,19,18,-1,1.13,0.436,0.0005,Low,0,0,0.45326438166274585,Medium,3919,45.33
PO007288,SUP012,P00074,Electrical,2,13720.64,SITE04,2022-08-29,2022-09-25,2022-09-22,27,24,-3,1.01,0.4046,0.0003,Low,0,0,0.453242945545106,Medium,3920,45.32
PO010944,SUP036,P00110,Fasteners,2,25117.58,SITE03,2024-05-13,2024-06-19,2024-06-22,37,40,3,1.21,0.4153,0.0016,Low,1,0,0.4530327168595675,Medium,3921,45.3
PO006683,SUP010,P00068,LandingGear,6,6490.62,SITE01,2024-07-29,2024-08-21,2024-08-22,23,24,1,1.28,0.4366,0.0007,Low,1,0,0.45287543780279427,Medium,3922,45.29
PO025059,SUP017,P00258,LandingGear,19,57615.22,SITE02,2022-10-31,2022-11-19,2022-11-16,19,16,-3,1.15,0.433,0.0004,Low,0,0,0.4527564983085515,Medium,3923,45.28
PO007767,SUP012,P00079,Electrical,31,41313.7,SITE06,2022-01-03,2022-01-20,2022-01-22,17,19,2,0.0,0.0,0.0,Low,1,0,0.452667686616865,Medium,3924,45.27
PO020365,SUP011,P00206,Fasteners,8,3943.68,SITE06,2022-02-14,2022-03-30,2022-03-27,44,41,-3,1.56,0.4444,0.0,Low,0,0,0.4526648914668065,Medium,3925,45.27
PO006366,SUP032,P00064,Structure,17,30833.92,SITE04,2022-10-10,2022-11-05,2022-11-10,26,31,5,0.95,0.4138,0.0009,Low,1,0,0.4526532627345088,Medium,3926,45.27
PO021728,SUP010,P00221,Electrical,7,13021.89,SITE03,2023-08-28,2023-09-21,2023-09-19,24,22,-2,1.36,0.46,0.0004,Low,0,0,0.45263725432365287,Medium,3927,45.26
PO013424,SUP034,P00136,LandingGear,7,21689.22,SITE05,2024-05-20,2024-06-21,2024-06-23,32,34,2,1.26,0.453,0.0013,Low,1,0,0.45254975172543965,Medium,3928,45.25
PO013249,SUP037,P00134,Hydraulics,16,5889.92,SITE04,2022-05-16,2022-06-14,2022-06-11,29,26,-3,1.13,0.42,0.0,Low,0,0,0.45245535434814704,Medium,3929,45.25
PO010542,SUP001,P00106,Avionics,10,1776.7,SITE03,2023-12-11,2024-01-28,2024-01-26,48,46,-2,1.23,0.4203,0.0006,Low,0,0,0.4524136329918311,Medium,3930,45.24
PO003752,SUP008,P00039,LandingGear,18,28782.54,SITE06,2022-08-01,2022-08-30,2022-08-28,29,27,-2,1.22,0.4455,0.0,Low,0,0,0.45232454282503815,Medium,3931,45.23
PO007063,SUP007,P00071,Avionics,11,15282.08,SITE04,2023-10-23,2023-11-21,2023-11-20,29,28,-1,1.28,0.4669,0.0002,Low,0,0,0.45229821385724495,Medium,3932,45.23
PO015243,SUP012,P00154,Avionics,13,3009.5,SITE03,2022-11-14,2022-12-16,2022-12-16,32,32,0,0.93,0.3846,0.0005,Low,0,0,0.452175154238153,Medium,3933,45.22
PO001789,SUP031,P00017,Cabin,7,45237.29,SITE05,2024-05-13,2024-06-24,2024-06-25,42,43,1,1.27,0.4351,0.0006,Low,1,0,0.4521340797534406,Medium,3934,45.21
PO006825,SUP037,P00069,Avionics,6,12444.42,SITE04,2022-08-01,2022-09-07,2022-09-08,37,38,1,1.23,0.4356,0.0,Low,1,0,0.45205021600328543,Medium,3935,45.21
PO027515,SUP012,P00279,Fasteners,2,21988.06,SITE04,2023-06-26,2023-07-31,2023-07-28,35,32,-3,1.01,0.4051,0.0004,Low,0,0,0.45168203536373863,Medium,3936,45.17
PO005419,SUP027,P00056,Cabin,29,33589.25,SITE06,2022-10-10,2022-11-26,2022-12-01,47,52,5,2.6,0.6966,0.0004,Medium,1,0,0.4516177852109635,Medium,3937,45.16
PO026773,SUP036,P00272,Avionics,35,7079.1,SITE06,2023-09-18,2023-11-06,2023-11-03,49,46,-3,1.15,0.4038,0.0023,Low,0,0,0.45157938322792535,Medium,3938,45.16
PO004624,SUP011,P00047,Avionics,10,1753.8,SITE06,2023-03-06,2023-04-23,2023-04-26,48,51,3,1.12,0.3868,0.0004,Low,1,0,0.4515056499587586,Medium,3939,45.15
PO015288,SUP012,P00154,Avionics,30,6945.0,SITE04,2024-07-01,2024-08-04,2024-08-01,34,31,-3,1.06,0.4115,0.0007,Low,0,0,0.4513903228393669,Medium,3940,45.14
PO013834,SUP030,P00140,Structure,7,1724.17,SITE03,2023-05-01,2023-06-04,2023-06-03,34,33,-1,1.19,0.4171,0.0004,Low,0,0,0.45132801905855274,Medium,3941,45.13
PO015444,SUP011,P00156,Cabin,30,116529.6,SITE02,2023-08-14,2023-10-01,2023-09-30,48,47,-1,1.21,0.4092,0.001,Low,0,0,0.45123306632950555,Medium,3942,45.12
PO017380,SUP034,P00176,Fasteners,15,9010.35,SITE05,2023-10-09,2023-11-25,2023-11-24,47,46,-1,1.2,0.4545,0.0017,Low,0,0,0.45118662468986487,Medium,3943,45.12
PO004388,SUP019,P00045,Fasteners,13,52586.95,SITE06,2022-07-25,2022-08-21,2022-08-19,27,25,-2,1.18,0.4173,0.0009,Low,0,0,0.45117276500883546,Medium,3944,45.12
PO021039,SUP024,P00215,Fasteners,4,9147.16,SITE03,2022-06-13,2022-08-13,2022-08-11,61,59,-2,2.38,0.6667,0.0015,Medium,0,0,0.4510655074883347,Medium,3945,45.11
PO020469,SUP036,P00208,Hydraulics,2,5619.08,SITE04,2023-10-16,2023-11-24,2023-11-24,39,39,0,1.14,0.4041,0.0022,Low,0,0,0.45090245375525373,Medium,3946,45.09
PO020449,SUP020,P00207,Fasteners,14,9124.22,SITE06,2024-05-20,2024-06-15,2024-06-15,26,26,0,1.04,0.395,0.0009,Low,0,0,0.45073311132153454,Medium,3947,45.07
PO001149,SUP012,P00009,Structure,6,18074.82,SITE02,2023-04-24,2023-05-15,2023-05-14,21,20,-1,1.02,0.405,0.0005,Low,0,0,0.45066639162494426,Medium,3948,45.07
PO006526,SUP035,P00066,Fasteners,2,2077.8,SITE04,2024-09-02,2024-10-09,2024-10-06,37,34,-3,1.23,0.4398,0.0017,Low,0,0,0.450646759638225,Medium,3949,45.06
PO002824,SUP017,P00028,Engine,9,4247.19,SITE04,2023-06-05,2023-07-05,2023-07-02,30,27,-3,1.12,0.4316,0.0005,Low,0,0,0.45060844365971303,Medium,3950,45.06
PO021205,SUP008,P00216,Avionics,16,4909.76,SITE04,2024-04-29,2024-06-03,2024-06-02,35,34,-1,1.14,0.4276,0.0012,Low,0,0,0.45060796004334036,Medium,3951,45.06
PO020156,SUP032,P00204,Fasteners,131,239654.02,SITE06,2023-12-18,2024-01-24,2024-01-26,37,39,2,0.96,0.3712,0.0019,Low,1,0,0.4506024971357739,Medium,3952,45.06
PO014774,SUP028,P00149,Fasteners,6,12262.26,SITE04,2023-01-09,2023-02-08,2023-02-05,30,27,-3,0.97,0.3864,0.0008,Low,0,0,0.45056026342821565,Medium,3953,45.06
PO005217,SUP030,P00055,Structure,5,21772.95,SITE02,2022-05-30,2022-07-03,2022-07-05,34,36,2,1.34,0.4591,0.0,Low,1,0,0.45050812490365805,Medium,3954,45.05
PO029651,SUP035,P00300,Fasteners,40,134042.4,SITE06,2023-10-23,2023-11-23,2023-11-24,31,32,1,1.27,0.431,0.0025,Low,1,0,0.4504557542033828,Medium,3955,45.05
PO012889,SUP010,P00130,Structure,5,5281.4,SITE01,2022-02-28,2022-03-24,2022-03-25,24,25,1,1.61,0.4878,0.0,Low,1,0,0.45040742590345967,Medium,3956,45.04
PO018871,SUP017,P00192,Structure,21,10470.81,SITE06,2023-09-18,2023-10-11,2023-10-10,23,22,-1,1.07,0.4195,0.0005,Low,0,0,0.4503458565746583,Medium,3957,45.03
PO022261,SUP032,P00225,LandingGear,24,16538.4,SITE02,2022-03-07,2022-03-31,2022-03-29,24,22,-2,1.3,0.5926,0.0,Low,0,0,0.4501207003135616,Medium,3958,45.01
PO002268,SUP029,P00023,Structure,2,4666.18,SITE03,2022-10-10,2022-11-18,2022-11-15,39,36,-3,1.13,0.4094,0.0012,Low,0,0,0.4499943643497207,Medium,3959,45.0
PO000244,SUP028,P00002,Cabin,28,18783.52,SITE05,2024-07-15,2024-08-14,2024-08-14,30,30,0,1.09,0.409,0.0009,Low,0,0,0.4498133822381707,Medium,3960,44.98
PO020920,SUP034,P00214,Fasteners,8,7471.52,SITE01,2023-11-20,2023-12-28,2023-12-27,38,37,-1,1.22,0.4526,0.0016,Low,0,0,0.44972394540856686,Medium,3961,44.97
PO008765,SUP022,P00087,Fasteners,3,16713.33,SITE02,2023-11-27,2023-12-18,2023-12-19,21,22,1,1.16,0.4401,0.0005,Low,1,0,0.44972007268330816,Medium,3962,44.97
PO010489,SUP022,P00105,Structure,3,1033.71,SITE03,2024-10-28,2024-11-16,2024-11-13,19,16,-3,1.17,0.4513,0.0008,Low,0,0,0.44965014671107423,Medium,3963,44.97
PO027832,SUP010,P00283,LandingGear,2,11861.62,SITE04,2024-12-09,2024-12-28,2024-12-27,19,18,-1,1.27,0.4328,0.0006,Low,0,0,0.4495659358876416,Medium,3964,44.96
PO023051,SUP004,P00234,Electrical,4,18439.92,SITE03,2023-07-10,2023-08-07,2023-08-05,28,26,-2,1.16,0.454,0.0008,Low,0,0,0.449553143312969,Medium,3965,44.96
PO008173,SUP030,P00083,Fasteners,5,3169.05,SITE01,2022-10-24,2022-11-21,2022-11-22,28,29,1,1.26,0.4394,0.0008,Low,1,0,0.4495357263706496,Medium,3966,44.95
PO022287,SUP032,P00225,LandingGear,21,14471.1,SITE03,2023-11-06,2023-11-27,2023-12-01,21,25,4,0.95,0.3732,0.002,Low,1,0,0.44948562783224416,Medium,3967,44.95
PO008675,SUP022,P00086,Cabin,16,20874.08,SITE04,2024-03-04,2024-04-07,2024-04-09,34,36,2,1.16,0.442,0.0006,Low,1,0,0.4494262431693245,Medium,3968,44.94
PO024532,SUP028,P00253,Hydraulics,7,3645.88,SITE03,2024-11-25,2024-12-18,2024-12-17,23,22,-1,1.1,0.4127,0.0008,Low,0,0,0.44925990079178946,Medium,3969,44.93
PO027993,SUP004,P00285,Fasteners,5,4562.8,SITE03,2022-08-08,2022-09-16,2022-09-16,39,39,0,1.14,0.4576,0.0014,Low,0,0,0.4492594745725199,Medium,3970,44.93
PO012436,SUP020,P00124,Electrical,7,7131.04,SITE06,2023-03-27,2023-04-13,2023-04-13,17,17,0,1.03,0.3791,0.0005,Low,0,0,0.4491810597961969,Medium,3971,44.92
PO013206,SUP037,P00134,Hydraulics,14,5153.68,SITE01,2022-04-11,2022-05-12,2022-05-12,31,31,0,1.13,0.3857,0.0,Low,0,0,0.4491715598215302,Medium,3972,44.92
PO008684,SUP022,P00086,Cabin,11,14350.93,SITE04,2024-10-28,2024-12-01,2024-12-05,34,38,4,1.17,0.4511,0.0008,Low,1,0,0.44917080382995067,Medium,3973,44.92
PO024336,SUP031,P00249,Hydraulics,4,1982.92,SITE05,2024-03-18,2024-04-30,2024-04-27,43,40,-3,1.28,0.4336,0.0007,Low,0,0,0.4491445478843857,Medium,3974,44.91
PO001462,SUP030,P00012,Engine,7,2485.21,SITE05,2024-01-22,2024-03-13,2024-03-11,51,49,-2,1.18,0.4242,0.0007,Low,0,0,0.44907716679861126,Medium,3975,44.91
PO018819,SUP017,P00192,Structure,10,4986.1,SITE04,2023-04-03,2023-04-27,2023-04-25,24,22,-2,1.1,0.4312,0.0006,Low,0,0,0.44888917882460616,Medium,3976,44.89
PO025288,SUP010,P00261,Electrical,5,21222.5,SITE01,2023-03-13,2023-04-04,2023-04-03,22,21,-1,1.41,0.4591,0.0004,Low,0,0,0.44883434759684765,Medium,3977,44.88
PO010487,SUP022,P00105,Structure,5,1722.85,SITE03,2023-10-09,2023-11-01,2023-10-31,23,22,-1,1.15,0.433,0.0003,Low,0,0,0.448682384916173,Medium,3978,44.87
PO013069,SUP037,P00132,Fasteners,10,9497.5,SITE04,2023-05-22,2023-06-20,2023-06-17,29,26,-3,1.21,0.4409,0.0014,Low,0,0,0.4486544572865671,Medium,3979,44.87
PO016001,SUP012,P00161,Engine,1,4072.98,SITE03,2023-03-13,2023-04-22,2023-04-19,40,37,-3,1.01,0.403,0.0006,Low,0,0,0.4484352328855227,Medium,3980,44.84
PO001403,SUP030,P00011,Fasteners,23,12374.46,SITE06,2022-07-04,2022-08-09,2022-08-06,36,33,-3,1.32,0.4697,0.0004,Low,0,0,0.4484144355103647,Medium,3981,44.84
PO024271,SUP031,P00249,Hydraulics,7,3470.11,SITE01,2022-04-11,2022-05-28,2022-05-28,47,47,0,1.31,0.4026,0.002,Low,0,0,0.44840667097709835,Medium,3982,44.84
PO008819,SUP029,P00088,Structure,11,19478.03,SITE01,2023-03-13,2023-04-11,2023-04-13,29,31,2,1.12,0.4131,0.0006,Low,1,0,0.44827437682122373,Medium,3983,44.83
PO010967,SUP036,P00110,Fasteners,5,62793.95,SITE06,2022-10-24,2022-12-07,2022-12-05,44,42,-2,1.14,0.4018,0.0015,Low,0,0,0.44818789108929197,Medium,3984,44.82
PO021712,SUP010,P00221,Electrical,4,7441.08,SITE02,2023-05-29,2023-06-21,2023-06-21,23,23,0,1.38,0.4572,0.0005,Low,0,0,0.44810019990902333,Medium,3985,44.81
PO012031,SUP035,P00121,Avionics,36,10668.6,SITE06,2023-05-29,2023-06-23,2023-06-24,25,26,1,1.35,0.4503,0.0028,Low,1,0,0.44807011221846543,Medium,3986,44.81
PO021583,SUP017,P00218,Cabin,42,98290.5,SITE06,2023-01-23,2023-02-26,2023-02-24,34,32,-2,1.12,0.4328,0.0005,Low,0,0,0.4477715446898094,Medium,3987,44.78
PO012128,SUP022,P00122,Fasteners,2,9705.3,SITE05,2022-09-12,2022-10-08,2022-10-11,26,29,3,1.0,0.375,0.0,Low,1,0,0.44776314905334513,Medium,3988,44.78
PO008900,SUP029,P00088,Structure,13,23019.49,SITE05,2024-08-26,2024-09-22,2024-09-20,27,25,-2,1.21,0.4279,0.0009,Low,0,0,0.4477506341108373,Medium,3989,44.78
PO022299,SUP032,P00225,LandingGear,7,4823.7,SITE04,2023-06-26,2023-07-19,2023-07-23,23,27,4,0.87,0.3408,0.0022,Low,1,0,0.44774655915505074,Medium,3990,44.77
PO015521,SUP011,P00156,Cabin,10,38843.2,SITE05,2022-09-12,2022-10-30,2022-10-31,48,49,1,1.13,0.3852,0.0,Low,1,0,0.4477078834496054,Medium,3991,44.77
PO014395,SUP031,P00144,Fasteners,19,22726.28,SITE06,2022-03-21,2022-04-27,2022-04-24,37,34,-3,1.37,0.4068,0.0,Low,0,0,0.4475660392482434,Medium,3992,44.76
PO022157,SUP028,P00224,Fasteners,27,77160.87,SITE03,2023-11-06,2023-11-30,2023-11-30,24,24,0,1.06,0.4115,0.0011,Low,0,0,0.44755503169937544,Medium,3993,44.76
PO017364,SUP034,P00176,Fasteners,17,10211.73,SITE04,2024-10-14,2024-11-27,2024-12-01,44,48,4,1.28,0.4557,0.002,Low,1,0,0.44755359400081557,Medium,3994,44.76
PO018864,SUP017,P00192,Structure,18,8974.98,SITE06,2023-02-20,2023-03-17,2023-03-20,25,28,3,1.12,0.4371,0.0007,Low,1,0,0.4474872818411954,Medium,3995,44.75
PO012192,SUP029,P00123,Cabin,8,24005.84,SITE01,2023-07-10,2023-08-19,2023-08-17,40,38,-2,1.19,0.4298,0.0007,Low,0,0,0.44747403865312646,Medium,3996,44.75
PO028722,SUP030,P00293,Hydraulics,5,3845.6,SITE05,2023-01-30,2023-03-15,2023-03-17,44,46,2,1.19,0.4244,0.0005,Low,1,0,0.4473774060626219,Medium,3997,44.74
PO012993,SUP037,P00132,Fasteners,4,3799.0,SITE01,2023-11-27,2024-01-01,2024-01-01,35,35,0,1.22,0.4333,0.0011,Low,0,0,0.44737456082543653,Medium,3998,44.74
PO012151,SUP022,P00122,Fasteners,14,67937.1,SITE06,2022-06-20,2022-07-14,2022-07-11,24,21,-3,0.96,0.3538,0.0,Low,0,0,0.447328699910893,Medium,3999,44.73
PO024305,SUP031,P00249,Hydraulics,10,4957.3,SITE03,2024-07-08,2024-08-13,2024-08-12,36,35,-1,1.27,0.4378,0.0006,Low,0,0,0.447209148863468,Medium,4000,44.72
PO017708,SUP031,P00180,LandingGear,7,19312.51,SITE03,2022-03-07,2022-04-06,2022-04-04,30,28,-2,1.21,0.3958,0.0,Low,0,0,0.44709551022870747,Medium,4001,44.71
PO028692,SUP030,P00293,Hydraulics,1,769.12,SITE03,2022-06-06,2022-07-15,2022-07-14,39,38,-1,1.34,0.4709,0.0,Low,0,0,0.44688329685423933,Medium,4002,44.69
PO008062,SUP037,P00081,Electrical,9,31363.92,SITE06,2024-03-11,2024-04-04,2024-04-06,24,26,2,1.22,0.4446,0.0009,Low,1,0,0.4467747650295749,Medium,4003,44.68
PO017284,SUP034,P00176,Fasteners,46,27631.74,SITE02,2022-04-18,2022-06-03,2022-06-03,46,46,0,1.29,0.4308,0.0036,Low,0,0,0.4466254935172056,Medium,4004,44.66
PO019287,SUP012,P00197,Electrical,6,6339.42,SITE06,2022-06-13,2022-07-04,2022-07-07,21,24,3,0.89,0.3684,0.0,Low,1,0,0.4466169256407416,Medium,4005,44.66
PO003716,SUP008,P00039,LandingGear,15,23985.45,SITE04,2022-07-25,2022-08-21,2022-08-23,27,29,2,1.19,0.4227,0.0,Low,1,0,0.44648833181479575,Medium,4006,44.65
PO018627,SUP007,P00190,Structure,2,8460.64,SITE03,2024-06-10,2024-07-10,2024-07-08,30,28,-2,1.3,0.4722,0.0001,Low,0,0,0.4464002210521149,Medium,4007,44.64
PO002024,SUP007,P00019,Fasteners,6,17029.5,SITE01,2022-10-24,2022-11-25,2022-12-01,32,38,6,1.29,0.4523,0.0,Low,1,0,0.4463667499565213,Medium,4008,44.64
PO021406,SUP007,P00217,Fasteners,37,25577.36,SITE06,2022-11-28,2022-12-31,2022-12-28,33,30,-3,1.38,0.4589,0.0,Low,0,0,0.44612317374480437,Medium,4009,44.61
PO013373,SUP034,P00136,LandingGear,4,12393.84,SITE03,2022-11-21,2022-12-21,2022-12-22,30,31,1,1.26,0.4775,0.0018,Low,1,0,0.4460950819333171,Medium,4010,44.61
PO012114,SUP022,P00122,Fasteners,3,14557.95,SITE04,2023-07-31,2023-08-23,2023-08-20,23,20,-3,1.14,0.4293,0.0004,Low,0,0,0.44596284688822835,Medium,4011,44.6
PO003078,SUP006,P00031,Engine,5,2360.8,SITE06,2022-09-12,2022-11-16,2022-11-24,65,73,8,2.45,0.6667,0.0007,Medium,1,0,0.44590059123878345,Medium,4012,44.59
PO004623,SUP011,P00047,Avionics,9,1578.42,SITE06,2023-01-02,2023-02-21,2023-02-25,50,54,4,1.03,0.3743,0.0004,Low,1,0,0.4458966695251515,Medium,4013,44.59
PO025781,SUP020,P00266,Fasteners,13,17588.09,SITE02,2022-08-29,2022-09-26,2022-09-25,28,27,-1,0.97,0.3592,0.0008,Low,0,0,0.445731959005235,Medium,4014,44.57
PO007667,SUP012,P00078,Electrical,13,21480.68,SITE06,2023-01-09,2023-01-29,2023-01-29,20,20,0,0.92,0.3808,0.0006,Low,0,0,0.44566449103283884,Medium,4015,44.57
PO003544,SUP017,P00038,Fasteners,4,4576.32,SITE02,2022-08-22,2022-09-15,2022-09-16,24,25,1,1.13,0.4319,0.0,Low,1,0,0.4453965979108476,Medium,4016,44.54
PO005713,SUP036,P00059,Cabin,24,28415.28,SITE01,2024-01-22,2024-03-07,2024-03-06,45,44,-1,1.2,0.4159,0.002,Low,0,0,0.4451630349880297,Medium,4017,44.52
PO006867,SUP037,P00069,Avionics,10,20740.7,SITE06,2024-12-02,2025-01-04,2025-01-05,33,34,1,1.23,0.4432,0.0012,Low,1,0,0.44498288240827105,Medium,4018,44.5
PO026822,SUP037,P00273,Fasteners,18,34409.34,SITE02,2023-06-12,2023-07-09,2023-07-11,27,29,2,1.19,0.4349,0.0014,Low,1,0,0.44491606217908203,Medium,4019,44.49
PO006676,SUP010,P00068,LandingGear,3,3245.31,SITE01,2023-06-19,2023-07-15,2023-07-19,26,30,4,1.38,0.4583,0.0005,Low,1,0,0.4448967846265888,Medium,4020,44.49
PO026830,SUP037,P00273,Fasteners,10,19116.3,SITE03,2022-07-25,2022-08-17,2022-08-15,23,21,-2,1.25,0.434,0.0,Low,0,0,0.44484865873615625,Medium,4021,44.48
PO008599,SUP022,P00086,Cabin,14,18264.82,SITE02,2022-10-03,2022-11-08,2022-11-09,36,37,1,1.0,0.3835,0.0,Low,1,0,0.44482541376414286,Medium,4022,44.48
PO003618,SUP017,P00038,Fasteners,5,5720.4,SITE05,2023-12-18,2024-01-12,2024-01-16,25,29,4,1.08,0.4157,0.0008,Low,1,0,0.4447064297559274,Medium,4023,44.47
PO015538,SUP011,P00156,Cabin,12,46611.84,SITE05,2024-10-07,2024-11-15,2024-11-12,39,36,-3,1.26,0.4286,0.0008,Low,0,0,0.4446826721725015,Medium,4024,44.47
PO028434,SUP004,P00289,Structure,46,16395.78,SITE04,2024-05-20,2024-06-23,2024-06-25,34,36,2,1.18,0.4411,0.0006,Low,1,0,0.44467255476746537,Medium,4025,44.47
PO006490,SUP035,P00066,Fasteners,2,2077.8,SITE01,2023-01-30,2023-03-01,2023-02-26,30,27,-3,1.44,0.4486,0.0,Low,0,0,0.4446248798791809,Medium,4026,44.46
PO005786,SUP036,P00059,Cabin,14,16575.58,SITE03,2024-04-15,2024-06-02,2024-06-02,48,48,0,1.2,0.4114,0.0017,Low,0,0,0.4444504009835625,Medium,4027,44.45
PO009457,SUP011,P00094,LandingGear,24,46091.28,SITE04,2024-09-09,2024-10-09,2024-10-07,30,28,-2,1.24,0.4283,0.0008,Low,0,0,0.4444349199849259,Medium,4028,44.44
PO027238,SUP007,P00276,Engine,4,4953.6,SITE06,2022-11-14,2022-12-28,2022-12-26,44,42,-2,1.36,0.4505,0.0,Low,0,0,0.4443374883452639,Medium,4029,44.43
PO028733,SUP030,P00293,Hydraulics,13,9998.56,SITE06,2023-05-08,2023-06-19,2023-06-16,42,39,-3,1.2,0.4201,0.0004,Low,0,0,0.44425778625370343,Medium,4030,44.43
PO000148,SUP028,P00002,Cabin,57,38237.88,SITE03,2022-04-25,2022-05-29,2022-05-30,34,35,1,1.04,0.4082,0.0016,Low,1,0,0.4442077297319618,Medium,4031,44.42
PO015412,SUP011,P00156,Cabin,14,54380.48,SITE01,2023-08-21,2023-09-29,2023-10-09,39,49,10,1.2,0.4058,0.001,Low,1,0,0.44419799918632596,Medium,4032,44.42
PO011393,SUP008,P00115,Cabin,74,218909.02,SITE06,2024-09-02,2024-10-13,2024-10-14,41,42,1,1.14,0.4361,0.001,Low,1,0,0.4440444631350952,Medium,4033,44.4
PO020214,SUP010,P00205,LandingGear,14,12970.58,SITE03,2023-07-24,2023-08-19,2023-08-18,26,25,-1,1.37,0.4609,0.0005,Low,0,0,0.44398317480602517,Medium,4034,44.4
PO017841,SUP025,P00181,Structure,22,21904.3,SITE04,2023-11-27,2024-01-09,2024-01-12,43,46,3,2.55,0.6893,0.0016,Medium,1,0,0.44394729720834164,Medium,4035,44.39
PO023832,SUP017,P00244,Hydraulics,4,4174.28,SITE02,2024-01-22,2024-02-15,2024-02-12,24,21,-3,1.07,0.4116,0.0008,Low,0,0,0.44387293682849216,Medium,4036,44.39
PO022603,SUP001,P00229,Hydraulics,2,973.82,SITE01,2022-07-11,2022-08-25,2022-08-26,45,46,1,1.25,0.4574,0.0,Low,1,0,0.44373848796066995,Medium,4037,44.37
PO004593,SUP011,P00047,Avionics,3,526.14,SITE03,2023-08-07,2023-09-27,2023-10-05,51,59,8,1.2,0.4074,0.001,Low,1,0,0.44347887378598166,Medium,4038,44.35
PO024550,SUP028,P00253,Hydraulics,6,3125.04,SITE04,2023-09-11,2023-10-06,2023-10-11,25,30,5,1.01,0.4082,0.0009,Low,1,0,0.44344062287141867,Medium,4039,44.34
PO022266,SUP032,P00225,LandingGear,5,3445.5,SITE02,2023-02-27,2023-03-21,2023-03-18,22,19,-3,0.94,0.3771,0.0028,Low,0,0,0.44341562058021783,Medium,4040,44.34
PO002463,SUP030,P00025,Structure,19,8546.2,SITE05,2024-11-04,2024-12-09,2024-12-10,35,36,1,1.21,0.4263,0.0009,Low,1,0,0.4432887312732663,Medium,4041,44.33
PO025554,SUP029,P00263,Structure,6,5121.84,SITE03,2023-05-08,2023-06-15,2023-06-12,38,35,-3,1.22,0.4346,0.0008,Low,0,0,0.44321669592252266,Medium,4042,44.32
PO025728,SUP007,P00265,Hydraulics,17,6750.02,SITE04,2024-10-14,2024-11-19,2024-11-22,36,39,3,1.29,0.4617,0.0001,Low,1,0,0.4431830558650016,Medium,4043,44.32
PO003676,SUP008,P00039,LandingGear,5,7995.15,SITE02,2022-10-17,2022-11-18,2022-11-21,32,35,3,1.38,0.4825,0.0,Low,1,0,0.443149748771637,Medium,4044,44.31
PO029656,SUP035,P00300,Fasteners,7,23457.42,SITE06,2024-02-19,2024-03-20,2024-03-18,30,28,-2,1.28,0.4506,0.0021,Low,0,0,0.443056028823453,Medium,4045,44.31
PO020429,SUP020,P00207,Fasteners,4,2606.92,SITE05,2023-08-14,2023-09-14,2023-09-17,31,34,3,1.08,0.3855,0.0011,Low,1,0,0.443030999294951,Medium,4046,44.3
PO027243,SUP007,P00276,Engine,9,11145.6,SITE06,2024-02-19,2024-03-25,2024-03-25,35,35,0,1.27,0.469,0.0001,Low,0,0,0.44302427993301896,Medium,4047,44.3
PO002111,SUP007,P00019,Fasteners,21,59603.25,SITE06,2023-02-06,2023-03-16,2023-03-14,38,36,-2,1.31,0.4552,0.0,Low,0,0,0.4429056143179712,Medium,4048,44.29
PO025311,SUP010,P00261,Electrical,2,8489.0,SITE03,2023-04-17,2023-05-12,2023-05-09,25,22,-3,1.4,0.4556,0.0004,Low,0,0,0.44290469508074076,Medium,4049,44.29
PO022519,SUP001,P00227,LandingGear,5,3696.35,SITE05,2022-05-23,2022-07-04,2022-07-05,42,43,1,1.35,0.4848,0.0,Low,1,0,0.442899716146427,Medium,4050,44.29
PO025496,SUP030,P00262,Structure,5,2046.75,SITE06,2022-11-14,2022-12-19,2022-12-21,35,37,2,1.25,0.4397,0.0007,Low,1,0,0.44284482483970267,Medium,4051,44.28
PO023674,SUP019,P00242,Electrical,8,8053.52,SITE02,2024-05-06,2024-05-31,2024-06-02,25,27,2,1.18,0.4312,0.0018,Low,1,0,0.4426386658579447,Medium,4052,44.26
PO010569,SUP001,P00106,Avionics,4,710.68,SITE05,2023-04-17,2023-05-26,2023-05-26,39,39,0,1.21,0.4493,0.001,Low,0,0,0.44260218380639904,Medium,4053,44.26
PO004246,SUP017,P00044,Hydraulics,13,15893.41,SITE03,2024-09-23,2024-10-17,2024-10-17,24,24,0,1.11,0.4137,0.0008,Low,0,0,0.4425613760108531,Medium,4054,44.26
PO000083,SUP004,P00001,Electrical,6,13940.7,SITE06,2023-07-17,2023-08-19,2023-08-23,33,37,4,1.18,0.4624,0.0008,Low,1,0,0.44250468457366804,Medium,4055,44.25
PO007637,SUP012,P00078,Electrical,5,8261.8,SITE04,2024-07-15,2024-08-02,2024-08-06,18,22,4,1.06,0.4111,0.0007,Low,1,0,0.4423247128450083,Medium,4056,44.23
PO008075,SUP037,P00082,Electrical,5,15708.95,SITE01,2024-04-01,2024-05-02,2024-05-07,31,36,5,1.25,0.453,0.0009,Low,1,0,0.44217153484061733,Medium,4057,44.22
PO017751,SUP031,P00180,LandingGear,20,55178.6,SITE06,2022-12-05,2023-01-05,2023-01-06,31,32,1,1.19,0.4048,0.0004,Low,1,0,0.4421378303582714,Medium,4058,44.21
PO007039,SUP007,P00071,Avionics,19,26396.32,SITE03,2024-04-01,2024-05-02,2024-05-03,31,32,1,1.28,0.4695,0.0001,Low,1,0,0.4421248779785687,Medium,4059,44.21
PO010910,SUP029,P00109,Engine,25,20000.5,SITE06,2022-04-04,2022-05-24,2022-05-26,50,52,2,1.15,0.3636,0.0032,Low,1,0,0.44185401435843713,Medium,4060,44.19
PO014914,SUP010,P00150,Fasteners,16,33342.24,SITE04,2024-05-27,2024-07-01,2024-06-28,35,32,-3,1.28,0.4357,0.0006,Low,0,0,0.44174939233502974,Medium,4061,44.17
PO003714,SUP008,P00039,LandingGear,9,14391.27,SITE04,2022-05-23,2022-06-20,2022-06-19,28,27,-1,1.36,0.4407,0.0,Low,0,0,0.44174201017888237,Medium,4062,44.17
PO007037,SUP007,P00071,Avionics,6,8335.68,SITE03,2024-01-15,2024-02-16,2024-02-13,32,29,-3,1.27,0.4709,0.0002,Low,0,0,0.441525732359979,Medium,4063,44.15
PO012317,SUP029,P00123,Cabin,11,33008.03,SITE06,2022-02-21,2022-04-11,2022-04-10,49,48,-1,1.17,0.3793,0.0,Low,0,0,0.44152538390587276,Medium,4064,44.15
PO013021,SUP037,P00132,Fasteners,12,11397.0,SITE02,2024-12-09,2025-01-06,2025-01-06,28,28,0,1.22,0.4428,0.0012,Low,0,0,0.44139358009293145,Medium,4065,44.14
PO000092,SUP028,P00002,Cabin,5,3354.2,SITE01,2022-08-15,2022-09-12,2022-09-09,28,25,-3,1.01,0.4096,0.0011,Low,0,0,0.44138004593679386,Medium,4066,44.14
PO001671,SUP022,P00016,LandingGear,11,22485.65,SITE04,2022-08-29,2022-09-15,2022-09-12,17,14,-3,0.98,0.3543,0.0,Low,0,0,0.44133623898721575,Medium,4067,44.13
PO022162,SUP028,P00224,Fasteners,19,54298.39,SITE04,2022-01-10,2022-02-03,2022-02-01,24,22,-2,0.75,0.4167,0.0,Low,0,0,0.441301249029821,Medium,4068,44.13
PO003459,SUP037,P00036,Structure,17,14535.85,SITE06,2022-04-11,2022-05-13,2022-05-14,32,33,1,1.13,0.3731,0.0,Low,1,0,0.44110599768398184,Medium,4069,44.11
PO011936,SUP035,P00121,Avionics,15,4445.25,SITE03,2024-01-08,2024-02-04,2024-02-01,27,24,-3,1.28,0.4471,0.0022,Low,0,0,0.44100902292666283,Medium,4070,44.1
PO009695,SUP003,P00097,Hydraulics,19,13337.24,SITE06,2023-07-24,2023-09-05,2023-09-08,43,46,3,2.28,0.6565,0.0,Medium,1,0,0.44081630994814835,Medium,4071,44.08
PO016363,SUP012,P00165,Electrical,8,11498.48,SITE02,2022-10-10,2022-10-25,2022-10-22,15,12,-3,0.96,0.3902,0.0006,Low,0,0,0.4406327303317076,Medium,4072,44.06
PO021223,SUP008,P00216,Avionics,9,2761.74,SITE05,2023-04-17,2023-05-17,2023-05-18,30,31,1,1.23,0.4435,0.0005,Low,1,0,0.4405616516105519,Medium,4073,44.06
PO027518,SUP012,P00279,Fasteners,1,10994.03,SITE05,2022-10-24,2022-12-01,2022-11-29,38,36,-2,0.95,0.3918,0.0005,Low,0,0,0.4405097305621499,Medium,4074,44.05
PO000012,SUP004,P00001,Electrical,12,27881.4,SITE02,2022-04-11,2022-05-09,2022-05-10,28,29,1,1.23,0.4318,0.0,Low,1,0,0.44048960213506433,Medium,4075,44.05
PO021431,SUP017,P00218,Cabin,8,18722.0,SITE01,2022-03-14,2022-04-19,2022-04-23,36,40,4,0.96,0.3457,0.0,Low,1,0,0.44042898220472326,Medium,4076,44.04
PO012940,SUP010,P00130,Structure,9,9506.52,SITE06,2023-02-13,2023-03-07,2023-03-10,22,25,3,1.41,0.4596,0.0004,Low,1,0,0.4403780192283233,Medium,4077,44.04
PO016898,SUP019,P00173,Structure,6,5829.3,SITE01,2022-03-28,2022-04-27,2022-04-27,30,30,0,1.29,0.4286,0.0,Low,0,0,0.44032663671889677,Medium,4078,44.03
PO020460,SUP036,P00208,Hydraulics,5,14047.7,SITE02,2024-03-25,2024-05-02,2024-05-02,38,38,0,1.2,0.41,0.0018,Low,0,0,0.44020631140879496,Medium,4079,44.02
PO007548,SUP012,P00077,Fasteners,6,21663.06,SITE05,2024-11-25,2024-12-28,2024-12-25,33,30,-3,1.09,0.4189,0.0006,Low,0,0,0.4401648868847129,Medium,4080,44.02
PO018177,SUP019,P00185,Hydraulics,6,2204.88,SITE03,2024-06-24,2024-07-18,2024-07-15,24,21,-3,1.21,0.4359,0.0017,Low,0,0,0.4401370728944258,Medium,4081,44.01
PO006703,SUP010,P00068,LandingGear,13,14063.01,SITE03,2023-02-06,2023-03-04,2023-03-01,26,23,-3,1.41,0.4633,0.0004,Low,0,0,0.440126077647651,Medium,4082,44.01
PO020316,SUP011,P00206,Fasteners,3,1478.88,SITE01,2023-06-12,2023-07-22,2023-07-25,40,43,3,1.15,0.3943,0.0009,Low,1,0,0.4399587038327521,Medium,4083,44.0
PO013390,SUP034,P00136,LandingGear,15,46476.9,SITE04,2022-11-14,2022-12-12,2022-12-13,28,29,1,1.29,0.4828,0.0012,Low,1,0,0.43990038020400835,Medium,4084,43.99
PO018953,SUP017,P00193,Electrical,3,4214.88,SITE05,2023-05-29,2023-06-18,2023-06-17,20,19,-1,1.12,0.4311,0.0006,Low,0,0,0.4398969267683476,Medium,4085,43.99
PO004022,SUP017,P00041,Fasteners,12,8409.36,SITE06,2022-01-10,2022-02-04,2022-02-01,25,22,-3,0.88,0.5,0.0,Low,0,0,0.43989650443879336,Medium,4086,43.99
PO005729,SUP036,P00059,Cabin,11,13023.67,SITE02,2022-02-28,2022-04-19,2022-04-17,50,48,-2,1.17,0.4667,0.0,Low,0,0,0.43986793438935656,Medium,4087,43.99
PO006506,SUP035,P00066,Fasteners,6,6233.4,SITE03,2022-04-04,2022-05-05,2022-05-05,31,31,0,1.12,0.3725,0.0,Low,0,0,0.43984388639653477,Medium,4088,43.98
PO022622,SUP001,P00229,Hydraulics,4,1947.64,SITE04,2023-04-17,2023-05-28,2023-05-25,41,38,-3,1.19,0.4429,0.001,Low,0,0,0.43981604506604527,Medium,4089,43.98
PO017311,SUP034,P00176,Fasteners,29,17420.01,SITE02,2024-09-30,2024-11-07,2024-11-09,38,40,2,1.24,0.4491,0.002,Low,1,0,0.4396864568718264,Medium,4090,43.97
PO013055,SUP037,P00132,Fasteners,9,8547.75,SITE04,2022-06-27,2022-07-26,2022-07-30,29,33,4,1.17,0.4286,0.0,Low,1,0,0.43962239402813597,Medium,4091,43.96
PO023848,SUP017,P00244,Hydraulics,4,4174.28,SITE03,2024-12-09,2025-01-08,2025-01-06,30,28,-2,1.11,0.4137,0.0007,Low,0,0,0.4395719042853718,Medium,4092,43.96
PO008706,SUP022,P00086,Cabin,4,5218.52,SITE05,2023-10-16,2023-11-21,2023-11-20,36,35,-1,1.15,0.4327,0.0003,Low,0,0,0.4395612153936138,Medium,4093,43.96
PO024488,SUP032,P00252,Engine,4,2113.76,SITE05,2024-03-18,2024-04-27,2024-04-26,40,39,-1,1.0,0.3788,0.0019,Low,0,0,0.43954956639650455,Medium,4094,43.95
PO026942,SUP004,P00274,Avionics,11,2409.77,SITE01,2022-08-15,2022-09-22,2022-09-19,38,35,-3,1.13,0.4516,0.0014,Low,0,0,0.43941762567690223,Medium,4095,43.94
PO025463,SUP030,P00262,Structure,24,9824.4,SITE04,2024-05-27,2024-06-27,2024-06-27,31,31,0,1.21,0.4268,0.0009,Low,0,0,0.4394057847283153,Medium,4096,43.94
PO012975,SUP017,P00131,Engine,8,3179.92,SITE06,2022-11-07,2022-12-25,2022-12-26,48,49,1,1.15,0.4358,0.0004,Low,1,0,0.4393417188271741,Medium,4097,43.93
PO010872,SUP029,P00109,Engine,6,4800.12,SITE02,2023-07-24,2023-08-31,2023-08-31,38,38,0,1.17,0.427,0.0007,Low,0,0,0.43930870291949853,Medium,4098,43.93
PO002807,SUP017,P00028,Engine,8,3775.28,SITE03,2023-08-28,2023-10-01,2023-10-02,34,35,1,1.08,0.4194,0.0006,Low,1,0,0.4391179978479208,Medium,4099,43.91
PO011967,SUP035,P00121,Avionics,11,3259.85,SITE04,2023-07-03,2023-08-01,2023-07-29,29,26,-3,1.34,0.4548,0.0026,Low,0,0,0.4389304047017745,Medium,4100,43.89
PO003139,SUP029,P00032,Electrical,6,5946.72,SITE06,2023-02-27,2023-04-04,2023-04-04,36,36,0,1.13,0.4122,0.0007,Low,0,0,0.4389179175619083,Medium,4101,43.89
PO014190,SUP010,P00143,Avionics,47,12321.52,SITE04,2022-08-15,2022-09-14,2022-09-15,30,31,1,1.42,0.4921,0.0,Low,1,0,0.4388696419276222,Medium,4102,43.89
PO015917,SUP017,P00160,Hydraulics,11,22504.9,SITE01,2022-04-25,2022-05-28,2022-05-30,33,35,2,1.17,0.3983,0.0,Low,1,0,0.4388011050083418,Medium,4103,43.88
PO005559,SUP013,P00057,Avionics,5,590.9,SITE05,2023-11-13,2024-01-13,2024-01-15,61,63,2,2.41,0.6875,0.0015,Medium,1,0,0.4386563099706385,Medium,4104,43.87
PO018465,SUP008,P00188,Fasteners,5,17047.4,SITE05,2023-10-30,2023-12-06,2023-12-03,37,34,-3,1.18,0.4273,0.0011,Low,0,0,0.43861036141380794,Medium,4105,43.86
PO027277,SUP013,P00277,Electrical,14,17230.78,SITE02,2024-04-01,2024-05-15,2024-05-20,44,49,5,2.41,0.6863,0.0015,Medium,1,0,0.43858073902773226,Medium,4106,43.86
PO014189,SUP010,P00143,Avionics,28,7340.48,SITE04,2022-07-11,2022-08-04,2022-08-05,24,25,1,1.4,0.5,0.0,Low,1,0,0.4384917525981019,Medium,4107,43.85
PO010401,SUP028,P00104,Engine,8,3852.48,SITE04,2022-06-13,2022-07-14,2022-07-11,31,28,-3,0.95,0.3864,0.0011,Low,0,0,0.43846682710075907,Medium,4108,43.85
PO012267,SUP029,P00123,Cabin,9,27006.57,SITE04,2022-08-22,2022-10-08,2022-10-05,47,44,-3,1.21,0.4338,0.0016,Low,0,0,0.43827592047840996,Medium,4109,43.83
PO026152,SUP036,P00268,Cabin,12,5128.8,SITE02,2022-05-16,2022-07-03,2022-06-30,48,45,-3,1.12,0.4111,0.0,Low,0,0,0.43826597876069684,Medium,4110,43.83
PO006585,SUP031,P00067,LandingGear,5,3941.0,SITE02,2024-09-02,2024-09-27,2024-09-29,25,27,2,1.25,0.4348,0.0005,Low,1,0,0.4382282940224465,Medium,4111,43.82
PO008714,SUP022,P00086,Cabin,13,16960.19,SITE05,2024-08-12,2024-09-18,2024-09-20,37,39,2,1.16,0.4479,0.0008,Low,1,0,0.43816774332472,Medium,4112,43.82
PO023645,SUP012,P00241,Engine,4,1552.84,SITE06,2022-10-03,2022-11-05,2022-11-05,33,33,0,0.96,0.392,0.0003,Low,0,0,0.43816187146925234,Medium,4113,43.82
PO004819,SUP034,P00049,Fasteners,6,64305.72,SITE05,2022-11-07,2022-12-24,2022-12-25,47,48,1,1.29,0.4765,0.0013,Low,1,0,0.4381151070709412,Medium,4114,43.81
PO008287,SUP030,P00083,Fasteners,24,15211.44,SITE05,2024-03-18,2024-04-27,2024-04-29,40,42,2,1.18,0.4256,0.0008,Low,1,0,0.4380953463525719,Medium,4115,43.81
PO007019,SUP007,P00071,Avionics,3,4167.84,SITE02,2023-03-20,2023-04-20,2023-04-26,31,37,6,1.34,0.4695,0.0,Low,1,0,0.43804082655417415,Medium,4116,43.8
PO002528,SUP030,P00026,Fasteners,19,20804.43,SITE02,2022-03-07,2022-04-12,2022-04-13,36,37,1,1.5,0.4714,0.0,Low,1,0,0.4379815673679593,Medium,4117,43.8
PO022449,SUP001,P00227,LandingGear,6,4435.62,SITE01,2024-11-18,2024-12-26,2024-12-23,38,35,-3,1.18,0.4184,0.0004,Low,0,0,0.43795855357002095,Medium,4118,43.8
PO017694,SUP031,P00180,LandingGear,4,11035.72,SITE02,2022-07-04,2022-08-03,2022-08-02,30,29,-1,1.18,0.3857,0.0007,Low,0,0,0.4378707766179566,Medium,4119,43.79
PO026770,SUP036,P00272,Avionics,20,4045.2,SITE06,2023-08-14,2023-10-06,2023-10-06,53,53,0,1.15,0.4071,0.0025,Low,0,0,0.437792602111043,Medium,4120,43.78
PO007267,SUP035,P00073,Avionics,10,34276.5,SITE06,2024-02-05,2024-03-09,2024-03-11,33,35,2,1.29,0.4494,0.0021,Low,1,0,0.4377878328328818,Medium,4121,43.78
PO006719,SUP010,P00068,LandingGear,7,7572.39,SITE03,2024-12-09,2025-01-02,2025-01-04,24,26,2,1.27,0.4323,0.0006,Low,1,0,0.4377798242975327,Medium,4122,43.78
PO011447,SUP038,P00116,Cabin,16,46781.92,SITE03,2022-09-26,2022-11-07,2022-11-06,42,41,-1,2.26,0.671,0.0009,Medium,0,0,0.43762288993551834,Medium,4123,43.76
PO007608,SUP012,P00078,Electrical,5,8261.8,SITE03,2024-03-25,2024-04-14,2024-04-15,20,21,1,0.99,0.3979,0.0006,Low,1,0,0.43750760476111045,Medium,4124,43.75
PO004862,SUP004,P00050,Structure,29,12999.54,SITE04,2022-11-21,2022-12-29,2022-12-28,38,37,-1,1.23,0.4892,0.0013,Low,0,0,0.43737067243623085,Medium,4125,43.74
PO015229,SUP012,P00154,Avionics,5,1157.5,SITE02,2024-07-01,2024-07-31,2024-07-29,30,28,-2,1.06,0.4119,0.0007,Low,0,0,0.4373536046913328,Medium,4126,43.74
PO024619,SUP034,P00254,Hydraulics,5,3701.3,SITE03,2024-04-29,2024-06-05,2024-06-08,37,40,3,1.25,0.4519,0.0013,Low,1,0,0.4372243866466168,Medium,4127,43.72
PO012248,SUP029,P00123,Cabin,28,84020.44,SITE03,2023-10-23,2023-12-09,2023-12-09,47,47,0,1.24,0.4366,0.0008,Low,0,0,0.43722317296542496,Medium,4128,43.72
PO026230,SUP036,P00268,Cabin,19,8120.6,SITE04,2023-12-11,2024-01-17,2024-01-18,37,38,1,1.19,0.413,0.0021,Low,1,0,0.4371149683889532,Medium,4129,43.71
PO026663,SUP036,P00272,Avionics,36,7281.36,SITE02,2024-04-22,2024-06-10,2024-06-09,49,48,-1,1.21,0.4131,0.0017,Low,0,0,0.4369531877257394,Medium,4130,43.7
PO017384,SUP034,P00176,Fasteners,14,8409.66,SITE05,2024-09-30,2024-11-15,2024-11-15,46,46,0,1.24,0.4502,0.002,Low,0,0,0.43689335868062895,Medium,4131,43.69
PO011921,SUP035,P00121,Avionics,7,2074.45,SITE02,2024-09-02,2024-09-28,2024-09-25,26,23,-3,1.23,0.4409,0.0017,Low,0,0,0.4368902726795949,Medium,4132,43.69
PO023669,SUP019,P00242,Electrical,8,8053.52,SITE02,2023-05-15,2023-06-09,2023-06-13,25,29,4,1.08,0.4038,0.0013,Low,1,0,0.4366939132627157,Medium,4133,43.67
PO004234,SUP017,P00044,Hydraulics,4,4890.28,SITE02,2024-02-05,2024-02-29,2024-03-02,24,26,2,1.08,0.4113,0.0008,Low,1,0,0.4366433664402144,Medium,4134,43.66
PO015434,SUP011,P00156,Cabin,9,34958.88,SITE02,2022-10-17,2022-11-28,2022-11-25,42,39,-3,1.04,0.3709,0.0005,Low,0,0,0.43662082245110173,Medium,4135,43.66
PO010632,SUP022,P00107,Engine,4,4701.68,SITE06,2022-01-10,2022-02-11,2022-02-08,32,29,-3,0.67,0.5,0.0,Low,0,0,0.4364852000843889,Medium,4136,43.65
PO021792,SUP010,P00221,Electrical,25,46506.75,SITE06,2022-11-21,2022-12-15,2022-12-21,24,30,6,1.41,0.47,0.0003,Low,1,0,0.43647246274089574,Medium,4137,43.65
PO014415,SUP031,P00144,Fasteners,13,15549.56,SITE06,2024-01-29,2024-03-08,2024-03-06,39,37,-2,1.25,0.4296,0.0005,Low,0,0,0.43645374282661287,Medium,4138,43.65
PO025674,SUP007,P00265,Hydraulics,6,2382.36,SITE01,2022-09-26,2022-10-27,2022-10-24,31,28,-3,1.33,0.453,0.0,Low,0,0,0.43644976061999463,Medium,4139,43.64
PO007720,SUP012,P00079,Electrical,7,9328.9,SITE03,2022-01-03,2022-01-22,2022-01-19,19,16,-3,0.0,0.0,0.0,Low,0,0,0.43634438991951213,Medium,4140,43.63
PO001667,SUP022,P00016,LandingGear,9,18397.35,SITE04,2022-01-31,2022-02-15,2022-02-14,15,14,-1,0.8,0.5333,0.0,Low,0,0,0.43631143453219107,Medium,4141,43.63
PO010808,SUP017,P00108,Cabin,22,13237.84,SITE05,2023-07-24,2023-08-28,2023-08-30,35,37,2,1.09,0.4253,0.0005,Low,1,0,0.43618383077393086,Medium,4142,43.62
PO013835,SUP030,P00140,Structure,9,2216.79,SITE03,2023-06-19,2023-07-20,2023-07-24,31,35,4,1.17,0.4147,0.0006,Low,1,0,0.4361004572670513,Medium,4143,43.61
PO028394,SUP004,P00289,Structure,12,4277.16,SITE03,2022-06-06,2022-07-10,2022-07-07,34,31,-3,1.11,0.4405,0.0,Low,0,0,0.4360837103776801,Medium,4144,43.61
PO028000,SUP004,P00285,Fasteners,7,6387.92,SITE03,2024-04-22,2024-06-03,2024-05-31,42,39,-3,1.17,0.4408,0.0007,Low,0,0,0.43604647548792136,Medium,4145,43.6
PO021377,SUP007,P00217,Fasteners,9,6221.52,SITE05,2022-06-06,2022-07-11,2022-07-16,35,40,5,1.29,0.4312,0.0,Low,1,0,0.4360460882259658,Medium,4146,43.6
PO008182,SUP030,P00083,Fasteners,7,4436.67,SITE01,2024-03-11,2024-04-18,2024-04-16,38,36,-2,1.18,0.4256,0.0008,Low,0,0,0.4359695985068427,Medium,4147,43.6
PO016406,SUP012,P00165,Electrical,3,4311.93,SITE04,2024-12-09,2024-12-27,2024-12-28,18,19,1,1.09,0.4185,0.0006,Low,1,0,0.4359690160835006,Medium,4148,43.6
PO007801,SUP012,P00079,Electrical,46,61304.2,SITE06,2024-12-23,2025-01-10,2025-01-07,18,15,-3,1.09,0.4181,0.0006,Low,0,0,0.4359573339450936,Medium,4149,43.6
PO023815,SUP017,P00244,Hydraulics,7,7304.99,SITE01,2023-02-20,2023-03-21,2023-03-21,29,29,0,1.11,0.4356,0.0007,Low,0,0,0.43588692313702115,Medium,4150,43.59
PO018873,SUP017,P00192,Structure,14,6980.54,SITE06,2023-10-30,2023-11-27,2023-11-25,28,26,-2,1.09,0.4206,0.0005,Low,0,0,0.43579106374336635,Medium,4151,43.58
PO020083,SUP032,P00204,Fasteners,5,9147.1,SITE04,2022-02-28,2022-04-01,2022-04-05,32,36,4,1.26,0.6087,0.0,Low,1,0,0.43574923393524234,Medium,4152,43.57
PO005231,SUP030,P00055,Structure,9,39191.31,SITE04,2024-01-22,2024-02-24,2024-02-25,33,34,1,1.18,0.4252,0.0007,Low,1,0,0.4356269325170881,Medium,4153,43.56
PO000454,SUP034,P00004,Electrical,3,37466.4,SITE03,2023-07-31,2023-09-06,2023-09-09,37,40,3,1.2,0.4537,0.0019,Low,1,0,0.4355361378797626,Medium,4154,43.55
PO014271,SUP010,P00143,Avionics,22,5767.52,SITE06,2023-09-18,2023-10-17,2023-10-20,29,32,3,1.35,0.4573,0.0004,Low,1,0,0.43536834039979727,Medium,4155,43.54
PO018957,SUP017,P00193,Electrical,12,16859.52,SITE05,2024-07-01,2024-07-23,2024-07-27,22,26,4,1.1,0.4083,0.0008,Low,1,0,0.4353518672943696,Medium,4156,43.54
PO006996,SUP007,P00071,Avionics,17,23617.76,SITE01,2022-04-18,2022-05-22,2022-05-22,34,34,0,1.29,0.4286,0.0,Low,0,0,0.4351949270057711,Medium,4157,43.52
PO023107,SUP028,P00235,Engine,4,20259.4,SITE02,2022-07-25,2022-08-29,2022-08-26,35,32,-3,1.01,0.4034,0.0009,Low,0,0,0.43519442392629515,Medium,4158,43.52
PO011943,SUP035,P00121,Avionics,53,15706.55,SITE03,2024-08-19,2024-09-16,2024-09-15,28,27,-1,1.23,0.4405,0.0017,Low,0,0,0.43515313775084413,Medium,4159,43.52
PO008894,SUP029,P00088,Structure,23,40726.79,SITE05,2023-07-31,2023-09-01,2023-08-29,32,29,-3,1.18,0.4282,0.0007,Low,0,0,0.4351122077521819,Medium,4160,43.51
PO018851,SUP017,P00192,Structure,4,1994.44,SITE05,2024-05-13,2024-06-07,2024-06-10,25,28,3,1.1,0.4105,0.0008,Low,1,0,0.43496162301857777,Medium,4161,43.5
PO003944,SUP017,P00041,Fasteners,10,7007.8,SITE01,2024-12-09,2024-12-31,2024-12-28,22,19,-3,1.11,0.4152,0.0007,Low,0,0,0.4348942291281001,Medium,4162,43.49
PO003751,SUP008,P00039,LandingGear,15,23985.45,SITE06,2022-06-13,2022-07-06,2022-07-05,23,22,-1,1.3,0.4225,0.0,Low,0,0,0.4347938315414037,Medium,4163,43.48
PO016563,SUP007,P00168,Engine,2,7415.22,SITE04,2022-08-08,2022-09-17,2022-09-20,40,43,3,1.32,0.4552,0.0,Low,1,0,0.4347458602159252,Medium,4164,43.47
PO018918,SUP017,P00193,Electrical,9,12644.64,SITE03,2023-12-04,2023-12-28,2023-12-28,24,24,0,1.09,0.4195,0.0009,Low,0,0,0.43472928835870495,Medium,4165,43.47
PO001158,SUP012,P00009,Structure,3,9037.41,SITE03,2024-11-04,2024-11-28,2024-11-25,24,21,-3,1.09,0.4189,0.0006,Low,0,0,0.43458321499715696,Medium,4166,43.46
PO017264,SUP034,P00176,Fasteners,2,1201.38,SITE01,2022-02-14,2022-03-31,2022-03-31,45,45,0,0.96,0.4444,0.0,Low,0,0,0.4345269418338367,Medium,4167,43.45
PO029649,SUP035,P00300,Fasteners,52,174255.12,SITE06,2023-08-21,2023-09-19,2023-09-16,29,26,-3,1.29,0.437,0.0025,Low,0,0,0.43451862059766827,Medium,4168,43.45
PO014919,SUP010,P00150,Fasteners,20,41677.8,SITE04,2024-09-09,2024-10-11,2024-10-10,32,31,-1,1.27,0.4338,0.0006,Low,0,0,0.43448220578490443,Medium,4169,43.45
PO003107,SUP029,P00032,Electrical,8,7928.96,SITE02,2023-11-13,2023-12-17,2023-12-18,34,35,1,1.24,0.4326,0.001,Low,1,0,0.43426240470169847,Medium,4170,43.43
PO024635,SUP034,P00254,Hydraulics,6,4441.56,SITE04,2024-04-08,2024-05-11,2024-05-17,33,39,6,1.24,0.4512,0.0014,Low,1,0,0.43414013520024897,Medium,4171,43.41
PO008568,SUP022,P00086,Cabin,24,31311.12,SITE01,2022-07-04,2022-08-01,2022-07-29,28,25,-3,0.89,0.3333,0.0,Low,0,0,0.43410150272790643,Medium,4172,43.41
PO014259,SUP010,P00143,Avionics,9,2359.44,SITE06,2022-08-22,2022-09-18,2022-09-16,27,25,-2,1.4,0.4975,0.0004,Low,0,0,0.4337407919199914,Medium,4173,43.37
PO024609,SUP034,P00254,Hydraulics,4,2961.04,SITE02,2024-02-05,2024-03-10,2024-03-13,34,37,3,1.22,0.4505,0.0015,Low,1,0,0.43368649941703336,Medium,4174,43.37
PO020476,SUP036,P00208,Hydraulics,2,5619.08,SITE06,2022-03-21,2022-05-06,2022-05-05,46,45,-1,1.27,0.4423,0.0,Low,0,0,0.43353390831038513,Medium,4175,43.35
PO018840,SUP017,P00192,Structure,11,5484.71,SITE05,2022-10-03,2022-10-28,2022-11-01,25,29,4,1.12,0.4169,0.0005,Low,1,0,0.4334425370145604,Medium,4176,43.34
PO015436,SUP011,P00156,Cabin,29,112645.28,SITE02,2023-01-02,2023-02-19,2023-02-22,48,51,3,1.03,0.3736,0.0004,Low,1,0,0.43316478763853133,Medium,4177,43.32
PO011269,SUP008,P00115,Cabin,17,50289.91,SITE02,2024-02-12,2024-03-29,2024-03-26,46,43,-3,1.14,0.4192,0.0013,Low,0,0,0.43297388987074387,Medium,4178,43.3
PO021487,SUP017,P00218,Cabin,4,9361.0,SITE03,2023-05-22,2023-06-26,2023-06-25,35,34,-1,1.11,0.4298,0.0006,Low,0,0,0.4328847289858811,Medium,4179,43.29
PO003680,SUP008,P00039,LandingGear,12,19188.36,SITE02,2023-12-11,2024-01-09,2024-01-07,29,27,-2,1.18,0.4301,0.0011,Low,0,0,0.43277582197355835,Medium,4180,43.28
PO017679,SUP028,P00179,Electrical,14,9016.7,SITE06,2024-12-02,2024-12-15,2024-12-12,13,10,-3,1.09,0.4113,0.0008,Low,0,0,0.43276758459583503,Medium,4181,43.28
PO025462,SUP030,P00262,Structure,40,16374.0,SITE04,2024-04-22,2024-05-23,2024-05-22,31,30,-1,1.19,0.4245,0.0008,Low,0,0,0.4326252748034596,Medium,4182,43.26
PO007089,SUP007,P00071,Avionics,8,11114.24,SITE06,2022-05-16,2022-06-21,2022-06-22,36,37,1,1.49,0.4891,0.0,Low,1,0,0.4326134871448593,Medium,4183,43.26
PO005827,SUP036,P00059,Cabin,21,24863.37,SITE04,2024-11-11,2024-12-25,2024-12-31,44,50,6,1.24,0.4197,0.0013,Low,1,0,0.4325399668735515,Medium,4184,43.25
PO013256,SUP037,P00134,Hydraulics,18,6626.16,SITE04,2022-10-10,2022-11-08,2022-11-09,29,30,1,1.27,0.464,0.0024,Low,1,0,0.43246114790844253,Medium,4185,43.25
PO010549,SUP001,P00106,Avionics,9,1599.03,SITE04,2022-06-06,2022-07-23,2022-07-23,47,47,0,1.3,0.4679,0.0,Low,0,0,0.4323039793219585,Medium,4186,43.23
PO016910,SUP019,P00173,Structure,12,11658.6,SITE01,2023-11-06,2023-12-04,2023-12-02,28,26,-2,1.15,0.4193,0.0017,Low,0,0,0.4323006442629752,Medium,4187,43.23
PO013218,SUP037,P00134,Hydraulics,18,6626.16,SITE01,2024-09-16,2024-10-14,2024-10-14,28,28,0,1.21,0.4444,0.001,Low,0,0,0.43227808112939253,Medium,4188,43.23
PO007464,SUP012,P00077,Fasteners,16,57768.16,SITE01,2023-02-27,2023-03-28,2023-03-26,29,27,-2,0.98,0.3969,0.0006,Low,0,0,0.43214229678562704,Medium,4189,43.21
PO000620,SUP024,P00005,Cabin,22,29039.12,SITE05,2022-07-04,2022-09-05,2022-09-06,63,64,1,2.3,0.645,0.0013,Medium,1,0,0.4320178239435559,Medium,4190,43.2
PO023124,SUP028,P00235,Engine,1,5064.85,SITE05,2024-07-15,2024-08-19,2024-08-18,35,34,-1,1.09,0.4071,0.0009,Low,0,0,0.43198535842232727,Medium,4191,43.2
PO014776,SUP028,P00149,Fasteners,27,55180.17,SITE04,2023-03-13,2023-04-09,2023-04-07,27,25,-2,0.96,0.3824,0.0007,Low,0,0,0.4319124497059013,Medium,4192,43.19
PO011578,SUP034,P00117,Engine,6,7537.38,SITE02,2024-07-29,2024-09-16,2024-09-17,49,50,1,1.25,0.4529,0.0022,Low,1,0,0.4318888550907901,Medium,4193,43.19
PO028737,SUP030,P00293,Hydraulics,5,3845.6,SITE06,2023-09-11,2023-10-25,2023-10-29,44,48,4,1.16,0.4223,0.0006,Low,1,0,0.4318815039662751,Medium,4194,43.19
PO003565,SUP017,P00038,Fasteners,9,10296.72,SITE03,2022-10-17,2022-11-13,2022-11-10,27,24,-3,1.12,0.4193,0.0005,Low,0,0,0.431842017685557,Medium,4195,43.18
PO001190,SUP036,P00010,Electrical,6,8933.46,SITE01,2022-09-05,2022-10-09,2022-10-06,34,31,-3,1.15,0.4145,0.0018,Low,0,0,0.4317091823381766,Medium,4196,43.17
PO011279,SUP008,P00115,Cabin,29,85788.67,SITE03,2022-09-19,2022-11-07,2022-11-11,49,53,4,1.28,0.4524,0.0,Low,1,0,0.43160631141590905,Medium,4197,43.16
PO000447,SUP034,P00004,Electrical,7,87421.6,SITE01,2024-03-11,2024-04-15,2024-04-12,35,32,-3,1.23,0.4506,0.0014,Low,0,0,0.4315927551810801,Medium,4198,43.16
PO021462,SUP017,P00218,Cabin,20,46805.0,SITE02,2023-07-24,2023-08-31,2023-09-01,38,39,1,1.09,0.4257,0.0005,Low,1,0,0.4312247870555598,Medium,4199,43.12
PO017418,SUP034,P00176,Fasteners,62,37242.78,SITE06,2024-07-15,2024-08-26,2024-08-23,42,39,-3,1.26,0.4532,0.0022,Low,0,0,0.4311253887138266,Medium,4200,43.11
PO026735,SUP036,P00272,Avionics,15,3033.9,SITE04,2024-12-09,2025-01-29,2025-01-27,51,49,-2,1.25,0.4194,0.0013,Low,0,0,0.43109288023863473,Medium,4201,43.11
PO012902,SUP010,P00130,Structure,3,3168.84,SITE03,2022-07-25,2022-08-17,2022-08-16,23,22,-1,1.43,0.5057,0.0,Low,0,0,0.4310224246116743,Medium,4202,43.1
PO014486,SUP020,P00146,Electrical,2,8530.36,SITE03,2022-05-09,2022-05-21,2022-05-23,12,14,2,1.02,0.42,0.0,Low,1,0,0.4309933818663685,Medium,4203,43.1
PO029048,SUP007,P00296,Fasteners,2,1441.26,SITE02,2022-11-28,2022-12-27,2023-01-02,29,35,6,1.37,0.4592,0.0,Low,1,0,0.4308118518795875,Medium,4204,43.08
PO017471,SUP010,P00177,Avionics,7,2293.9,SITE04,2024-08-05,2024-09-07,2024-09-06,33,32,-1,1.28,0.4369,0.0007,Low,0,0,0.4308029384646822,Medium,4205,43.08
PO015537,SUP011,P00156,Cabin,12,46611.84,SITE05,2024-09-16,2024-11-06,2024-11-06,51,51,0,1.25,0.4277,0.0008,Low,0,0,0.43079141840141755,Medium,4206,43.08
PO027407,SUP022,P00278,Fasteners,11,59905.01,SITE03,2023-04-03,2023-04-24,2023-04-21,21,18,-3,1.08,0.4159,0.0003,Low,0,0,0.4307173983510065,Medium,4207,43.07
PO001277,SUP036,P00010,Electrical,13,19355.83,SITE06,2022-06-06,2022-07-12,2022-07-09,36,33,-3,1.05,0.4071,0.0025,Low,0,0,0.4307153015910931,Medium,4208,43.07
PO016555,SUP007,P00168,Engine,1,3707.61,SITE02,2022-10-10,2022-11-19,2022-11-18,40,39,-1,1.3,0.4513,0.0,Low,0,0,0.43065925156425106,Medium,4209,43.07
PO014343,SUP031,P00144,Fasteners,10,11961.2,SITE03,2024-11-18,2024-12-29,2024-12-28,41,40,-1,1.29,0.4439,0.0005,Low,0,0,0.43059984353189745,Medium,4210,43.06
PO015619,SUP019,P00157,LandingGear,12,30042.48,SITE03,2024-09-09,2024-10-01,2024-09-30,22,21,-1,1.21,0.4327,0.0016,Low,0,0,0.43055531246524786,Medium,4211,43.06
PO010690,SUP017,P00108,Cabin,24,14441.28,SITE02,2022-08-08,2022-09-17,2022-09-19,40,42,2,1.13,0.4286,0.0,Low,1,0,0.4304682393817772,Medium,4212,43.05
PO002383,SUP030,P00025,Structure,4,1799.2,SITE02,2024-05-06,2024-06-09,2024-06-06,34,31,-3,1.2,0.4264,0.0008,Low,0,0,0.43046010435628496,Medium,4213,43.05
PO020401,SUP020,P00207,Fasteners,7,4562.11,SITE03,2022-11-21,2022-12-20,2022-12-19,29,28,-1,1.02,0.3669,0.0006,Low,0,0,0.43044405061699287,Medium,4214,43.04
PO000059,SUP004,P00001,Electrical,8,18587.6,SITE05,2022-12-05,2022-12-31,2023-01-01,26,27,1,1.21,0.4821,0.0013,Low,1,0,0.4303375720447396,Medium,4215,43.03
PO010817,SUP017,P00108,Cabin,9,5415.48,SITE05,2024-09-09,2024-10-17,2024-10-17,38,38,0,1.11,0.4129,0.0008,Low,0,0,0.4302941475496998,Medium,4216,43.03
PO006203,SUP007,P00063,Avionics,4,1437.8,SITE02,2024-05-13,2024-06-19,2024-06-23,37,41,4,1.29,0.4675,0.0001,Low,1,0,0.43011256170231843,Medium,4217,43.01
PO018181,SUP019,P00185,Hydraulics,17,6247.16,SITE04,2022-01-03,2022-01-27,2022-01-29,24,26,2,2.5,1.0,0.0,Low,1,0,0.43008028629860406,Medium,4218,43.01
PO024937,SUP038,P00257,Cabin,22,23273.14,SITE03,2024-12-02,2025-01-20,2025-01-20,49,49,0,2.32,0.6733,0.0014,Medium,0,0,0.43004308789110285,Medium,4219,43.0
PO021049,SUP024,P00215,Fasteners,8,18294.32,SITE03,2024-09-09,2024-11-05,2024-11-08,57,60,3,2.52,0.6811,0.0011,Medium,1,0,0.43002379974225763,Medium,4220,43.0
PO018402,SUP012,P00187,Structure,18,17121.06,SITE06,2022-02-28,2022-03-23,2022-03-24,23,24,1,0.87,0.3662,0.0,Low,1,0,0.4299729712055235,Medium,4221,43.0
PO004867,SUP004,P00050,Structure,5,2241.3,SITE04,2023-10-16,2023-11-21,2023-11-20,36,35,-1,1.18,0.4578,0.0007,Low,0,0,0.4299598340277932,Medium,4222,43.0
PO008200,SUP030,P00083,Fasteners,6,3802.86,SITE02,2023-03-13,2023-04-22,2023-04-22,40,40,0,1.18,0.422,0.0005,Low,0,0,0.42988728189289643,Medium,4223,42.99
PO003409,SUP037,P00036,Structure,13,11115.65,SITE04,2022-02-28,2022-03-30,2022-03-29,30,29,-1,1.08,0.3077,0.0,Low,0,0,0.4298806990031835,Medium,4224,42.99
PO014373,SUP031,P00144,Fasteners,8,9568.96,SITE05,2022-09-19,2022-10-24,2022-10-21,35,32,-3,1.11,0.3846,0.0005,Low,0,0,0.42985800806156194,Medium,4225,42.99
PO004836,SUP004,P00050,Structure,6,2689.56,SITE01,2022-06-13,2022-07-17,2022-07-18,34,35,1,1.08,0.4302,0.0,Low,1,0,0.429856406340798,Medium,4226,42.99
PO000446,SUP034,P00004,Electrical,4,49955.2,SITE01,2024-01-08,2024-02-08,2024-02-05,31,28,-3,1.23,0.4531,0.0015,Low,0,0,0.4295468592226331,Medium,4227,42.95
PO011306,SUP008,P00115,Cabin,27,79872.21,SITE04,2022-05-16,2022-07-03,2022-07-06,48,51,3,1.34,0.4286,0.0,Low,1,0,0.4295342117604137,Medium,4228,42.95
PO008893,SUP029,P00088,Structure,9,15936.57,SITE05,2023-07-03,2023-08-06,2023-08-06,34,34,0,1.19,0.4324,0.0007,Low,0,0,0.4295090694232055,Medium,4229,42.95
PO028172,SUP035,P00287,Cabin,17,35134.75,SITE02,2023-08-14,2023-09-30,2023-09-27,47,44,-3,1.3,0.4402,0.0025,Low,0,0,0.4294515893288486,Medium,4230,42.95
PO001496,SUP012,P00013,Avionics,7,12259.73,SITE06,2023-05-01,2023-06-01,2023-06-04,31,34,3,1.01,0.4038,0.0005,Low,1,0,0.42930643766538273,Medium,4231,42.93
PO013283,SUP037,P00134,Hydraulics,37,13620.44,SITE06,2022-08-08,2022-09-06,2022-09-08,29,31,2,1.2,0.4277,0.0011,Low,1,0,0.4292461835415715,Medium,4232,42.92
PO022102,SUP012,P00223,Avionics,18,9607.14,SITE06,2024-04-15,2024-05-21,2024-05-18,36,33,-3,1.01,0.3991,0.0007,Low,0,0,0.4291248929624038,Medium,4233,42.91
PO027914,SUP001,P00284,Fasteners,5,14137.85,SITE04,2024-04-15,2024-05-31,2024-05-30,46,45,-1,1.2,0.4125,0.0005,Low,0,0,0.42910384551088376,Medium,4234,42.91
PO023665,SUP019,P00242,Electrical,21,21140.49,SITE02,2022-06-27,2022-07-17,2022-07-23,20,26,6,1.24,0.4336,0.0,Low,1,0,0.4290726781967108,Medium,4235,42.91
PO003547,SUP017,P00038,Fasteners,2,2288.16,SITE02,2023-02-20,2023-03-16,2023-03-21,24,29,5,1.11,0.4332,0.0007,Low,1,0,0.4289847795376827,Medium,4236,42.9
PO004009,SUP017,P00041,Fasteners,10,7007.8,SITE05,2023-03-27,2023-04-21,2023-04-21,25,25,0,1.1,0.4296,0.0006,Low,0,0,0.4288325451005867,Medium,4237,42.88
PO007692,SUP012,P00079,Electrical,10,13327.0,SITE01,2022-07-04,2022-07-24,2022-07-25,20,21,1,0.93,0.3878,0.0005,Low,1,0,0.4287246226719447,Medium,4238,42.87
PO018390,SUP012,P00187,Structure,12,11414.04,SITE05,2022-05-30,2022-06-25,2022-06-27,26,28,2,0.91,0.3727,0.0,Low,1,0,0.4286514711338374,Medium,4239,42.87
PO021133,SUP008,P00216,Avionics,6,1841.16,SITE01,2024-03-18,2024-04-18,2024-04-21,31,34,3,1.15,0.4237,0.0012,Low,1,0,0.4286150146005954,Medium,4240,42.86
PO001326,SUP030,P00011,Fasteners,12,6456.24,SITE02,2023-08-07,2023-09-17,2023-09-14,41,38,-3,1.16,0.4146,0.0006,Low,0,0,0.42858077418878554,Medium,4241,42.86
PO024620,SUP034,P00254,Hydraulics,11,8142.86,SITE03,2024-06-17,2024-07-18,2024-07-20,31,33,2,1.26,0.4545,0.0019,Low,1,0,0.42846328873423434,Medium,4242,42.85
PO008887,SUP029,P00088,Structure,5,8853.65,SITE05,2022-08-29,2022-10-03,2022-10-02,35,34,-1,1.2,0.4348,0.0016,Low,0,0,0.42836293827180955,Medium,4243,42.84
PO021386,SUP007,P00217,Fasteners,6,4147.68,SITE05,2023-05-29,2023-07-03,2023-07-01,35,33,-2,1.33,0.4687,0.0,Low,0,0,0.4283578158448418,Medium,4244,42.84
PO008184,SUP030,P00083,Fasteners,4,2535.24,SITE01,2024-08-05,2024-09-07,2024-09-09,33,35,2,1.18,0.4213,0.001,Low,1,0,0.4282717490551889,Medium,4245,42.83
PO020936,SUP034,P00214,Fasteners,9,8405.46,SITE03,2022-01-10,2022-02-15,2022-02-13,36,34,-2,1.8,0.4,0.0,Low,0,0,0.4281641867071164,Medium,4246,42.82
PO029647,SUP035,P00300,Fasteners,27,90478.62,SITE06,2023-06-05,2023-07-10,2023-07-11,35,36,1,1.35,0.4543,0.0028,Low,1,0,0.4280861294686015,Medium,4247,42.81
PO013112,SUP037,P00132,Fasteners,3,2849.25,SITE06,2023-02-27,2023-03-28,2023-03-28,29,29,0,1.25,0.457,0.0015,Low,0,0,0.42802777835806494,Medium,4248,42.8
PO002812,SUP017,P00028,Engine,6,2831.46,SITE03,2024-07-15,2024-08-14,2024-08-11,30,27,-3,1.1,0.409,0.0008,Low,0,0,0.4279693490061138,Medium,4249,42.8
PO011889,SUP035,P00121,Avionics,14,4148.9,SITE01,2023-08-28,2023-09-21,2023-09-18,24,21,-3,1.29,0.4358,0.0025,Low,0,0,0.427922699712113,Medium,4250,42.79
PO004893,SUP004,P00050,Structure,25,11206.5,SITE06,2023-12-18,2024-01-23,2024-01-27,36,40,4,1.18,0.4515,0.0006,Low,1,0,0.427882476642561,Medium,4251,42.79
PO010928,SUP029,P00109,Engine,36,28800.72,SITE06,2024-12-16,2025-02-09,2025-02-06,55,52,-3,1.2,0.4309,0.0008,Low,0,0,0.42777518243592844,Medium,4252,42.78
PO010684,SUP017,P00108,Cabin,17,10229.24,SITE02,2022-02-28,2022-03-31,2022-04-05,31,36,5,0.89,0.3333,0.0,Low,1,0,0.42775586956110234,Medium,4253,42.78
PO003932,SUP017,P00041,Fasteners,13,9110.14,SITE01,2023-02-27,2023-03-25,2023-03-23,26,24,-2,1.11,0.435,0.0007,Low,0,0,0.4277106424655255,Medium,4254,42.77
PO015626,SUP019,P00157,LandingGear,4,10014.16,SITE04,2023-01-02,2023-01-29,2023-01-30,27,28,1,1.15,0.417,0.0014,Low,1,0,0.4276985034193685,Medium,4255,42.77
PO022185,SUP028,P00224,Fasteners,18,51440.58,SITE04,2023-09-25,2023-10-21,2023-10-29,26,34,8,1.04,0.4115,0.0009,Low,1,0,0.42757524851457496,Medium,4256,42.76
PO002858,SUP017,P00028,Engine,14,6606.74,SITE06,2023-07-10,2023-08-13,2023-08-10,34,31,-3,1.11,0.4314,0.0005,Low,0,0,0.42755456908847655,Medium,4257,42.76
PO022146,SUP028,P00224,Fasteners,11,31435.91,SITE02,2024-07-01,2024-07-27,2024-07-31,26,30,4,1.1,0.4115,0.0009,Low,1,0,0.4274748460280216,Medium,4258,42.75
PO011902,SUP035,P00121,Avionics,12,3556.2,SITE02,2022-05-02,2022-05-30,2022-06-03,28,32,4,1.31,0.4118,0.0,Low,1,0,0.42744116223326445,Medium,4259,42.74
PO028401,SUP004,P00289,Structure,8,2851.44,SITE03,2023-01-09,2023-02-15,2023-02-18,37,40,3,1.16,0.4756,0.0012,Low,1,0,0.42740574948183946,Medium,4260,42.74
PO002552,SUP030,P00026,Fasteners,7,7664.79,SITE03,2022-11-21,2022-12-25,2022-12-28,34,37,3,1.25,0.44,0.0007,Low,1,0,0.4273205223893015,Medium,4261,42.73
PO023657,SUP019,P00242,Electrical,2,2013.38,SITE01,2023-04-17,2023-05-13,2023-05-10,26,23,-3,1.12,0.4175,0.0014,Low,0,0,0.42713117907859016,Medium,4262,42.71
PO020312,SUP011,P00206,Fasteners,3,1478.88,SITE01,2022-07-04,2022-08-13,2022-08-18,40,45,5,1.14,0.36,0.0,Low,1,0,0.42694182896641925,Medium,4263,42.69
PO008272,SUP030,P00083,Fasteners,9,5704.29,SITE05,2022-03-21,2022-04-24,2022-04-23,34,33,-1,1.33,0.4353,0.0,Low,0,0,0.4268822430735197,Medium,4264,42.69
PO018946,SUP017,P00193,Electrical,8,11239.68,SITE05,2022-02-14,2022-03-09,2022-03-12,23,26,3,0.88,0.3269,0.0,Low,1,0,0.4268750966369486,Medium,4265,42.69
PO019269,SUP012,P00197,Electrical,5,5282.85,SITE04,2022-09-05,2022-09-22,2022-09-22,17,17,0,0.99,0.3964,0.0003,Low,0,0,0.4268394687696844,Medium,4266,42.68
PO002443,SUP030,P00025,Structure,13,5847.4,SITE05,2022-01-24,2022-03-06,2022-03-08,41,43,2,1.27,0.4333,0.0,Low,1,0,0.42671801234366846,Medium,4267,42.67
PO018849,SUP017,P00192,Structure,20,9972.2,SITE05,2023-11-20,2023-12-17,2023-12-16,27,26,-1,1.09,0.4204,0.0005,Low,0,0,0.42659192793301504,Medium,4268,42.66
PO005650,SUP001,P00058,Hydraulics,53,83341.97,SITE04,2024-01-22,2024-02-29,2024-02-26,38,35,-3,1.22,0.4192,0.0006,Low,0,0,0.426560810819259,Medium,4269,42.66
PO024515,SUP028,P00253,Hydraulics,7,3645.88,SITE02,2023-10-23,2023-11-14,2023-11-11,22,19,-3,1.07,0.4146,0.001,Low,0,0,0.426497126641397,Medium,4270,42.65
PO024711,SUP037,P00255,Fasteners,10,11474.1,SITE05,2023-05-22,2023-06-29,2023-06-26,38,35,-3,1.2,0.4377,0.0014,Low,0,0,0.4263380737941889,Medium,4271,42.63
PO014747,SUP028,P00149,Fasteners,26,53136.46,SITE03,2022-01-10,2022-02-06,2022-02-06,27,27,0,0.8,0.4,0.0,Low,0,0,0.426329952423557,Medium,4272,42.63
PO001683,SUP022,P00016,LandingGear,6,12264.9,SITE04,2023-11-20,2023-12-04,2023-12-07,14,17,3,1.16,0.4372,0.0005,Low,1,0,0.4262633921755244,Medium,4273,42.63
PO017293,SUP034,P00176,Fasteners,15,9010.35,SITE02,2023-02-27,2023-04-18,2023-04-21,50,53,3,1.23,0.4592,0.0026,Low,1,0,0.42620875333993563,Medium,4274,42.62
PO018617,SUP007,P00190,Structure,3,12690.96,SITE01,2024-09-02,2024-10-05,2024-10-04,33,32,-1,1.28,0.4629,0.0001,Low,0,0,0.42609449958787493,Medium,4275,42.61
PO014735,SUP028,P00149,Fasteners,9,18393.39,SITE02,2023-01-23,2023-02-19,2023-02-19,27,27,0,0.97,0.3861,0.0008,Low,0,0,0.42600456171204376,Medium,4276,42.6
PO016557,SUP007,P00168,Engine,2,7415.22,SITE02,2024-11-11,2024-12-14,2024-12-12,33,31,-2,1.31,0.4678,0.0001,Low,0,0,0.4259623652458964,Medium,4277,42.6
PO012424,SUP020,P00124,Electrical,12,12224.64,SITE06,2022-01-24,2022-02-09,2022-02-07,16,14,-2,0.64,0.2727,0.0,Low,0,0,0.42565161193862316,Medium,4278,42.57
PO023849,SUP017,P00244,Hydraulics,6,6261.42,SITE04,2022-04-18,2022-05-15,2022-05-18,27,30,3,1.16,0.3913,0.0,Low,1,0,0.42551279185467816,Medium,4279,42.55
PO004865,SUP004,P00050,Structure,6,2689.56,SITE04,2023-05-08,2023-06-09,2023-06-13,32,36,4,1.16,0.4613,0.0008,Low,1,0,0.4254006794810485,Medium,4280,42.54
PO027878,SUP001,P00284,Fasteners,5,14137.85,SITE03,2022-12-26,2023-02-21,2023-02-19,57,55,-2,1.23,0.4587,0.0009,Low,0,0,0.4253915260547425,Medium,4281,42.54
PO018944,SUP017,P00193,Electrical,4,5619.84,SITE04,2024-06-17,2024-07-12,2024-07-15,25,28,3,1.11,0.4115,0.0008,Low,1,0,0.42537749235169614,Medium,4282,42.54
PO002456,SUP030,P00025,Structure,8,3598.4,SITE05,2023-05-01,2023-06-05,2023-06-04,35,34,-1,1.18,0.4168,0.0004,Low,0,0,0.4253550312301437,Medium,4283,42.54
PO028996,SUP014,P00295,Structure,30,9606.3,SITE06,2022-03-28,2022-04-27,2022-05-02,30,35,5,2.74,0.7286,0.0019,Medium,1,0,0.42533319841983297,Medium,4284,42.53
PO009431,SUP011,P00094,LandingGear,7,13443.29,SITE03,2023-11-27,2023-12-21,2023-12-24,24,27,3,1.25,0.4148,0.001,Low,1,0,0.4253156523210123,Medium,4285,42.53
PO007795,SUP012,P00079,Electrical,18,23988.6,SITE06,2024-08-26,2024-09-14,2024-09-18,19,23,4,1.09,0.4177,0.0006,Low,1,0,0.4252036348303146,Medium,4286,42.52
PO025711,SUP007,P00265,Hydraulics,22,8735.32,SITE04,2022-09-19,2022-10-26,2022-10-27,37,38,1,1.31,0.4514,0.0,Low,1,0,0.4251307028745784,Medium,4287,42.51
PO026880,SUP037,P00273,Fasteners,23,43967.49,SITE04,2024-08-12,2024-09-10,2024-09-07,29,26,-3,1.21,0.4414,0.0011,Low,0,0,0.4251045117959696,Medium,4288,42.51
PO008216,SUP030,P00083,Fasteners,20,12676.2,SITE03,2022-01-10,2022-02-13,2022-02-13,34,34,0,1.06,0.375,0.0,Low,0,0,0.4250512104724049,Medium,4289,42.51
PO013274,SUP037,P00134,Hydraulics,3,1104.36,SITE05,2023-12-04,2024-01-06,2024-01-08,33,35,2,1.21,0.4349,0.001,Low,1,0,0.42494616996528023,Medium,4290,42.49
PO007310,SUP031,P00075,Engine,4,6686.2,SITE01,2023-03-20,2023-04-24,2023-04-24,35,35,0,1.18,0.4051,0.0003,Low,0,0,0.42491835248085247,Medium,4291,42.49
PO002379,SUP030,P00025,Structure,4,1799.2,SITE02,2023-04-24,2023-05-30,2023-06-02,36,39,3,1.2,0.4219,0.0004,Low,1,0,0.4247695525333803,Medium,4292,42.48
PO005815,SUP036,P00059,Cabin,18,21311.46,SITE04,2023-09-18,2023-10-30,2023-10-30,42,42,0,1.15,0.403,0.0023,Low,0,0,0.4247427159910326,Medium,4293,42.47
PO008630,SUP022,P00086,Cabin,15,19569.45,SITE03,2023-02-27,2023-04-02,2023-04-03,34,35,1,1.08,0.4172,0.0003,Low,1,0,0.42468859063900005,Medium,4294,42.47
PO014053,SUP031,P00142,LandingGear,2,1123.1,SITE01,2023-11-27,2024-01-01,2024-01-01,35,35,0,1.26,0.4274,0.0006,Low,0,0,0.42468784502937906,Medium,4295,42.47
PO000445,SUP034,P00004,Electrical,2,24977.6,SITE01,2023-10-09,2023-11-11,2023-11-16,33,38,5,1.19,0.4511,0.0017,Low,1,0,0.4246035964648308,Medium,4296,42.46
PO006619,SUP031,P00067,LandingGear,15,11823.0,SITE04,2024-08-19,2024-09-13,2024-09-15,25,27,2,1.26,0.4365,0.0005,Low,1,0,0.4244729663083502,Medium,4297,42.45
PO003984,SUP017,P00041,Fasteners,9,6307.02,SITE04,2023-03-27,2023-04-20,2023-04-24,24,28,4,1.09,0.4286,0.0006,Low,1,0,0.42444851716049503,Medium,4298,42.44
PO006568,SUP031,P00067,LandingGear,6,4729.2,SITE01,2024-10-28,2024-11-27,2024-11-24,30,27,-3,1.27,0.4399,0.0005,Low,0,0,0.4242775083571975,Medium,4299,42.43
PO001330,SUP030,P00011,Fasteners,7,3766.14,SITE02,2024-03-11,2024-04-26,2024-04-26,46,46,0,1.18,0.4261,0.0008,Low,0,0,0.42427325537958355,Medium,4300,42.43
PO020470,SUP036,P00208,Hydraulics,4,11238.16,SITE04,2023-12-11,2024-01-18,2024-01-16,38,36,-2,1.2,0.4145,0.0021,Low,0,0,0.4242386061649355,Medium,4301,42.42
PO011340,SUP008,P00115,Cabin,12,35498.76,SITE05,2022-04-18,2022-05-29,2022-05-27,41,39,-2,1.43,0.5,0.0,Low,0,0,0.4242046871465108,Medium,4302,42.42
PO000195,SUP028,P00002,Cabin,62,41592.08,SITE04,2022-12-12,2023-01-13,2023-01-15,32,34,2,0.93,0.3755,0.0009,Low,1,0,0.4241103053940776,Medium,4303,42.41
PO024575,SUP028,P00253,Hydraulics,20,10416.8,SITE06,2022-04-18,2022-05-14,2022-05-21,26,33,7,0.99,0.4062,0.0017,Low,1,0,0.42408209581645645,Medium,4304,42.41
PO008676,SUP022,P00086,Cabin,24,31311.12,SITE04,2024-04-22,2024-05-26,2024-05-24,34,32,-2,1.19,0.4483,0.0005,Low,0,0,0.4240753181129421,Medium,4305,42.41
PO001648,SUP022,P00016,LandingGear,6,12264.9,SITE02,2024-07-29,2024-08-13,2024-08-14,15,16,1,1.15,0.4455,0.0008,Low,1,0,0.42387935829598794,Medium,4306,42.39
PO023056,SUP004,P00234,Electrical,13,59929.74,SITE03,2024-09-16,2024-10-14,2024-10-11,28,25,-3,1.16,0.429,0.0008,Low,0,0,0.4238532519618418,Medium,4307,42.39
PO021729,SUP010,P00221,Electrical,4,7441.08,SITE03,2023-09-25,2023-10-18,2023-10-20,23,25,2,1.36,0.4617,0.0004,Low,1,0,0.4236830195340525,Medium,4308,42.37
PO025896,SUP020,P00266,Fasteners,9,12176.37,SITE06,2023-03-20,2023-04-19,2023-04-19,30,30,0,1.04,0.3812,0.0005,Low,0,0,0.42354910148778424,Medium,4309,42.35
PO009369,SUP030,P00093,Engine,2,1018.08,SITE04,2024-10-07,2024-11-23,2024-11-21,47,45,-2,1.21,0.4246,0.0009,Low,0,0,0.42339564486831915,Medium,4310,42.34
PO016722,SUP001,P00170,Structure,14,7117.88,SITE03,2024-07-08,2024-08-12,2024-08-14,35,37,2,1.19,0.4146,0.0005,Low,1,0,0.42325053971122056,Medium,4311,42.33
PO007134,SUP006,P00072,Fasteners,2,11552.64,SITE02,2023-01-09,2023-03-04,2023-03-10,54,60,6,2.44,0.6632,0.0009,Medium,1,0,0.42324419367540494,Medium,4312,42.32
PO020466,SUP036,P00208,Hydraulics,4,11238.16,SITE04,2022-07-04,2022-08-16,2022-08-19,43,46,3,1.06,0.4056,0.0024,Low,1,0,0.4232337256798851,Medium,4313,42.32
PO008908,SUP029,P00088,Structure,17,30102.41,SITE06,2022-12-12,2023-01-16,2023-01-14,35,33,-2,1.12,0.4135,0.0008,Low,0,0,0.42315982143684466,Medium,4314,42.32
PO013049,SUP037,P00132,Fasteners,15,14246.25,SITE04,2022-03-07,2022-04-05,2022-04-08,29,32,3,1.04,0.3333,0.0,Low,1,0,0.4231180031748791,Medium,4315,42.31
PO020377,SUP011,P00206,Fasteners,13,6408.48,SITE06,2024-01-22,2024-03-02,2024-03-02,40,40,0,1.22,0.4112,0.0011,Low,0,0,0.4227266965933289,Medium,4316,42.27
PO015502,SUP011,P00156,Cabin,51,198100.32,SITE04,2023-11-27,2024-01-11,2024-01-09,45,43,-2,1.24,0.4118,0.001,Low,0,0,0.42261510578033795,Medium,4317,42.26
PO002825,SUP017,P00028,Engine,16,7550.56,SITE04,2023-08-14,2023-09-11,2023-09-09,28,26,-2,1.09,0.4262,0.0006,Low,0,0,0.4224176326373893,Medium,4318,42.24
PO027534,SUP012,P00279,Fasteners,7,76958.21,SITE06,2024-02-12,2024-03-17,2024-03-18,34,35,1,1.0,0.3961,0.0005,Low,1,0,0.4224155359157537,Medium,4319,42.24
PO008606,SUP022,P00086,Cabin,26,33920.38,SITE02,2023-08-07,2023-09-08,2023-09-05,32,29,-3,1.14,0.4286,0.0004,Low,0,0,0.4224004880579381,Medium,4320,42.24
PO027387,SUP022,P00278,Fasteners,5,27229.55,SITE02,2023-02-06,2023-02-27,2023-03-06,21,28,7,1.06,0.414,0.0003,Low,1,0,0.4223597962709804,Medium,4321,42.24
PO001618,SUP019,P00015,Engine,3,9010.29,SITE05,2024-07-22,2024-09-01,2024-09-02,41,42,1,1.2,0.4355,0.0017,Low,1,0,0.4223152413228021,Medium,4322,42.23
PO028744,SUP030,P00293,Hydraulics,8,6152.96,SITE06,2024-06-10,2024-07-16,2024-07-18,36,38,2,1.21,0.4262,0.0009,Low,1,0,0.4222998721431593,Medium,4323,42.23
PO007496,SUP012,P00077,Fasteners,5,18052.55,SITE03,2023-09-18,2023-10-20,2023-10-17,32,29,-3,1.0,0.4024,0.0005,Low,0,0,0.42227696857833624,Medium,4324,42.23
PO022348,SUP032,P00225,LandingGear,24,16538.4,SITE06,2023-10-23,2023-11-15,2023-11-16,23,24,1,0.93,0.3656,0.0021,Low,1,0,0.42220892497785933,Medium,4325,42.22
PO001749,SUP031,P00017,Cabin,9,58162.23,SITE02,2023-01-16,2023-02-24,2023-02-26,39,41,2,1.16,0.4051,0.0004,Low,1,0,0.42217584153868565,Medium,4326,42.22
PO023812,SUP017,P00244,Hydraulics,4,4174.28,SITE01,2022-05-30,2022-06-24,2022-06-24,25,25,0,1.24,0.4438,0.0,Low,0,0,0.42186322160599427,Medium,4327,42.19
PO000220,SUP028,P00002,Cabin,27,18112.68,SITE05,2022-07-11,2022-08-09,2022-08-12,29,32,3,1.01,0.4062,0.0009,Low,1,0,0.42183766896580177,Medium,4328,42.18
PO007611,SUP012,P00078,Electrical,3,4957.08,SITE03,2024-07-08,2024-07-24,2024-07-28,16,20,4,1.06,0.4118,0.0007,Low,1,0,0.42171942927205897,Medium,4329,42.17
PO005623,SUP001,P00058,Hydraulics,4,6289.96,SITE03,2022-04-25,2022-06-05,2022-06-02,41,38,-3,1.36,0.4722,0.0,Low,0,0,0.42161324234636094,Medium,4330,42.16
PO015320,SUP012,P00154,Avionics,11,2546.5,SITE06,2022-04-04,2022-05-09,2022-05-14,35,40,5,0.9,0.3846,0.0,Low,1,0,0.4215287578742324,Medium,4331,42.15
PO019163,SUP036,P00195,LandingGear,5,44252.8,SITE06,2023-04-10,2023-05-11,2023-05-13,31,33,2,1.19,0.4234,0.0029,Low,1,0,0.4215149794400829,Medium,4332,42.15
PO021503,SUP017,P00218,Cabin,17,39784.25,SITE04,2022-01-03,2022-02-09,2022-02-11,37,39,2,0.25,0.25,0.0,Low,1,0,0.4212811409531299,Medium,4333,42.13
PO029550,SUP035,P00300,Fasteners,6,20106.36,SITE01,2022-01-03,2022-02-03,2022-02-04,31,32,1,1.0,0.2,0.0,Low,1,0,0.42117723040953225,Medium,4334,42.12
PO012905,SUP010,P00130,Structure,3,3168.84,SITE03,2024-04-29,2024-05-26,2024-05-31,27,32,5,1.29,0.4382,0.0006,Low,1,0,0.42097106713972227,Medium,4335,42.1
PO022198,SUP028,P00224,Fasteners,6,17146.86,SITE05,2022-05-23,2022-06-18,2022-06-18,26,26,0,0.98,0.3983,0.0013,Low,0,0,0.4207230540754839,Medium,4336,42.07
PO026427,SUP011,P00269,Avionics,13,10327.33,SITE06,2022-08-01,2022-09-09,2022-09-11,39,41,2,1.12,0.354,0.0,Low,1,0,0.4205943663423718,Medium,4337,42.06
PO007691,SUP012,P00079,Electrical,11,14659.7,SITE01,2022-04-18,2022-05-06,2022-05-12,18,24,6,0.91,0.3793,0.0,Low,1,0,0.4204535134216697,Medium,4338,42.05
PO008663,SUP022,P00086,Cabin,23,30006.49,SITE04,2022-08-29,2022-10-01,2022-10-01,33,33,0,0.98,0.3559,0.0,Low,0,0,0.42037657818004753,Medium,4339,42.04
PO017687,SUP031,P00180,LandingGear,9,24830.37,SITE01,2023-06-26,2023-07-25,2023-07-24,29,28,-1,1.23,0.4104,0.0003,Low,0,0,0.4203445458466311,Medium,4340,42.03
PO009360,SUP030,P00093,Engine,7,3563.28,SITE04,2022-04-04,2022-05-17,2022-05-18,43,44,1,1.42,0.4545,0.0,Low,1,0,0.420277736779528,Medium,4341,42.03
PO026124,SUP036,P00268,Cabin,32,13676.8,SITE01,2023-02-20,2023-04-08,2023-04-05,47,44,-3,1.19,0.4294,0.0033,Low,0,0,0.420171648845839,Medium,4342,42.02
PO025913,SUP020,P00266,Fasteners,11,14882.23,SITE06,2024-05-13,2024-06-09,2024-06-07,27,25,-2,1.04,0.3961,0.0009,Low,0,0,0.4199889491097595,Medium,4343,42.0
PO007078,SUP007,P00071,Avionics,7,9724.96,SITE05,2023-04-03,2023-05-10,2023-05-10,37,37,0,1.36,0.472,0.0,Low,0,0,0.4199644071527569,Medium,4344,42.0
PO017019,SUP019,P00173,Structure,25,24288.75,SITE06,2024-06-24,2024-07-22,2024-07-27,28,33,5,1.2,0.4349,0.0017,Low,1,0,0.41987247280036366,Medium,4345,41.99
PO014655,SUP019,P00148,Fasteners,2,24124.24,SITE03,2022-02-14,2022-03-12,2022-03-15,26,29,3,1.59,0.5294,0.0,Low,1,0,0.4197118502596031,Medium,4346,41.97
PO010449,SUP028,P00104,Engine,34,16373.04,SITE06,2023-11-13,2023-12-12,2023-12-09,29,26,-3,1.05,0.4099,0.0011,Low,0,0,0.41964218687888943,Medium,4347,41.96
PO018876,SUP017,P00192,Structure,27,13462.47,SITE06,2024-02-05,2024-02-29,2024-02-28,24,23,-1,1.09,0.4132,0.0008,Low,0,0,0.419622240619431,Medium,4348,41.96
PO014108,SUP031,P00142,LandingGear,18,10107.9,SITE06,2024-06-10,2024-07-12,2024-07-13,32,33,1,1.27,0.4394,0.0006,Low,1,0,0.4195468879389312,Medium,4349,41.95
PO014082,SUP031,P00142,LandingGear,4,2246.2,SITE05,2022-04-25,2022-05-24,2022-05-25,29,30,1,1.21,0.3913,0.0014,Low,1,0,0.419530799112321,Medium,4350,41.95
PO020166,SUP032,P00204,Fasteners,11,20123.62,SITE06,2024-11-18,2024-12-20,2024-12-21,32,33,1,1.01,0.3877,0.0017,Low,1,0,0.4194721391649511,Medium,4351,41.95
PO013755,SUP001,P00139,Structure,6,9594.84,SITE04,2024-06-24,2024-07-25,2024-07-29,31,35,4,1.19,0.4155,0.0005,Low,1,0,0.41941286347783,Medium,4352,41.94
PO025788,SUP020,P00266,Fasteners,6,8117.58,SITE02,2023-08-21,2023-09-18,2023-09-19,28,29,1,1.08,0.3865,0.0014,Low,1,0,0.4193914361718921,Medium,4353,41.94
PO009016,SUP031,P00089,Cabin,22,27658.62,SITE06,2022-05-09,2022-06-26,2022-06-30,48,52,4,1.22,0.4059,0.0013,Low,1,0,0.41938260275008477,Medium,4354,41.94
PO024629,SUP034,P00254,Hydraulics,5,3701.3,SITE04,2023-02-27,2023-04-05,2023-04-02,37,34,-3,1.22,0.4599,0.0026,Low,0,0,0.419323249455827,Medium,4355,41.93
PO028179,SUP035,P00287,Cabin,11,22734.25,SITE02,2024-03-18,2024-04-20,2024-04-22,33,35,2,1.27,0.4455,0.002,Low,1,0,0.4193138606772833,Medium,4356,41.93
PO027823,SUP010,P00283,LandingGear,4,23723.24,SITE04,2022-06-27,2022-07-14,2022-07-12,17,15,-2,1.39,0.5033,0.0,Low,0,0,0.41927533898671643,Medium,4357,41.93
PO010460,SUP028,P00104,Engine,6,2889.36,SITE06,2024-09-23,2024-10-23,2024-10-20,30,27,-3,1.08,0.4022,0.0008,Low,0,0,0.41919436301265833,Medium,4358,41.92
PO013212,SUP037,P00134,Hydraulics,12,4417.44,SITE01,2023-12-25,2024-01-18,2024-01-16,24,22,-2,1.2,0.4369,0.001,Low,0,0,0.41910576399616567,Medium,4359,41.91
PO001342,SUP030,P00011,Fasteners,7,3766.14,SITE03,2022-12-26,2023-02-07,2023-02-07,43,43,0,1.21,0.4319,0.0006,Low,0,0,0.4190864037258516,Medium,4360,41.91
PO007077,SUP007,P00071,Avionics,6,8335.68,SITE05,2023-03-06,2023-04-09,2023-04-13,34,38,4,1.32,0.4567,0.0,Low,1,0,0.4188108511294512,Medium,4361,41.88
PO003998,SUP017,P00041,Fasteners,30,21023.4,SITE04,2024-09-09,2024-10-06,2024-10-03,27,24,-3,1.11,0.4132,0.0008,Low,0,0,0.4187303706961469,Medium,4362,41.87
PO011353,SUP008,P00115,Cabin,11,32540.53,SITE05,2023-12-11,2024-01-23,2024-01-20,43,40,-3,1.17,0.4278,0.0011,Low,0,0,0.41870724192809977,Medium,4363,41.87
PO007724,SUP012,P00079,Electrical,5,6663.5,SITE03,2022-09-19,2022-10-10,2022-10-13,21,24,3,0.98,0.3986,0.0003,Low,1,0,0.41862844898346485,Medium,4364,41.86
PO013799,SUP030,P00140,Structure,3,738.93,SITE01,2023-05-01,2023-06-03,2023-06-12,33,42,9,1.18,0.416,0.0004,Low,1,0,0.41855038544705686,Medium,4365,41.86
PO017672,SUP028,P00179,Electrical,9,5796.45,SITE06,2023-06-12,2023-06-24,2023-06-29,12,17,5,0.96,0.39,0.0008,Low,1,0,0.41845450075663443,Medium,4366,41.85
PO025399,SUP030,P00262,Structure,37,15145.95,SITE02,2024-01-01,2024-02-01,2024-01-29,31,28,-3,1.18,0.4234,0.0007,Low,0,0,0.4183899289100724,Medium,4367,41.84
PO026945,SUP004,P00274,Avionics,7,1533.49,SITE01,2023-01-02,2023-02-04,2023-02-06,33,35,2,1.18,0.4795,0.0012,Low,1,0,0.41816119064358126,Medium,4368,41.82
PO026388,SUP011,P00269,Avionics,14,11121.74,SITE04,2023-11-20,2023-12-28,2023-12-30,38,40,2,1.25,0.4143,0.0011,Low,1,0,0.4181373040395385,Medium,4369,41.81
PO010819,SUP017,P00108,Cabin,46,27679.12,SITE05,2024-10-14,2024-11-23,2024-11-29,40,46,6,1.11,0.415,0.0007,Low,1,0,0.41799498649481176,Medium,4370,41.8
PO008853,SUP029,P00088,Structure,13,23019.49,SITE03,2023-12-04,2024-01-11,2024-01-08,38,35,-3,1.23,0.4312,0.0009,Low,0,0,0.41793671200597854,Medium,4371,41.79
PO003572,SUP017,P00038,Fasteners,8,9152.64,SITE03,2023-08-21,2023-09-16,2023-09-13,26,23,-3,1.08,0.4224,0.0006,Low,0,0,0.4178951638935416,Medium,4372,41.79
PO018223,SUP019,P00185,Hydraulics,11,4042.28,SITE06,2022-11-21,2022-12-17,2022-12-14,26,23,-3,1.2,0.4341,0.0016,Low,0,0,0.417881120657063,Medium,4373,41.79
PO006534,SUP035,P00066,Fasteners,3,3116.7,SITE05,2023-07-10,2023-08-12,2023-08-16,33,37,4,1.34,0.4538,0.0026,Low,1,0,0.4178130420181719,Medium,4374,41.78
PO024649,SUP034,P00254,Hydraulics,11,8142.86,SITE06,2022-03-21,2022-04-25,2022-04-26,35,36,1,1.43,0.4468,0.0,Low,1,0,0.4177990527760528,Medium,4375,41.78
PO017016,SUP019,P00173,Structure,11,10687.05,SITE06,2024-02-26,2024-03-25,2024-03-26,28,29,1,1.15,0.4174,0.0019,Low,1,0,0.41774626944954113,Medium,4376,41.77
PO015703,SUP024,P00158,Structure,5,9416.4,SITE03,2023-09-11,2023-11-12,2023-11-10,62,60,-2,2.38,0.6639,0.0014,Medium,0,0,0.4177058341667381,Medium,4377,41.77
PO012146,SUP022,P00122,Fasteners,11,53379.15,SITE06,2022-03-21,2022-04-15,2022-04-14,25,24,-1,0.62,0.2857,0.0,Low,0,0,0.4174841904968571,Medium,4378,41.75
PO020056,SUP032,P00204,Fasteners,9,16464.78,SITE02,2023-10-23,2023-11-26,2023-11-29,34,37,3,0.92,0.3623,0.0021,Low,1,0,0.4173309794470404,Medium,4379,41.73
PO026710,SUP036,P00272,Avionics,22,4449.72,SITE04,2022-08-29,2022-10-24,2022-10-21,56,53,-3,1.16,0.4167,0.0019,Low,0,0,0.417293014158252,Medium,4380,41.73
PO017703,SUP031,P00180,LandingGear,4,11035.72,SITE02,2023-12-18,2024-01-18,2024-01-18,31,31,0,1.26,0.4272,0.0006,Low,0,0,0.4172697876927272,Medium,4381,41.73
PO017338,SUP034,P00176,Fasteners,51,30635.19,SITE04,2022-07-11,2022-08-17,2022-08-21,37,41,4,1.36,0.4579,0.0024,Low,1,0,0.41726703757862976,Medium,4382,41.73
PO016404,SUP012,P00165,Electrical,11,15810.41,SITE04,2024-09-09,2024-09-25,2024-09-22,16,13,-3,1.08,0.4144,0.0006,Low,0,0,0.417043173522755,Medium,4383,41.7
PO026936,SUP037,P00273,Fasteners,53,101316.39,SITE06,2024-06-24,2024-07-29,2024-07-27,35,33,-2,1.19,0.4349,0.0011,Low,0,0,0.41697988431824573,Medium,4384,41.7
PO012347,SUP029,P00123,Cabin,31,93022.63,SITE06,2024-08-26,2024-10-07,2024-10-04,42,39,-3,1.2,0.429,0.0009,Low,0,0,0.4166865357114952,Medium,4385,41.67
PO025298,SUP010,P00261,Electrical,4,16978.0,SITE02,2023-05-15,2023-06-11,2023-06-09,27,25,-2,1.37,0.4514,0.0005,Low,0,0,0.4166849486849487,Medium,4386,41.67
PO022103,SUP012,P00223,Avionics,58,30956.34,SITE06,2024-05-06,2024-06-13,2024-06-15,38,40,2,1.02,0.4059,0.0006,Low,1,0,0.4165673191335739,Medium,4387,41.66
PO009008,SUP031,P00089,Cabin,15,18858.15,SITE05,2024-05-20,2024-07-09,2024-07-06,50,47,-3,1.27,0.4361,0.0006,Low,0,0,0.41639045403709546,Medium,4388,41.64
PO021294,SUP007,P00217,Fasteners,14,9677.92,SITE01,2024-07-29,2024-09-05,2024-09-07,38,40,2,1.3,0.4673,0.0001,Low,1,0,0.41605570845405143,Medium,4389,41.61
PO005791,SUP036,P00059,Cabin,24,28415.28,SITE03,2024-07-08,2024-08-22,2024-08-26,45,49,4,1.2,0.4163,0.0015,Low,1,0,0.41599492276552363,Medium,4390,41.6
PO010868,SUP029,P00109,Engine,2,1600.04,SITE02,2022-09-12,2022-11-05,2022-11-05,54,54,0,1.15,0.4183,0.0013,Low,0,0,0.41597282347282355,Medium,4391,41.6
PO028169,SUP035,P00287,Cabin,27,55802.25,SITE02,2023-04-24,2023-05-29,2023-05-26,35,32,-3,1.39,0.4467,0.003,Low,0,0,0.41591395130046926,Medium,4392,41.59
PO008219,SUP030,P00083,Fasteners,10,6338.1,SITE03,2022-05-16,2022-06-15,2022-06-16,30,31,1,1.37,0.4762,0.0,Low,1,0,0.41588752700431697,Medium,4393,41.59
PO016980,SUP019,P00173,Structure,16,15544.8,SITE04,2024-12-16,2025-01-15,2025-01-12,30,27,-3,1.22,0.4364,0.0014,Low,0,0,0.41581343260171905,Medium,4394,41.58
PO020102,SUP032,P00204,Fasteners,28,51223.76,SITE04,2023-09-25,2023-10-23,2023-10-24,28,29,1,0.9,0.3487,0.0022,Low,1,0,0.4157979680809775,Medium,4395,41.58
PO013832,SUP030,P00140,Structure,9,2216.79,SITE03,2023-01-09,2023-02-09,2023-02-11,31,33,2,1.19,0.4231,0.0006,Low,1,0,0.41567744710496174,Medium,4396,41.57
PO028495,SUP004,P00289,Structure,26,9267.18,SITE06,2024-09-16,2024-10-19,2024-10-19,33,33,0,1.15,0.4269,0.0008,Low,0,0,0.415662196137062,Medium,4397,41.57
PO008697,SUP022,P00086,Cabin,12,15655.56,SITE05,2022-09-12,2022-10-14,2022-10-13,32,31,-1,1.01,0.3704,0.0,Low,0,0,0.4156229358540264,Medium,4398,41.56
PO001402,SUP030,P00011,Fasteners,20,10760.4,SITE06,2022-05-23,2022-06-27,2022-06-26,35,34,-1,1.32,0.4641,0.0,Low,0,0,0.4156109973294522,Medium,4399,41.56
PO001175,SUP012,P00009,Structure,2,6024.94,SITE05,2024-07-08,2024-07-29,2024-08-02,21,25,4,1.06,0.4121,0.0007,Low,1,0,0.41546828860842333,Medium,4400,41.55
PO008592,SUP022,P00086,Cabin,18,23483.34,SITE02,2022-03-21,2022-04-18,2022-04-15,28,25,-3,0.64,0.2951,0.0,Low,0,0,0.41544852796279935,Medium,4401,41.54
PO002475,SUP030,P00025,Structure,12,5397.6,SITE06,2022-12-05,2023-01-06,2023-01-07,32,33,1,1.26,0.4389,0.0006,Low,1,0,0.41536319227974466,Medium,4402,41.54
PO002598,SUP030,P00026,Fasteners,9,9854.73,SITE05,2022-01-24,2022-02-24,2022-02-27,31,34,3,1.29,0.4516,0.0,Low,1,0,0.415284395007317,Medium,4403,41.53
PO003350,SUP030,P00035,Hydraulics,11,52588.14,SITE06,2024-12-09,2025-01-21,2025-01-20,43,42,-1,1.19,0.424,0.0009,Low,0,0,0.415206940928752,Medium,4404,41.52
PO016911,SUP019,P00173,Structure,9,8743.95,SITE01,2023-12-25,2024-01-23,2024-01-22,29,28,-1,1.15,0.4122,0.0021,Low,0,0,0.4151863879469681,Medium,4405,41.52
PO015585,SUP019,P00157,LandingGear,6,15021.24,SITE01,2023-09-25,2023-10-22,2023-10-19,27,24,-3,1.13,0.4175,0.0013,Low,0,0,0.4151440334604739,Medium,4406,41.51
PO016452,SUP035,P00166,Engine,3,1110.57,SITE02,2023-05-01,2023-05-26,2023-05-27,25,26,1,1.38,0.4459,0.0029,Low,1,0,0.4151042056182301,Medium,4407,41.51
PO004311,SUP019,P00045,Fasteners,16,64722.4,SITE01,2024-08-19,2024-09-14,2024-09-11,26,23,-3,1.2,0.4326,0.0016,Low,0,0,0.41510052588660906,Medium,4408,41.51
PO020065,SUP032,P00204,Fasteners,15,27441.3,SITE02,2024-12-23,2025-01-22,2025-01-21,30,29,-1,1.0,0.3895,0.0017,Low,0,0,0.41501700533765745,Medium,4409,41.5
PO017470,SUP010,P00177,Avionics,20,6554.0,SITE04,2024-07-15,2024-08-15,2024-08-13,31,29,-2,1.28,0.4358,0.0007,Low,0,0,0.4149727510255132,Medium,4410,41.5
PO021469,SUP017,P00218,Cabin,3,7020.75,SITE02,2024-08-19,2024-09-25,2024-10-05,37,47,10,1.1,0.4138,0.0008,Low,1,0,0.41481960879821034,Medium,4411,41.48
PO017494,SUP010,P00177,Avionics,14,4587.8,SITE06,2023-08-21,2023-09-26,2023-09-28,36,38,2,1.36,0.4587,0.0004,Low,1,0,0.414578789059235,Medium,4412,41.46
PO023086,SUP004,P00234,Electrical,4,18439.92,SITE06,2022-04-25,2022-05-22,2022-05-19,27,24,-3,1.17,0.4444,0.0,Low,0,0,0.41449587166770435,Medium,4413,41.45
PO026337,SUP011,P00269,Avionics,9,7149.69,SITE02,2023-04-10,2023-05-24,2023-05-22,44,42,-2,1.08,0.3792,0.0003,Low,0,0,0.41446556844815274,Medium,4414,41.45
PO000006,SUP004,P00001,Electrical,5,11617.25,SITE01,2023-11-20,2023-12-17,2023-12-17,27,27,0,1.18,0.4548,0.0006,Low,0,0,0.41443206543827943,Medium,4415,41.44
PO020459,SUP036,P00208,Hydraulics,3,8428.62,SITE02,2022-05-23,2022-07-06,2022-07-07,44,45,1,1.11,0.4059,0.0027,Low,1,0,0.41438998181666326,Medium,4416,41.44
PO010593,SUP022,P00107,Engine,8,9403.36,SITE01,2024-02-19,2024-03-24,2024-03-26,34,36,2,1.16,0.4403,0.0006,Low,1,0,0.41434271551835494,Medium,4417,41.43
PO010731,SUP017,P00108,Cabin,96,57765.12,SITE03,2023-02-20,2023-04-02,2023-04-03,41,42,1,1.12,0.4357,0.0007,Low,1,0,0.41430717436244485,Medium,4418,41.43
PO002118,SUP007,P00019,Fasteners,21,59603.25,SITE06,2023-07-31,2023-08-31,2023-09-02,31,33,2,1.33,0.4686,0.0002,Low,1,0,0.4142905689970074,Medium,4419,41.43
PO022547,SUP001,P00227,LandingGear,7,5174.89,SITE06,2023-08-14,2023-09-17,2023-09-16,34,33,-1,1.21,0.4235,0.0008,Low,0,0,0.4142565349134978,Medium,4420,41.43
PO025295,SUP010,P00261,Electrical,3,12733.5,SITE02,2022-07-11,2022-08-10,2022-08-08,30,28,-2,1.4,0.5061,0.0,Low,0,0,0.4142303385572072,Medium,4421,41.42
PO013870,SUP030,P00140,Structure,22,5418.82,SITE04,2024-11-11,2024-12-15,2024-12-13,34,32,-2,1.2,0.4248,0.0009,Low,0,0,0.4141638868103884,Medium,4422,41.42
PO016015,SUP012,P00161,Engine,1,4072.98,SITE06,2024-09-30,2024-11-09,2024-11-09,40,40,0,1.09,0.4171,0.0006,Low,0,0,0.4141519165840417,Medium,4423,41.42
PO003140,SUP029,P00032,Electrical,5,4955.6,SITE06,2023-03-13,2023-04-19,2023-04-21,37,39,2,1.11,0.4109,0.0006,Low,1,0,0.4141065424336378,Medium,4424,41.41
PO024549,SUP028,P00253,Hydraulics,4,2083.36,SITE04,2023-09-04,2023-09-28,2023-09-26,24,22,-2,1.02,0.4097,0.0009,Low,0,0,0.4141035935011824,Medium,4425,41.41
PO026313,SUP036,P00268,Cabin,10,4274.0,SITE06,2024-11-04,2024-12-20,2024-12-25,46,51,5,1.23,0.419,0.0013,Low,1,0,0.41408441943747365,Medium,4426,41.41
PO015440,SUP011,P00156,Cabin,12,46611.84,SITE02,2023-04-03,2023-05-11,2023-05-08,38,35,-3,1.11,0.3853,0.0003,Low,0,0,0.41405129891678694,Medium,4427,41.41
PO012941,SUP010,P00130,Structure,2,2112.56,SITE06,2023-09-11,2023-10-03,2023-10-04,22,23,1,1.37,0.4624,0.0004,Low,1,0,0.41403681616996907,Medium,4428,41.4
PO001619,SUP019,P00015,Engine,1,3003.43,SITE05,2024-12-23,2025-01-29,2025-01-28,37,36,-1,1.22,0.4361,0.0014,Low,0,0,0.4139562977492039,Medium,4429,41.4
PO000099,SUP028,P00002,Cabin,8,5366.72,SITE01,2023-05-15,2023-06-10,2023-06-10,26,26,0,0.98,0.3893,0.0008,Low,0,0,0.41393665864943635,Medium,4430,41.39
PO004269,SUP017,P00044,Hydraulics,6,7335.42,SITE05,2023-08-28,2023-09-22,2023-09-21,25,24,-1,1.08,0.4204,0.0006,Low,0,0,0.4139024958913657,Medium,4431,41.39
PO013375,SUP034,P00136,LandingGear,23,71264.58,SITE03,2023-03-20,2023-04-14,2023-04-14,25,25,0,1.2,0.4553,0.0025,Low,0,0,0.41377731836359666,Medium,4432,41.38
PO023079,SUP004,P00234,Electrical,9,41489.82,SITE05,2023-01-30,2023-02-27,2023-03-01,28,30,2,1.21,0.4809,0.0011,Low,1,0,0.41375583633725665,Medium,4433,41.38
PO014368,SUP031,P00144,Fasteners,7,8372.84,SITE04,2024-12-09,2025-01-18,2025-01-15,40,37,-3,1.3,0.4433,0.0005,Low,0,0,0.4137459533150995,Medium,4434,41.37
PO007597,SUP012,P00078,Electrical,14,23133.04,SITE02,2023-10-30,2023-11-16,2023-11-14,17,15,-2,1.0,0.3992,0.0005,Low,0,0,0.4137305705452343,Medium,4435,41.37
PO000211,SUP028,P00002,Cabin,16,10733.44,SITE04,2024-07-29,2024-08-31,2024-08-28,33,30,-3,1.08,0.4041,0.0009,Low,0,0,0.41364430825253945,Medium,4436,41.36
PO027205,SUP007,P00276,Engine,3,3715.2,SITE03,2024-03-04,2024-04-13,2024-04-19,40,46,6,1.26,0.4636,0.0001,Low,1,0,0.41364238804576764,Medium,4437,41.36
PO006694,SUP010,P00068,LandingGear,2,2163.54,SITE02,2024-01-08,2024-01-30,2024-01-30,22,22,0,1.31,0.4419,0.0005,Low,0,0,0.41358326041945204,Medium,4438,41.36
PO022483,SUP001,P00227,LandingGear,26,19221.02,SITE04,2022-03-28,2022-04-29,2022-05-02,32,35,3,1.18,0.4333,0.0,Low,1,0,0.41356073800484,Medium,4439,41.36
PO007346,SUP031,P00075,Engine,6,10029.3,SITE04,2024-09-23,2024-11-03,2024-11-05,41,43,2,1.26,0.4364,0.0005,Low,1,0,0.41349474144524495,Medium,4440,41.35
PO013105,SUP037,P00132,Fasteners,11,10447.25,SITE06,2022-07-25,2022-08-23,2022-08-20,29,26,-3,1.25,0.4367,0.0,Low,0,0,0.41346699697258915,Medium,4441,41.35
PO015441,SUP011,P00156,Cabin,31,120413.92,SITE02,2023-04-17,2023-06-02,2023-06-07,46,51,5,1.07,0.376,0.0003,Low,1,0,0.4133393808989357,Medium,4442,41.33
PO013782,SUP001,P00139,Structure,8,12793.12,SITE06,2023-11-27,2023-12-30,2023-12-28,33,31,-2,1.25,0.4262,0.0007,Low,0,0,0.41330789982982374,Medium,4443,41.33
PO000242,SUP028,P00002,Cabin,27,18112.68,SITE05,2024-06-03,2024-07-02,2024-07-07,29,34,5,1.1,0.413,0.0009,Low,1,0,0.4132523022043311,Medium,4444,41.33
PO020871,SUP029,P00213,Avionics,16,5994.72,SITE04,2022-10-31,2022-12-06,2022-12-08,36,38,2,1.11,0.4011,0.001,Low,1,0,0.4130317389620652,Medium,4445,41.3
PO006681,SUP010,P00068,LandingGear,8,8654.16,SITE01,2024-06-17,2024-07-15,2024-07-15,28,28,0,1.28,0.4373,0.0006,Low,0,0,0.4130063612271959,Medium,4446,41.3
PO013915,SUP030,P00140,Structure,20,4926.2,SITE06,2023-12-11,2024-01-10,2024-01-13,30,33,3,1.18,0.4247,0.0006,Low,1,0,0.4129609273508291,Medium,4447,41.3
PO023721,SUP019,P00242,Electrical,12,12080.28,SITE04,2024-03-04,2024-03-28,2024-03-29,24,25,1,1.16,0.4214,0.0018,Low,1,0,0.4129438621002364,Medium,4448,41.29
PO003685,SUP008,P00039,LandingGear,7,11193.21,SITE02,2024-11-18,2024-12-17,2024-12-23,29,35,6,1.14,0.4391,0.0011,Low,1,0,0.4128270139104439,Medium,4449,41.28
PO025573,SUP029,P00263,Structure,6,5121.84,SITE04,2023-01-30,2023-03-06,2023-03-09,35,38,3,1.13,0.4069,0.0007,Low,1,0,0.41260857118796496,Medium,4450,41.26
PO004379,SUP019,P00045,Fasteners,17,68767.55,SITE05,2024-11-18,2024-12-18,2024-12-21,30,33,3,1.21,0.4351,0.0015,Low,1,0,0.41260707426181326,Medium,4451,41.26
PO008172,SUP030,P00083,Fasteners,9,5704.29,SITE01,2022-09-26,2022-10-31,2022-11-01,35,36,1,1.27,0.4415,0.0006,Low,1,0,0.41257361974751433,Medium,4452,41.26
PO004314,SUP019,P00045,Fasteners,10,40451.5,SITE02,2022-02-21,2022-03-19,2022-03-21,26,28,2,1.39,0.4634,0.0,Low,1,0,0.4124990980011894,Medium,4453,41.25
PO016792,SUP001,P00170,Structure,11,5592.62,SITE06,2023-04-10,2023-05-14,2023-05-14,34,34,0,1.22,0.4522,0.001,Low,0,0,0.4123376457689359,Medium,4454,41.23
PO015510,SUP011,P00156,Cabin,36,139835.52,SITE04,2024-09-30,2024-11-23,2024-11-29,54,60,6,1.24,0.4264,0.0008,Low,1,0,0.4123252859180449,Medium,4455,41.23
PO018342,SUP012,P00187,Structure,10,9511.7,SITE02,2022-10-03,2022-10-27,2022-10-26,24,23,-1,0.96,0.3933,0.0003,Low,0,0,0.4123145612055893,Medium,4456,41.23
PO007577,SUP012,P00078,Electrical,12,19828.32,SITE01,2023-02-13,2023-03-04,2023-03-15,19,30,11,0.94,0.39,0.0006,Low,1,0,0.41207355980630955,Medium,4457,41.21
PO005719,SUP036,P00059,Cabin,11,13023.67,SITE01,2024-06-03,2024-07-19,2024-07-21,46,48,2,1.22,0.4175,0.0016,Low,1,0,0.4120324705737768,Medium,4458,41.2
PO022176,SUP028,P00224,Fasteners,12,34293.72,SITE04,2023-02-20,2023-03-18,2023-03-18,26,26,0,0.96,0.3801,0.0008,Low,0,0,0.411979079235596,Medium,4459,41.2
PO007794,SUP012,P00079,Electrical,38,50642.6,SITE06,2024-08-19,2024-09-08,2024-09-05,20,17,-3,1.08,0.4163,0.0006,Low,0,0,0.4119267913077837,Medium,4460,41.19
PO004601,SUP011,P00047,Avionics,5,876.9,SITE04,2023-03-13,2023-04-24,2023-04-22,42,40,-2,1.12,0.3871,0.0004,Low,0,0,0.41185887268970783,Medium,4461,41.19
PO005404,SUP027,P00056,Cabin,21,24323.25,SITE05,2024-05-13,2024-07-04,2024-07-09,52,57,5,2.51,0.6902,0.0008,Medium,1,0,0.4117069838952326,Medium,4462,41.17
PO028688,SUP030,P00293,Hydraulics,4,3076.48,SITE02,2024-02-19,2024-04-03,2024-04-02,44,43,-1,1.17,0.4244,0.0007,Low,0,0,0.411568216630427,Medium,4463,41.16
PO026343,SUP011,P00269,Avionics,11,8738.51,SITE02,2024-07-29,2024-09-10,2024-09-10,43,43,0,1.25,0.4294,0.0009,Low,0,0,0.41146824465436455,Medium,4464,41.15
PO001754,SUP031,P00017,Cabin,3,19387.41,SITE02,2024-07-01,2024-08-09,2024-08-11,39,41,2,1.26,0.4367,0.0006,Low,1,0,0.4114491737297504,Medium,4465,41.14
PO012312,SUP029,P00123,Cabin,3,9002.19,SITE05,2024-08-12,2024-09-30,2024-09-30,49,49,0,1.2,0.4276,0.001,Low,0,0,0.41105278798317973,Medium,4466,41.11
PO017437,SUP010,P00177,Avionics,4,1310.8,SITE01,2024-12-02,2025-01-05,2025-01-11,34,40,6,1.27,0.4325,0.0006,Low,1,0,0.41100636268041807,Medium,4467,41.1
PO017766,SUP031,P00180,LandingGear,8,22071.44,SITE06,2024-11-25,2024-12-28,2024-12-25,33,30,-3,1.29,0.4439,0.0005,Low,0,0,0.410896488024564,Medium,4468,41.09
PO011919,SUP035,P00121,Avionics,12,3556.2,SITE02,2024-05-20,2024-06-13,2024-06-20,24,31,7,1.23,0.4408,0.0018,Low,1,0,0.41075098896122314,Medium,4469,41.08
PO020929,SUP034,P00214,Fasteners,2,1867.88,SITE02,2023-05-22,2023-06-27,2023-07-01,36,40,4,1.23,0.4539,0.0022,Low,1,0,0.4106066062991976,Medium,4470,41.06
PO007226,SUP035,P00073,Avionics,12,41131.8,SITE02,2022-09-05,2022-10-08,2022-10-09,33,34,1,1.43,0.4539,0.0,Low,1,0,0.4106065131770967,Medium,4471,41.06
PO003558,SUP017,P00038,Fasteners,2,2288.16,SITE02,2024-08-19,2024-09-07,2024-09-10,19,22,3,1.1,0.4121,0.0008,Low,1,0,0.4106029256075308,Medium,4472,41.06
PO027062,SUP004,P00274,Avionics,37,8105.59,SITE05,2023-12-04,2024-01-14,2024-01-17,41,44,3,1.18,0.4518,0.0006,Low,1,0,0.41056852420455364,Medium,4473,41.06
PO003518,SUP017,P00038,Fasteners,29,33178.32,SITE01,2022-08-08,2022-08-31,2022-08-30,23,22,-1,1.12,0.428,0.0,Low,0,0,0.41055649295947544,Medium,4474,41.06
PO029632,SUP035,P00300,Fasteners,18,60319.08,SITE06,2022-01-17,2022-02-16,2022-02-14,30,28,-2,1.92,0.5833,0.0,Low,0,0,0.41054541296531594,Medium,4475,41.05
PO021502,SUP017,P00218,Cabin,18,42124.5,SITE03,2024-12-02,2025-01-11,2025-01-12,40,41,1,1.12,0.415,0.0007,Low,1,0,0.41052182060693826,Medium,4476,41.05
PO025392,SUP030,P00262,Structure,14,5730.9,SITE02,2023-06-12,2023-07-12,2023-07-09,30,27,-3,1.18,0.4152,0.0004,Low,0,0,0.41048556413920934,Medium,4477,41.05
PO022126,SUP028,P00224,Fasteners,4,11431.24,SITE01,2024-03-18,2024-04-11,2024-04-12,24,25,1,1.07,0.404,0.0009,Low,1,0,0.4104359492986946,Medium,4478,41.04
PO003385,SUP037,P00036,Structure,24,20521.2,SITE02,2024-01-22,2024-02-28,2024-02-28,37,37,0,1.22,0.4435,0.001,Low,0,0,0.4104137309297427,Medium,4479,41.04
PO024576,SUP028,P00253,Hydraulics,12,6250.08,SITE06,2022-04-25,2022-05-19,2022-05-20,24,25,1,1.03,0.41,0.0016,Low,1,0,0.4103655584636407,Medium,4480,41.04
PO009339,SUP030,P00093,Engine,6,3054.24,SITE02,2022-03-28,2022-05-07,2022-05-11,40,44,4,1.32,0.4362,0.0,Low,1,0,0.41033345659596576,Medium,4481,41.03
PO004352,SUP019,P00045,Fasteners,39,157760.85,SITE04,2023-05-15,2023-06-12,2023-06-14,28,30,2,1.09,0.4026,0.0013,Low,1,0,0.4102333113283501,Medium,4482,41.02
PO020372,SUP011,P00206,Fasteners,19,9366.24,SITE06,2023-05-29,2023-07-05,2023-07-10,37,42,5,1.13,0.3918,0.0009,Low,1,0,0.4102253451507702,Medium,4483,41.02
PO012729,SUP014,P00128,Fasteners,12,13229.4,SITE02,2022-01-03,2022-02-16,2022-02-20,44,48,4,3.67,0.8333,0.0,Medium,1,0,0.41013868626731315,Medium,4484,41.01
PO010419,SUP028,P00104,Engine,11,5297.16,SITE05,2022-06-13,2022-07-13,2022-07-12,30,29,-1,0.94,0.3835,0.0011,Low,0,0,0.41006437990798217,Medium,4485,41.01
PO017283,SUP034,P00176,Fasteners,34,20423.46,SITE02,2022-04-04,2022-05-17,2022-05-22,43,48,5,1.3,0.434,0.0041,Low,1,0,0.4100507936876334,Medium,4486,41.01
PO021273,SUP007,P00217,Fasteners,14,9677.92,SITE01,2022-04-04,2022-05-10,2022-05-10,36,36,0,1.38,0.4483,0.0,Low,0,0,0.4099780904358918,Medium,4487,41.0
PO012379,SUP020,P00124,Electrical,3,3056.16,SITE03,2022-08-15,2022-08-31,2022-08-29,16,14,-2,1.02,0.3684,0.0009,Low,0,0,0.4099675327517801,Medium,4488,41.0
PO004806,SUP034,P00049,Fasteners,4,42870.48,SITE03,2023-08-28,2023-10-19,2023-10-23,52,56,4,1.19,0.4451,0.0018,Low,1,0,0.40985992861403325,Medium,4489,40.99
PO024565,SUP028,P00253,Hydraulics,4,2083.36,SITE05,2022-05-30,2022-06-23,2022-06-25,24,26,2,0.97,0.3934,0.0012,Low,1,0,0.4096881545370998,Medium,4490,40.97
PO008933,SUP031,P00089,Cabin,7,8800.47,SITE01,2024-02-19,2024-04-11,2024-04-11,52,52,0,1.27,0.4328,0.0005,Low,0,0,0.4096527747633782,Medium,4491,40.97
PO027844,SUP010,P00283,LandingGear,1,5930.81,SITE06,2024-11-18,2024-12-08,2024-12-07,20,19,-1,1.26,0.4313,0.0007,Low,0,0,0.40963789604910106,Medium,4492,40.96
PO000468,SUP034,P00004,Electrical,18,224798.4,SITE04,2024-09-30,2024-10-30,2024-10-31,30,31,1,1.24,0.4481,0.002,Low,1,0,0.4094658296796536,Medium,4493,40.95
PO026828,SUP037,P00273,Fasteners,17,32497.71,SITE02,2024-11-04,2024-12-05,2024-12-10,31,36,5,1.23,0.4428,0.0012,Low,1,0,0.4094329270740688,Medium,4494,40.94
PO001332,SUP030,P00011,Fasteners,12,6456.24,SITE02,2024-07-08,2024-08-16,2024-08-13,39,36,-3,1.19,0.4228,0.001,Low,0,0,0.40933006215718903,Medium,4495,40.93
PO003946,SUP017,P00041,Fasteners,12,8409.36,SITE02,2022-07-25,2022-08-18,2022-08-16,24,22,-2,1.15,0.4286,0.0,Low,0,0,0.4093215130298052,Medium,4496,40.93
PO003571,SUP017,P00038,Fasteners,8,9152.64,SITE03,2023-08-07,2023-09-01,2023-08-30,25,23,-2,1.09,0.4272,0.0006,Low,0,0,0.409316353950761,Medium,4497,40.93
PO020422,SUP020,P00207,Fasteners,6,3910.38,SITE05,2022-03-28,2022-04-23,2022-04-23,26,26,0,1.17,0.4857,0.0,Low,0,0,0.40925154089017896,Medium,4498,40.93
PO016765,SUP001,P00170,Structure,6,3050.52,SITE05,2022-04-25,2022-05-29,2022-05-30,34,35,1,1.37,0.4744,0.0,Low,1,0,0.40923768538847954,Medium,4499,40.92
PO006765,SUP010,P00068,LandingGear,5,5408.85,SITE05,2024-01-01,2024-01-24,2024-01-26,23,25,2,1.31,0.4407,0.0005,Low,1,0,0.4092221022642075,Medium,4500,40.92
PO028262,SUP035,P00287,Cabin,12,24801.0,SITE05,2023-02-20,2023-03-31,2023-03-30,39,38,-1,1.43,0.4559,0.0,Low,0,0,0.4092209554542235,Medium,4501,40.92
PO006497,SUP035,P00066,Fasteners,3,3116.7,SITE01,2024-12-02,2025-01-06,2025-01-05,35,34,-1,1.21,0.438,0.0015,Low,0,0,0.4091890689323817,Medium,4502,40.92
PO028263,SUP035,P00287,Cabin,14,28934.5,SITE05,2023-03-20,2023-04-29,2023-04-28,40,39,-1,1.42,0.4577,0.0034,Low,0,0,0.4090489128804918,Medium,4503,40.9
PO007617,SUP012,P00078,Electrical,30,49570.8,SITE04,2022-05-23,2022-06-11,2022-06-08,19,16,-3,0.95,0.3933,0.0,Low,0,0,0.40897953598875625,Medium,4504,40.9
PO016751,SUP001,P00170,Structure,47,23895.74,SITE04,2023-11-20,2023-12-23,2023-12-20,33,30,-3,1.25,0.4289,0.0007,Low,0,0,0.40893185365846924,Medium,4505,40.89
PO004000,SUP017,P00041,Fasteners,5,3503.9,SITE05,2022-01-03,2022-02-01,2022-01-29,29,26,-3,1.0,1.0,0.0,Low,0,0,0.4088416462764288,Medium,4506,40.88
PO028366,SUP004,P00289,Structure,7,2495.01,SITE01,2023-11-06,2023-12-10,2023-12-08,34,32,-2,1.19,0.4591,0.0006,Low,0,0,0.40855248943223815,Medium,4507,40.86
PO015603,SUP019,P00157,LandingGear,7,17524.78,SITE02,2024-03-04,2024-03-28,2024-03-31,24,27,3,1.15,0.4168,0.0018,Low,1,0,0.40851499955208626,Medium,4508,40.85
PO002267,SUP029,P00023,Structure,2,4666.18,SITE03,2022-03-21,2022-05-02,2022-05-01,42,41,-1,1.0,0.3261,0.0047,Low,0,0,0.4082601838024428,Medium,4509,40.83
PO002360,SUP030,P00025,Structure,9,4048.2,SITE01,2023-10-02,2023-11-10,2023-11-10,39,39,0,1.19,0.4257,0.0006,Low,0,0,0.40815451070259556,Medium,4510,40.82
PO003050,SUP006,P00031,Engine,13,6138.08,SITE04,2023-04-17,2023-06-25,2023-06-30,69,74,5,2.45,0.6646,0.0009,Medium,1,0,0.4081178368769388,Medium,4511,40.81
PO025855,SUP020,P00266,Fasteners,18,24352.74,SITE05,2022-03-07,2022-04-05,2022-04-07,29,31,2,0.82,0.3571,0.0,Low,1,0,0.4080055343437734,Medium,4512,40.8
PO017477,SUP010,P00177,Avionics,8,2621.6,SITE05,2023-10-09,2023-11-14,2023-11-14,36,36,0,1.36,0.4564,0.0004,Low,0,0,0.40766799202463705,Medium,4513,40.77
PO020313,SUP011,P00206,Fasteners,3,1478.88,SITE01,2022-07-18,2022-08-26,2022-08-23,39,36,-3,1.12,0.3611,0.0,Low,0,0,0.4076084956330857,Medium,4514,40.76
PO003967,SUP017,P00041,Fasteners,10,7007.8,SITE03,2023-03-13,2023-04-06,2023-04-06,24,24,0,1.1,0.4291,0.0007,Low,0,0,0.4075471634970191,Medium,4515,40.75
PO022151,SUP028,P00224,Fasteners,5,14289.05,SITE03,2022-03-21,2022-04-14,2022-04-13,24,23,-1,0.89,0.3947,0.0013,Low,0,0,0.407457424043406,Medium,4516,40.75
PO003974,SUP017,P00041,Fasteners,12,8409.36,SITE04,2022-01-17,2022-02-12,2022-02-16,26,30,4,0.58,0.3333,0.0,Low,1,0,0.40745465119266083,Medium,4517,40.75
PO024702,SUP037,P00255,Fasteners,8,9179.28,SITE04,2024-04-29,2024-06-04,2024-06-11,36,43,7,1.23,0.4453,0.0009,Low,1,0,0.40738760925021517,Medium,4518,40.74
PO015339,SUP012,P00154,Avionics,9,2083.5,SITE06,2024-05-06,2024-06-08,2024-06-07,33,32,-1,1.02,0.4042,0.0006,Low,0,0,0.4073869880521234,Medium,4519,40.74
PO003141,SUP029,P00032,Electrical,7,6937.84,SITE06,2023-06-19,2023-07-22,2023-07-26,33,37,4,1.22,0.4421,0.0007,Low,1,0,0.40736447106883805,Medium,4520,40.74
PO022624,SUP001,P00229,Hydraulics,13,6329.83,SITE04,2023-07-31,2023-09-05,2023-09-05,36,36,0,1.24,0.431,0.0008,Low,0,0,0.40729649556693504,Medium,4521,40.73
PO014521,SUP020,P00146,Electrical,6,25591.08,SITE05,2022-04-04,2022-04-18,2022-04-19,14,15,1,1.26,0.4872,0.0,Low,1,0,0.40726081200287634,Medium,4522,40.73
PO029598,SUP035,P00300,Fasteners,13,43563.78,SITE04,2022-07-18,2022-08-14,2022-08-14,27,27,0,1.44,0.4567,0.0,Low,0,0,0.4072500667727669,Medium,4523,40.73
PO007716,SUP012,P00079,Electrical,3,3998.1,SITE02,2024-01-29,2024-02-16,2024-02-16,18,18,0,1.0,0.3995,0.0005,Low,0,0,0.4071998850575502,Medium,4524,40.72
PO024722,SUP037,P00255,Fasteners,6,6884.46,SITE06,2023-01-09,2023-02-13,2023-02-13,35,35,0,1.29,0.4618,0.0017,Low,0,0,0.4069510147379095,Medium,4525,40.7
PO021191,SUP008,P00216,Avionics,11,3375.46,SITE04,2022-10-24,2022-11-22,2022-11-26,29,33,4,1.38,0.4834,0.0,Low,1,0,0.4068094629478203,Medium,4526,40.68
PO015599,SUP019,P00157,LandingGear,4,10014.16,SITE02,2023-07-24,2023-08-15,2023-08-16,22,23,1,1.12,0.4153,0.0015,Low,1,0,0.406769913483347,Medium,4527,40.68
PO013654,SUP040,P00138,LandingGear,29,69002.89,SITE04,2023-01-02,2023-02-06,2023-02-12,35,41,6,2.23,0.6674,0.0024,Medium,1,0,0.4066499863345086,Medium,4528,40.66
PO021702,SUP010,P00221,Electrical,13,24183.51,SITE01,2024-04-15,2024-05-08,2024-05-12,23,27,4,1.29,0.4377,0.0005,Low,1,0,0.4066447820955332,Medium,4529,40.66
PO028234,SUP035,P00287,Cabin,59,121938.25,SITE04,2024-04-15,2024-05-24,2024-05-23,39,38,-1,1.25,0.4436,0.0019,Low,0,0,0.4065257642379297,Medium,4530,40.65
PO025101,SUP017,P00258,LandingGear,19,57615.22,SITE04,2024-10-14,2024-11-04,2024-11-03,21,20,-1,1.11,0.4144,0.0007,Low,0,0,0.40645721555758985,Medium,4531,40.65
PO008792,SUP022,P00087,Fasteners,9,50139.99,SITE04,2024-06-24,2024-07-17,2024-07-14,23,20,-3,1.15,0.4405,0.0006,Low,0,0,0.4063783370275507,Medium,4532,40.64
PO007621,SUP012,P00078,Electrical,8,13218.88,SITE04,2022-12-12,2022-12-31,2023-01-01,19,20,1,0.93,0.3813,0.0005,Low,1,0,0.4062410322436518,Medium,4533,40.62
PO014057,SUP031,P00142,LandingGear,3,1684.65,SITE02,2022-10-17,2022-11-16,2022-11-13,30,27,-3,1.14,0.3865,0.0005,Low,0,0,0.4060353258428502,Medium,4534,40.6
PO001814,SUP031,P00017,Cabin,23,148636.81,SITE06,2024-09-23,2024-11-05,2024-11-06,43,44,1,1.26,0.4362,0.0005,Low,1,0,0.40567925810727234,Medium,4535,40.57
PO006654,SUP031,P00067,LandingGear,32,25222.4,SITE06,2023-03-13,2023-04-04,2023-04-02,22,20,-2,1.19,0.4085,0.0003,Low,0,0,0.40567080021980056,Medium,4536,40.57
PO013284,SUP037,P00134,Hydraulics,26,9571.12,SITE06,2022-10-03,2022-11-05,2022-11-05,33,33,0,1.3,0.4766,0.0021,Low,0,0,0.4053955676895314,Medium,4537,40.54
PO008101,SUP037,P00082,Electrical,12,37701.48,SITE04,2022-04-18,2022-05-16,2022-05-14,28,26,-2,1.12,0.3816,0.0,Low,0,0,0.40532344702571604,Medium,4538,40.53
PO001605,SUP019,P00015,Engine,2,6006.86,SITE02,2022-10-10,2022-11-12,2022-11-14,33,35,2,1.24,0.4337,0.0018,Low,1,0,0.405270514393081,Medium,4539,40.53
PO022532,SUP001,P00227,LandingGear,5,3696.35,SITE05,2024-08-26,2024-10-02,2024-09-29,37,34,-3,1.2,0.4218,0.0005,Low,0,0,0.40526977698680466,Medium,4540,40.53
PO018182,SUP019,P00185,Hydraulics,19,6982.12,SITE04,2022-06-20,2022-07-14,2022-07-17,24,27,3,1.24,0.4231,0.0,Low,1,0,0.4051516686290602,Medium,4541,40.52
PO025426,SUP030,P00262,Structure,26,10643.1,SITE03,2023-09-18,2023-10-19,2023-10-18,31,30,-1,1.17,0.423,0.0006,Low,0,0,0.40507118452331287,Medium,4542,40.51
PO020299,SUP010,P00205,LandingGear,25,23161.75,SITE06,2024-02-05,2024-03-04,2024-03-04,28,28,0,1.3,0.4369,0.0005,Low,0,0,0.4048543669895511,Medium,4543,40.49
PO016196,SUP027,P00163,Avionics,30,8847.6,SITE04,2023-10-23,2023-12-02,2023-12-07,40,45,5,2.51,0.6903,0.0006,Medium,1,0,0.4048457834261632,Medium,4544,40.48
PO027059,SUP004,P00274,Avionics,29,6353.03,SITE05,2023-08-07,2023-09-16,2023-09-15,40,39,-1,1.17,0.4622,0.0007,Low,0,0,0.40470330856874415,Medium,4545,40.47
PO002459,SUP030,P00025,Structure,3,1349.4,SITE05,2023-09-25,2023-10-29,2023-11-03,34,39,5,1.18,0.423,0.0006,Low,1,0,0.40461302345695,Medium,4546,40.46
PO002594,SUP030,P00026,Fasteners,12,13139.64,SITE04,2024-08-05,2024-09-13,2024-09-11,39,37,-2,1.19,0.4217,0.001,Low,0,0,0.4045558745976533,Medium,4547,40.46
PO006380,SUP032,P00064,Structure,34,61667.84,SITE04,2024-03-04,2024-04-05,2024-04-08,32,35,3,1.01,0.3804,0.0019,Low,1,0,0.4044667532985072,Medium,4548,40.45
PO008056,SUP037,P00081,Electrical,12,41818.56,SITE06,2023-07-31,2023-08-23,2023-08-20,23,20,-3,1.18,0.4298,0.0012,Low,0,0,0.4043178979338777,Medium,4549,40.43
PO006172,SUP007,P00063,Avionics,14,5032.3,SITE01,2022-10-24,2022-11-29,2022-12-02,36,39,3,1.32,0.455,0.0,Low,1,0,0.40429857274484654,Medium,4550,40.43
PO020122,SUP032,P00204,Fasteners,16,29270.72,SITE05,2023-10-09,2023-11-09,2023-11-06,31,28,-3,0.91,0.3558,0.0022,Low,0,0,0.40426901143038296,Medium,4551,40.43
PO027413,SUP022,P00278,Fasteners,18,98026.38,SITE03,2024-04-01,2024-04-21,2024-04-21,20,20,0,1.18,0.4456,0.0005,Low,0,0,0.4041904419765905,Medium,4552,40.42
PO008109,SUP037,P00082,Electrical,11,34559.69,SITE04,2022-10-03,2022-10-29,2022-10-28,26,25,-1,1.3,0.4787,0.0021,Low,0,0,0.4040362214872214,Medium,4553,40.4
PO012983,SUP037,P00132,Fasteners,12,11397.0,SITE01,2022-08-29,2022-09-28,2022-09-27,30,29,-1,1.24,0.4372,0.002,Low,0,0,0.40380669430871197,Medium,4554,40.38
PO024278,SUP031,P00249,Hydraulics,3,1487.19,SITE01,2023-12-11,2024-01-20,2024-01-17,40,37,-3,1.26,0.4311,0.0006,Low,0,0,0.40369729300425744,Medium,4555,40.37
PO006263,SUP007,P00063,Avionics,12,4313.4,SITE05,2022-06-06,2022-07-11,2022-07-10,35,34,-1,1.33,0.4434,0.0,Low,0,0,0.403597633021021,Medium,4556,40.36
PO015625,SUP019,P00157,LandingGear,9,22531.86,SITE04,2022-08-08,2022-09-04,2022-09-01,27,24,-3,1.16,0.4179,0.0023,Low,0,0,0.4035566629412047,Medium,4557,40.36
PO001473,SUP012,P00013,Avionics,3,5254.17,SITE01,2023-09-25,2023-10-26,2023-10-28,31,33,2,0.99,0.3994,0.0005,Low,1,0,0.4034410711351799,Medium,4558,40.34
PO029648,SUP035,P00300,Fasteners,18,60319.08,SITE06,2023-08-14,2023-09-13,2023-09-10,30,27,-3,1.3,0.4405,0.0025,Low,0,0,0.40335498177195983,Medium,4559,40.34
PO020297,SUP010,P00205,LandingGear,33,30573.51,SITE06,2023-12-25,2024-01-20,2024-01-17,26,23,-3,1.31,0.4412,0.0005,Low,0,0,0.40328056973944365,Medium,4560,40.33
PO026684,SUP036,P00272,Avionics,22,4449.72,SITE03,2023-06-19,2023-08-06,2023-08-03,48,45,-3,1.18,0.4171,0.0028,Low,0,0,0.4032352135463739,Medium,4561,40.32
PO025584,SUP029,P00263,Structure,35,29877.4,SITE04,2024-07-22,2024-08-29,2024-08-31,38,40,2,1.21,0.4301,0.001,Low,1,0,0.4032072428399703,Medium,4562,40.32
PO013797,SUP030,P00140,Structure,8,1970.48,SITE01,2023-03-13,2023-04-12,2023-04-14,30,32,2,1.18,0.4224,0.0005,Low,1,0,0.403188381349779,Medium,4563,40.32
PO028034,SUP004,P00285,Fasteners,39,35589.84,SITE04,2024-07-15,2024-08-24,2024-08-26,40,42,2,1.19,0.4399,0.0007,Low,1,0,0.4031706178198686,Medium,4564,40.32
PO008029,SUP037,P00081,Electrical,13,45303.44,SITE04,2024-01-01,2024-01-28,2024-01-31,27,30,3,1.2,0.4386,0.001,Low,1,0,0.40316222037068156,Medium,4565,40.32
PO000259,SUP028,P00002,Cabin,53,35554.52,SITE06,2022-10-31,2022-12-03,2022-12-04,33,34,1,0.94,0.3755,0.0008,Low,1,0,0.4031598822973242,Medium,4566,40.32
PO015916,SUP017,P00160,Hydraulics,21,42963.9,SITE01,2022-01-17,2022-02-16,2022-02-14,30,28,-2,0.79,0.3571,0.0,Low,0,0,0.40305490950599093,Medium,4567,40.31
PO022072,SUP012,P00223,Avionics,6,3202.38,SITE05,2023-08-07,2023-09-06,2023-09-04,30,28,-2,1.0,0.3997,0.0005,Low,0,0,0.40303685910890635,Medium,4568,40.3
PO022179,SUP028,P00224,Fasteners,15,42867.15,SITE04,2023-03-27,2023-04-19,2023-04-22,23,26,3,0.95,0.384,0.0007,Low,1,0,0.4029750594703827,Medium,4569,40.3
PO015420,SUP011,P00156,Cabin,37,143719.84,SITE01,2024-05-13,2024-06-28,2024-06-30,46,48,2,1.28,0.4311,0.001,Low,1,0,0.40295483838056867,Medium,4570,40.3
PO018866,SUP017,P00192,Structure,21,10470.81,SITE06,2023-05-22,2023-06-14,2023-06-13,23,22,-1,1.11,0.4312,0.0006,Low,0,0,0.4028976524124974,Medium,4571,40.29
PO023099,SUP004,P00234,Electrical,5,23049.9,SITE06,2024-07-22,2024-08-18,2024-08-15,27,24,-3,1.19,0.4396,0.0007,Low,0,0,0.40279388758156565,Medium,4572,40.28
PO003367,SUP037,P00036,Structure,10,8550.5,SITE01,2024-07-08,2024-08-12,2024-08-11,35,34,-1,1.19,0.4347,0.0011,Low,0,0,0.4026153075734167,Medium,4573,40.26
PO004204,SUP028,P00043,Electrical,8,14234.64,SITE04,2024-04-22,2024-05-14,2024-05-11,22,19,-3,1.08,0.4094,0.0009,Low,0,0,0.40261145067867593,Medium,4574,40.26
PO022267,SUP032,P00225,LandingGear,5,3445.5,SITE02,2023-04-03,2023-04-27,2023-05-05,24,32,8,0.89,0.359,0.0027,Low,1,0,0.40260034871638034,Medium,4575,40.26
PO011231,SUP008,P00115,Cabin,5,14791.15,SITE01,2023-04-10,2023-05-28,2023-05-29,48,49,1,1.24,0.4426,0.0005,Low,1,0,0.4025206368691826,Medium,4576,40.25
PO008618,SUP022,P00086,Cabin,21,27397.23,SITE03,2022-02-21,2022-03-28,2022-03-25,35,32,-3,0.79,0.3684,0.0,Low,0,0,0.4024235713328742,Medium,4577,40.24
PO010948,SUP036,P00110,Fasteners,5,62793.95,SITE04,2022-05-16,2022-06-18,2022-06-20,33,35,2,1.11,0.4045,0.0,Low,1,0,0.4023590929442651,Medium,4578,40.24
PO003939,SUP017,P00041,Fasteners,6,4204.68,SITE01,2024-01-29,2024-02-24,2024-02-21,26,23,-3,1.07,0.4109,0.0008,Low,0,0,0.40235161307797435,Medium,4579,40.24
PO018642,SUP007,P00190,Structure,14,59224.48,SITE04,2024-11-25,2024-12-23,2024-12-20,28,25,-3,1.31,0.4671,0.0001,Low,0,0,0.4023386118684625,Medium,4580,40.23
PO027455,SUP022,P00278,Fasteners,10,54459.1,SITE05,2023-12-25,2024-01-17,2024-01-14,23,20,-3,1.18,0.4444,0.0004,Low,0,0,0.4021562557051112,Medium,4581,40.22
PO010767,SUP017,P00108,Cabin,37,22263.64,SITE04,2023-02-20,2023-03-24,2023-03-22,32,30,-2,1.12,0.4369,0.0007,Low,0,0,0.40211302260789855,Medium,4582,40.21
PO018466,SUP008,P00188,Fasteners,5,17047.4,SITE05,2024-04-01,2024-05-08,2024-05-08,37,37,0,1.14,0.4234,0.0012,Low,0,0,0.4020720907281477,Medium,4583,40.21
PO014943,SUP010,P00150,Fasteners,8,16671.12,SITE06,2022-11-14,2022-12-14,2022-12-16,30,32,2,1.42,0.4672,0.0003,Low,1,0,0.4019523223137887,Medium,4584,40.2
PO005765,SUP036,P00059,Cabin,36,42622.92,SITE03,2022-10-31,2022-12-19,2022-12-21,49,51,2,1.13,0.3974,0.0045,Low,1,0,0.4019470043756264,Medium,4585,40.19
PO028201,SUP035,P00287,Cabin,12,24801.0,SITE03,2023-06-26,2023-08-07,2023-08-06,42,41,-1,1.34,0.4556,0.0027,Low,0,0,0.40192637724033076,Medium,4586,40.19
PO014541,SUP020,P00146,Electrical,12,51182.16,SITE06,2023-03-27,2023-04-08,2023-04-12,12,16,4,1.03,0.377,0.0005,Low,1,0,0.40188185974383994,Medium,4587,40.19
PO024653,SUP034,P00254,Hydraulics,9,6662.34,SITE06,2022-09-05,2022-10-07,2022-10-10,32,35,3,1.35,0.4672,0.0017,Low,1,0,0.401832219799254,Medium,4588,40.18
PO027896,SUP001,P00284,Fasteners,5,14137.85,SITE04,2022-05-09,2022-06-30,2022-06-27,52,49,-3,1.4,0.5,0.0,Low,0,0,0.4017703067492786,Medium,4589,40.18
PO028462,SUP004,P00289,Structure,4,1425.72,SITE05,2024-04-15,2024-05-16,2024-05-13,31,28,-3,1.18,0.4442,0.0007,Low,0,0,0.4017525058393083,Medium,4590,40.18
PO003604,SUP017,P00038,Fasteners,7,8008.56,SITE04,2024-06-17,2024-07-09,2024-07-09,22,22,0,1.11,0.4111,0.0008,Low,0,0,0.4016661027605899,Medium,4591,40.17
PO001260,SUP036,P00010,Electrical,7,10422.37,SITE04,2024-07-29,2024-08-26,2024-08-26,28,28,0,1.21,0.4199,0.0015,Low,0,0,0.4015860020147551,Medium,4592,40.16
PO017367,SUP034,P00176,Fasteners,15,9010.35,SITE04,2024-11-18,2025-01-04,2025-01-01,47,44,-3,1.25,0.447,0.0019,Low,0,0,0.4015100300574407,Medium,4593,40.15
PO005845,SUP036,P00059,Cabin,13,15391.61,SITE05,2023-12-04,2024-01-26,2024-01-30,53,57,4,1.17,0.4102,0.002,Low,1,0,0.4014514262193684,Medium,4594,40.15
PO005695,SUP036,P00059,Cabin,6,7103.82,SITE01,2022-07-04,2022-08-21,2022-08-22,48,49,1,1.06,0.4043,0.0024,Low,1,0,0.40131131648371093,Medium,4595,40.13
PO018423,SUP012,P00187,Structure,20,19023.4,SITE06,2024-10-21,2024-11-15,2024-11-13,25,23,-2,1.1,0.4198,0.0006,Low,0,0,0.40116857367931263,Medium,4596,40.12
PO004839,SUP004,P00050,Structure,2,896.52,SITE01,2024-04-29,2024-06-05,2024-06-07,37,39,2,1.18,0.4421,0.0006,Low,1,0,0.4008072526405816,Medium,4597,40.08
PO013906,SUP030,P00140,Structure,6,1477.86,SITE06,2022-08-08,2022-09-09,2022-09-07,32,30,-2,1.3,0.4568,0.0004,Low,0,0,0.40073424797956425,Medium,4598,40.07
PO013879,SUP030,P00140,Structure,9,2216.79,SITE05,2022-12-12,2023-01-12,2023-01-09,31,28,-3,1.23,0.4388,0.0006,Low,0,0,0.4007002700102929,Medium,4599,40.07
PO011621,SUP034,P00117,Engine,6,7537.38,SITE06,2024-01-01,2024-02-23,2024-02-20,53,50,-3,1.24,0.4567,0.0015,Low,0,0,0.40068041709049235,Medium,4600,40.07
PO016564,SUP007,P00168,Engine,4,14830.44,SITE04,2022-12-19,2023-01-26,2023-01-24,38,36,-2,1.37,0.4637,0.0,Low,0,0,0.40066822257325324,Medium,4601,40.07
PO006813,SUP037,P00069,Avionics,5,10370.35,SITE02,2023-07-10,2023-08-13,2023-08-16,34,37,3,1.19,0.4343,0.0013,Low,1,0,0.40042977131377966,Medium,4602,40.04
PO022057,SUP012,P00223,Avionics,21,11208.33,SITE04,2024-10-14,2024-11-15,2024-11-16,32,33,1,1.09,0.4191,0.0006,Low,1,0,0.40039607035756664,Medium,4603,40.04
PO006554,SUP035,P00066,Fasteners,8,8311.2,SITE06,2024-11-25,2024-12-28,2024-12-28,33,33,0,1.21,0.4374,0.0015,Low,0,0,0.4003253178300684,Medium,4604,40.03
PO005974,SUP014,P00060,Cabin,28,15304.52,SITE03,2023-10-23,2023-12-15,2023-12-16,53,54,1,2.5,0.702,0.0008,Medium,1,0,0.4002621426233759,Medium,4605,40.03
PO029610,SUP035,P00300,Fasteners,29,97180.74,SITE04,2023-09-11,2023-10-13,2023-10-10,32,29,-3,1.27,0.4293,0.0024,Low,0,0,0.40020389931626255,Medium,4606,40.02
PO022314,SUP032,P00225,LandingGear,5,3445.5,SITE05,2023-01-30,2023-02-19,2023-02-16,20,17,-3,0.99,0.3926,0.0031,Low,0,0,0.40011285436440713,Medium,4607,40.01
PO020285,SUP010,P00205,LandingGear,18,16676.46,SITE06,2023-01-09,2023-02-05,2023-02-07,27,29,2,1.39,0.4562,0.0005,Low,1,0,0.4000564088946888,Medium,4608,40.01
PO027206,SUP007,P00276,Engine,2,2476.8,SITE03,2024-04-08,2024-05-21,2024-05-27,43,49,6,1.28,0.4691,0.0001,Low,1,0,0.40000780014095777,Medium,4609,40.0
PO000450,SUP034,P00004,Electrical,1,12488.8,SITE02,2022-10-31,2022-12-07,2022-12-07,37,37,0,1.31,0.4785,0.0013,Low,0,0,0.3999005531505533,Low,4610,39.99
PO028356,SUP031,P00288,Electrical,14,13529.88,SITE06,2024-01-15,2024-02-11,2024-02-08,27,24,-3,1.25,0.4294,0.0005,Low,0,0,0.39982819125356306,Low,4611,39.98
PO021229,SUP008,P00216,Avionics,12,3682.32,SITE05,2024-03-18,2024-04-15,2024-04-16,28,29,1,1.15,0.4251,0.0012,Low,1,0,0.399802712513949,Low,4612,39.98
PO001788,SUP031,P00017,Cabin,5,32312.35,SITE05,2024-03-11,2024-04-22,2024-04-27,42,47,5,1.25,0.4298,0.0005,Low,1,0,0.39979383644295924,Low,4613,39.98
PO026746,SUP036,P00272,Avionics,19,3842.94,SITE05,2023-07-10,2023-09-04,2023-09-02,56,54,-2,1.18,0.4165,0.0026,Low,0,0,0.3997753444812268,Low,4614,39.98
PO013429,SUP034,P00136,LandingGear,7,21689.22,SITE06,2022-03-21,2022-04-18,2022-04-27,28,37,9,1.18,0.4222,0.0,Low,1,0,0.3996996814950719,Low,4615,39.97
PO000150,SUP028,P00002,Cabin,12,8050.08,SITE03,2022-07-04,2022-08-01,2022-08-02,28,29,1,0.94,0.38,0.001,Low,1,0,0.39965440583659356,Low,4616,39.97
PO025842,SUP020,P00266,Fasteners,10,13529.3,SITE04,2024-01-08,2024-02-03,2024-02-04,26,27,1,1.07,0.3948,0.0011,Low,1,0,0.3996294272310988,Low,4617,39.96
PO014696,SUP028,P00149,Fasteners,9,18393.39,SITE01,2022-07-25,2022-08-23,2022-08-20,29,26,-3,0.99,0.3988,0.0009,Low,0,0,0.3995953520788807,Low,4618,39.96
PO021411,SUP007,P00217,Fasteners,15,10369.2,SITE06,2023-05-08,2023-06-10,2023-06-11,33,34,1,1.34,0.4688,0.0,Low,1,0,0.39957437012424357,Low,4619,39.96
PO017419,SUP034,P00176,Fasteners,37,22225.53,SITE06,2024-08-12,2024-09-27,2024-10-03,46,52,6,1.25,0.4527,0.0021,Low,1,0,0.39957358986441777,Low,4620,39.96
PO003631,SUP017,P00038,Fasteners,21,24025.68,SITE06,2022-10-10,2022-11-02,2022-11-07,23,28,5,1.11,0.4172,0.0005,Low,1,0,0.3995641983873447,Low,4621,39.96
PO023857,SUP017,P00244,Hydraulics,13,13566.41,SITE04,2024-06-24,2024-07-27,2024-07-24,33,30,-3,1.1,0.4105,0.0008,Low,0,0,0.39953199959407554,Low,4622,39.95
PO020274,SUP010,P00205,LandingGear,5,4632.35,SITE05,2024-10-14,2024-11-12,2024-11-16,29,33,4,1.27,0.4338,0.0006,Low,1,0,0.39945743271988093,Low,4623,39.95
PO002263,SUP029,P00023,Structure,1,2333.09,SITE02,2022-01-03,2022-02-12,2022-02-12,40,40,0,0.0,0.0,0.0,Low,0,0,0.39944083664521,Low,4624,39.94
PO000207,SUP028,P00002,Cabin,26,17441.84,SITE04,2023-12-25,2024-01-24,2024-01-23,30,29,-1,1.06,0.4079,0.001,Low,0,0,0.3993247635964813,Low,4625,39.93
PO025734,SUP007,P00265,Hydraulics,4,1588.24,SITE05,2022-04-04,2022-05-05,2022-05-07,31,33,2,1.36,0.4426,0.0,Low,1,0,0.3991389803101169,Low,4626,39.91
PO022187,SUP028,P00224,Fasteners,24,68587.44,SITE04,2024-01-22,2024-02-17,2024-02-16,26,25,-1,1.06,0.4058,0.001,Low,0,0,0.39912276515623984,Low,4627,39.91
PO021390,SUP007,P00217,Fasteners,10,6912.8,SITE05,2024-02-05,2024-03-12,2024-03-10,36,34,-2,1.27,0.4676,0.0002,Low,0,0,0.39903483610103396,Low,4628,39.9
PO020378,SUP011,P00206,Fasteners,23,11338.08,SITE06,2024-03-04,2024-04-17,2024-04-14,44,41,-3,1.26,0.4231,0.0011,Low,0,0,0.39898069302828637,Low,4629,39.9
PO010534,SUP001,P00106,Avionics,6,1066.02,SITE02,2023-11-13,2023-12-31,2024-01-06,48,54,6,1.23,0.4254,0.0007,Low,1,0,0.39890652511705144,Low,4630,39.89
PO017452,SUP010,P00177,Avionics,16,5243.2,SITE03,2022-12-05,2023-01-09,2023-01-08,35,34,-1,1.41,0.4631,0.0005,Low,0,0,0.39876195182374025,Low,4631,39.88
PO001690,SUP022,P00016,LandingGear,12,24529.8,SITE04,2024-09-02,2024-09-18,2024-09-16,16,14,-2,1.15,0.445,0.0008,Low,0,0,0.3985581381853554,Low,4632,39.86
PO026963,SUP004,P00274,Avionics,11,2409.77,SITE02,2022-04-11,2022-05-14,2022-05-14,33,33,0,1.22,0.4444,0.0,Low,0,0,0.3985359571226739,Low,4633,39.85
PO006379,SUP032,P00064,Structure,10,18137.6,SITE04,2024-02-19,2024-03-15,2024-03-17,25,27,2,1.0,0.3801,0.0017,Low,1,0,0.3985270864745047,Low,4634,39.85
PO009003,SUP031,P00089,Cabin,7,8800.47,SITE05,2024-02-12,2024-03-31,2024-04-02,48,50,2,1.25,0.4276,0.0005,Low,1,0,0.3984218876477767,Low,4635,39.84
PO021544,SUP017,P00218,Cabin,15,35103.75,SITE05,2022-10-17,2022-11-27,2022-11-30,41,44,3,1.12,0.4225,0.0005,Low,1,0,0.3983095704412749,Low,4636,39.83
PO018943,SUP017,P00193,Electrical,15,21074.4,SITE04,2024-04-08,2024-05-05,2024-05-04,27,26,-1,1.1,0.4107,0.0008,Low,0,0,0.3982885425128838,Low,4637,39.83
PO012241,SUP029,P00123,Cabin,24,72017.52,SITE03,2023-03-20,2023-05-04,2023-05-01,45,42,-3,1.13,0.4248,0.0006,Low,0,0,0.3981782516222392,Low,4638,39.82
PO012243,SUP029,P00123,Cabin,10,30007.3,SITE03,2023-04-10,2023-05-30,2023-05-30,50,50,0,1.2,0.4362,0.0009,Low,0,0,0.39817798155767753,Low,4639,39.82
PO014839,SUP028,P00149,Fasteners,27,55180.17,SITE06,2023-12-11,2024-01-11,2024-01-10,31,30,-1,1.05,0.4057,0.0011,Low,0,0,0.3979872014249768,Low,4640,39.8
PO025333,SUP010,P00261,Electrical,16,67912.0,SITE04,2023-09-11,2023-10-08,2023-10-07,27,26,-1,1.36,0.4599,0.0004,Low,0,0,0.39794946963331934,Low,4641,39.79
PO012189,SUP029,P00123,Cabin,57,171041.61,SITE01,2023-03-13,2023-04-30,2023-05-01,48,49,1,1.12,0.4176,0.0006,Low,1,0,0.3978754535835373,Low,4642,39.79
PO001373,SUP030,P00011,Fasteners,9,4842.18,SITE04,2023-08-28,2023-10-09,2023-10-06,42,39,-3,1.15,0.4195,0.0006,Low,0,0,0.3978289283814435,Low,4643,39.78
PO006417,SUP032,P00064,Structure,9,16323.84,SITE06,2024-02-12,2024-03-09,2024-03-11,26,28,2,1.0,0.3781,0.0017,Low,1,0,0.3977044905848348,Low,4644,39.77
PO008693,SUP022,P00086,Cabin,15,19569.45,SITE05,2022-05-23,2022-06-24,2022-06-22,32,30,-2,1.07,0.3874,0.0,Low,0,0,0.39757328815592113,Low,4645,39.76
PO007766,SUP012,P00079,Electrical,25,33317.5,SITE05,2024-12-02,2024-12-21,2024-12-20,19,18,-1,1.09,0.4178,0.0006,Low,0,0,0.397451072536137,Low,4646,39.75
PO002394,SUP030,P00025,Structure,22,9895.6,SITE03,2023-07-03,2023-08-11,2023-08-08,39,36,-3,1.19,0.4207,0.0005,Low,0,0,0.39739003349026014,Low,4647,39.74
PO007085,SUP007,P00071,Avionics,9,12503.52,SITE05,2024-12-09,2025-01-13,2025-01-15,35,37,2,1.31,0.4705,0.0001,Low,1,0,0.39736956274558544,Low,4648,39.74
PO028185,SUP035,P00287,Cabin,14,28934.5,SITE02,2024-09-23,2024-11-03,2024-11-07,41,45,4,1.24,0.4425,0.0016,Low,1,0,0.3971577165892678,Low,4649,39.72
PO018157,SUP019,P00185,Hydraulics,3,1102.44,SITE02,2022-01-10,2022-02-01,2022-02-02,22,23,1,1.9,0.6,0.0,Low,1,0,0.397086072721808,Low,4650,39.71
PO029639,SUP035,P00300,Fasteners,9,30159.54,SITE06,2022-10-31,2022-11-28,2022-11-30,28,30,2,1.53,0.4663,0.0,Low,1,0,0.3970538751372086,Low,4651,39.71
PO025057,SUP017,P00258,LandingGear,15,45485.7,SITE02,2022-09-05,2022-09-23,2022-09-20,18,15,-3,1.14,0.4286,0.0003,Low,0,0,0.39699505604710933,Low,4652,39.7
PO026639,SUP036,P00272,Avionics,25,5056.5,SITE01,2024-05-20,2024-07-15,2024-07-18,56,59,3,1.22,0.418,0.0016,Low,1,0,0.39699266552947576,Low,4653,39.7
PO021168,SUP008,P00216,Avionics,3,920.58,SITE03,2023-05-08,2023-06-06,2023-06-08,29,31,2,1.25,0.4457,0.001,Low,1,0,0.3969481746861057,Low,4654,39.69
PO003534,SUP017,P00038,Fasteners,17,19449.36,SITE01,2024-04-29,2024-05-18,2024-05-18,19,19,0,1.1,0.4097,0.0008,Low,0,0,0.3969395328479223,Low,4655,39.69
PO020345,SUP011,P00206,Fasteners,9,4436.64,SITE04,2023-07-10,2023-08-20,2023-08-28,41,49,8,1.19,0.4083,0.0008,Low,1,0,0.39688501317007574,Low,4656,39.69
PO011588,SUP034,P00117,Engine,2,2512.46,SITE04,2022-03-21,2022-05-14,2022-05-13,54,53,-1,1.2,0.4318,0.0,Low,0,0,0.3968446055582503,Low,4657,39.68
PO010859,SUP029,P00109,Engine,2,1600.04,SITE01,2022-02-28,2022-04-25,2022-04-27,56,58,2,1.13,0.3667,0.0147,Low,1,0,0.39681182442006974,Low,4658,39.68
PO023761,SUP019,P00242,Electrical,27,27180.63,SITE06,2024-04-15,2024-05-08,2024-05-09,23,24,1,1.18,0.4313,0.0019,Low,1,0,0.39670915635497067,Low,4659,39.67
PO011293,SUP008,P00115,Cabin,16,47331.68,SITE03,2024-04-15,2024-05-28,2024-05-30,43,45,2,1.13,0.4208,0.0012,Low,1,0,0.3966864001618398,Low,4660,39.67
PO007088,SUP007,P00071,Avionics,6,8335.68,SITE06,2022-05-09,2022-06-13,2022-06-18,35,40,5,1.47,0.4767,0.0,Low,1,0,0.3965902262709919,Low,4661,39.66
PO003936,SUP017,P00041,Fasteners,28,19621.84,SITE01,2023-08-14,2023-09-06,2023-09-03,23,20,-3,1.09,0.425,0.0006,Low,0,0,0.39655970954505565,Low,4662,39.66
PO017416,SUP034,P00176,Fasteners,23,13815.87,SITE06,2024-05-27,2024-07-05,2024-07-07,39,41,2,1.27,0.4577,0.0013,Low,1,0,0.39650373787798854,Low,4663,39.65
PO014106,SUP031,P00142,LandingGear,16,8984.8,SITE06,2024-03-25,2024-04-28,2024-04-25,34,31,-3,1.28,0.4316,0.0007,Low,0,0,0.3962458979586927,Low,4664,39.62
PO012964,SUP017,P00131,Engine,2,794.98,SITE04,2022-10-31,2022-12-13,2022-12-15,43,45,2,1.15,0.4302,0.0004,Low,1,0,0.3962050894471335,Low,4665,39.62
PO017386,SUP034,P00176,Fasteners,2,1201.38,SITE05,2024-11-18,2024-12-31,2025-01-04,43,47,4,1.25,0.4462,0.0019,Low,1,0,0.39616841826366633,Low,4666,39.62
PO021786,SUP010,P00221,Electrical,10,18602.7,SITE06,2022-08-22,2022-09-12,2022-09-12,21,21,0,1.39,0.4926,0.0004,Low,0,0,0.39614724146593155,Low,4667,39.61
PO025556,SUP029,P00263,Structure,5,4268.2,SITE03,2024-02-05,2024-03-14,2024-03-12,38,36,-2,1.24,0.4372,0.001,Low,0,0,0.39610745543665327,Low,4668,39.61
PO025117,SUP017,P00258,LandingGear,6,18194.28,SITE06,2022-04-18,2022-05-04,2022-05-06,16,18,2,1.17,0.3966,0.0,Low,1,0,0.3960853831312357,Low,4669,39.61
PO007105,SUP007,P00071,Avionics,20,27785.6,SITE06,2023-09-04,2023-10-09,2023-10-11,35,37,2,1.32,0.4694,0.0002,Low,1,0,0.39590149161598304,Low,4670,39.59
PO025102,SUP017,P00258,LandingGear,14,42453.32,SITE04,2024-11-18,2024-12-06,2024-12-05,18,17,-1,1.11,0.4143,0.0007,Low,0,0,0.3958114387033131,Low,4671,39.58
PO004331,SUP019,P00045,Fasteners,6,24270.9,SITE03,2023-06-19,2023-07-16,2023-07-14,27,25,-2,1.09,0.403,0.0015,Low,0,0,0.39578351583886806,Low,4672,39.58
PO007264,SUP035,P00073,Avionics,12,41131.8,SITE06,2023-08-07,2023-09-13,2023-09-11,37,35,-2,1.32,0.4429,0.0025,Low,0,0,0.39565297049136383,Low,4673,39.57
PO009454,SUP011,P00094,LandingGear,10,19204.7,SITE04,2024-06-24,2024-07-24,2024-07-21,30,27,-3,1.24,0.425,0.0009,Low,0,0,0.3955485650045582,Low,4674,39.55
PO005796,SUP036,P00059,Cabin,34,40254.98,SITE04,2022-02-28,2022-04-17,2022-04-16,48,47,-1,1.13,0.4516,0.0,Low,0,0,0.3955132813484644,Low,4675,39.55
PO021501,SUP017,P00218,Cabin,21,49145.25,SITE03,2024-11-18,2024-12-27,2024-12-24,39,36,-3,1.11,0.4145,0.0007,Low,0,0,0.395329557445691,Low,4676,39.53
PO018814,SUP017,P00192,Structure,5,2493.05,SITE04,2022-01-24,2022-02-20,2022-02-22,27,29,2,0.86,0.3103,0.0,Low,1,0,0.39523035545208063,Low,4677,39.52
PO029599,SUP035,P00300,Fasteners,6,20106.36,SITE04,2022-09-19,2022-10-20,2022-10-24,31,35,4,1.41,0.4485,0.0,Low,1,0,0.3950755362126061,Low,4678,39.51
PO020030,SUP032,P00204,Fasteners,13,23782.46,SITE01,2022-08-01,2022-09-08,2022-09-06,38,36,-2,0.99,0.4222,0.0012,Low,0,0,0.39501888237493,Low,4679,39.5
PO018865,SUP017,P00192,Structure,12,5983.32,SITE06,2023-03-27,2023-04-18,2023-04-20,22,24,2,1.1,0.4301,0.0006,Low,1,0,0.3947542928632161,Low,4680,39.48
PO024630,SUP034,P00254,Hydraulics,16,11844.16,SITE04,2023-05-01,2023-06-04,2023-06-09,34,39,5,1.2,0.4481,0.0022,Low,1,0,0.3947454658470792,Low,4681,39.47
PO024644,SUP034,P00254,Hydraulics,15,11103.9,SITE05,2023-01-23,2023-03-03,2023-03-06,39,42,3,1.22,0.4595,0.0019,Low,1,0,0.3947420043124989,Low,4682,39.47
PO008987,SUP031,P00089,Cabin,5,6286.05,SITE04,2024-06-24,2024-08-12,2024-08-11,49,48,-1,1.27,0.4399,0.0006,Low,0,0,0.3947197770575682,Low,4683,39.47
PO023915,SUP009,P00245,LandingGear,27,33624.45,SITE02,2023-05-08,2023-06-17,2023-06-23,40,46,6,2.26,0.6801,0.0009,Medium,1,0,0.39403632225291324,Low,4684,39.4
PO011252,SUP008,P00115,Cabin,5,14791.15,SITE02,2022-05-02,2022-06-14,2022-06-16,43,45,2,1.38,0.4681,0.0,Low,1,0,0.39397389104644953,Low,4685,39.4
PO017734,SUP031,P00180,LandingGear,9,24830.37,SITE05,2023-03-06,2023-04-05,2023-04-05,30,30,0,1.16,0.4033,0.0003,Low,0,0,0.3938049805990456,Low,4686,39.38
PO017313,SUP034,P00176,Fasteners,12,7208.28,SITE02,2024-11-11,2024-12-26,2024-12-24,45,43,-2,1.26,0.4519,0.0019,Low,0,0,0.39372948140620545,Low,4687,39.37
PO017312,SUP034,P00176,Fasteners,19,11413.11,SITE02,2024-11-04,2024-12-19,2024-12-16,45,42,-3,1.27,0.4544,0.002,Low,0,0,0.39364559836647134,Low,4688,39.36
PO021357,SUP007,P00217,Fasteners,21,14516.88,SITE04,2023-05-15,2023-06-22,2023-06-21,38,37,-1,1.34,0.4704,0.0,Low,0,0,0.3933131807157686,Low,4689,39.33
PO029588,SUP035,P00300,Fasteners,9,30159.54,SITE04,2022-01-10,2022-02-10,2022-02-12,31,33,2,1.8,0.5,0.0,Low,1,0,0.3932310837642065,Low,4690,39.32
PO023087,SUP004,P00234,Electrical,7,32269.86,SITE06,2022-08-15,2022-09-11,2022-09-11,27,27,0,1.14,0.4553,0.0014,Low,0,0,0.39322418334006415,Low,4691,39.32
PO001380,SUP030,P00011,Fasteners,11,5918.22,SITE04,2024-04-15,2024-05-25,2024-05-22,40,37,-3,1.18,0.4249,0.0008,Low,0,0,0.39315709136883464,Low,4692,39.32
PO023096,SUP004,P00234,Electrical,8,36879.84,SITE06,2023-11-13,2023-12-15,2023-12-15,32,32,0,1.18,0.4558,0.0006,Low,0,0,0.39300633189744716,Low,4693,39.3
PO003713,SUP008,P00039,LandingGear,8,12792.24,SITE04,2022-05-02,2022-06-01,2022-06-06,30,35,5,1.3,0.4565,0.0,Low,1,0,0.39297085931919606,Low,4694,39.3
PO009775,SUP029,P00099,Engine,1,1205.13,SITE03,2023-05-15,2023-07-08,2023-07-11,54,57,3,1.2,0.4304,0.0008,Low,1,0,0.3927771196647166,Low,4695,39.28
PO025889,SUP020,P00266,Fasteners,14,18941.02,SITE06,2022-05-02,2022-05-30,2022-05-28,28,26,-2,1.06,0.4375,0.0,Low,0,0,0.3925949981832739,Low,4696,39.26
PO027404,SUP022,P00278,Fasteners,5,27229.55,SITE03,2022-08-29,2022-09-22,2022-09-23,24,25,1,0.97,0.3571,0.0,Low,1,0,0.3925750120909256,Low,4697,39.26
PO018644,SUP007,P00190,Structure,2,8460.64,SITE05,2022-02-21,2022-03-23,2022-03-22,30,29,-1,1.37,0.4333,0.0,Low,0,0,0.39249219724878204,Low,4698,39.25
PO015631,SUP019,P00157,LandingGear,17,42560.18,SITE04,2024-03-04,2024-03-27,2024-04-02,23,29,6,1.15,0.418,0.0018,Low,1,0,0.3921976996539698,Low,4699,39.22
PO011648,SUP035,P00118,Engine,4,1411.04,SITE03,2023-08-07,2023-09-13,2023-09-12,37,36,-1,1.31,0.4417,0.0025,Low,0,0,0.3920965567637015,Low,4700,39.21
PO019164,SUP036,P00195,LandingGear,3,26551.68,SITE06,2023-04-17,2023-05-23,2023-05-21,36,34,-2,1.18,0.4258,0.0029,Low,0,0,0.3920903123946909,Low,4701,39.21
PO007473,SUP012,P00077,Fasteners,7,25273.57,SITE01,2024-01-22,2024-02-26,2024-02-26,35,35,0,1.0,0.4023,0.0005,Low,0,0,0.39195645852340466,Low,4702,39.2
PO008957,SUP031,P00089,Cabin,8,10057.68,SITE03,2023-07-24,2023-09-14,2023-09-11,52,49,-3,1.22,0.4094,0.0005,Low,0,0,0.3919065300733843,Low,4703,39.19
PO016463,SUP035,P00166,Engine,7,2591.33,SITE04,2023-05-08,2023-06-07,2023-06-06,30,29,-1,1.37,0.4534,0.0029,Low,0,0,0.3918530235044686,Low,4704,39.19
PO027973,SUP004,P00285,Fasteners,14,12775.84,SITE01,2023-12-04,2024-01-16,2024-01-15,43,42,-1,1.19,0.4531,0.0006,Low,0,0,0.3916578372993688,Low,4705,39.17
PO008740,SUP022,P00086,Cabin,44,57403.72,SITE06,2023-10-23,2023-11-28,2023-11-28,36,36,0,1.14,0.4279,0.0003,Low,0,0,0.39163041044899266,Low,4706,39.16
PO022515,SUP001,P00227,LandingGear,12,8871.24,SITE04,2024-12-16,2025-01-27,2025-01-29,42,44,2,1.18,0.4176,0.0004,Low,1,0,0.39161581504324033,Low,4707,39.16
PO024560,SUP028,P00253,Hydraulics,7,3645.88,SITE04,2024-08-26,2024-09-21,2024-09-18,26,23,-3,1.08,0.4037,0.0009,Low,0,0,0.39154225802674836,Low,4708,39.15
PO018319,SUP012,P00187,Structure,7,6658.19,SITE01,2022-09-12,2022-10-05,2022-10-05,23,23,0,0.98,0.3964,0.0003,Low,0,0,0.3915232709042055,Low,4709,39.15
PO008131,SUP037,P00082,Electrical,7,21992.53,SITE05,2024-06-10,2024-07-06,2024-07-05,26,25,-1,1.2,0.4356,0.0012,Low,0,0,0.3914786173592443,Low,4710,39.15
PO025533,SUP029,P00263,Structure,11,9390.04,SITE01,2024-12-16,2025-01-23,2025-01-25,38,40,2,1.2,0.4296,0.0008,Low,1,0,0.39131828510871847,Low,4711,39.13
PO028332,SUP031,P00288,Electrical,3,2899.26,SITE04,2023-03-06,2023-03-29,2023-04-05,23,30,7,1.16,0.402,0.0003,Low,1,0,0.39127985688986167,Low,4712,39.13
PO027465,SUP022,P00278,Fasteners,13,70796.83,SITE06,2022-04-11,2022-05-03,2022-04-30,22,19,-3,0.82,0.35,0.0,Low,0,0,0.39125523876981616,Low,4713,39.13
PO026409,SUP011,P00269,Avionics,7,5560.87,SITE05,2022-06-06,2022-07-27,2022-07-26,51,50,-1,1.13,0.3412,0.0,Low,0,0,0.3911276142213641,Low,4714,39.11
PO028697,SUP030,P00293,Hydraulics,2,1538.24,SITE03,2024-02-12,2024-03-28,2024-03-25,45,42,-3,1.16,0.4227,0.0007,Low,0,0,0.3910136917346219,Low,4715,39.1
PO019142,SUP036,P00195,LandingGear,7,61953.92,SITE04,2022-03-07,2022-04-06,2022-04-11,30,35,5,1.05,0.4211,0.0,Low,1,0,0.3909642973076694,Low,4716,39.1
PO020150,SUP032,P00204,Fasteners,25,45735.5,SITE06,2023-07-24,2023-08-29,2023-08-26,36,33,-3,0.88,0.3362,0.002,Low,0,0,0.390911423994674,Low,4717,39.09
PO024283,SUP031,P00249,Hydraulics,2,991.46,SITE02,2022-04-11,2022-05-28,2022-05-26,47,45,-2,1.29,0.3974,0.002,Low,0,0,0.3908052788425791,Low,4718,39.08
PO028315,SUP031,P00288,Electrical,3,2899.26,SITE01,2023-12-18,2024-01-11,2024-01-14,24,27,3,1.25,0.4256,0.0006,Low,1,0,0.39075827685039943,Low,4719,39.08
PO017699,SUP031,P00180,LandingGear,5,13794.65,SITE02,2023-05-15,2023-06-17,2023-06-14,33,30,-3,1.21,0.4075,0.0003,Low,0,0,0.39058050545097583,Low,4720,39.06
PO025895,SUP020,P00266,Fasteners,48,64940.64,SITE06,2023-01-30,2023-02-26,2023-02-27,27,28,1,1.01,0.3697,0.0005,Low,1,0,0.39057350910737637,Low,4721,39.06
PO024516,SUP028,P00253,Hydraulics,2,1041.68,SITE02,2023-12-11,2024-01-03,2024-01-01,23,21,-2,1.05,0.4049,0.0011,Low,0,0,0.3905241343277095,Low,4722,39.05
PO024548,SUP028,P00253,Hydraulics,21,10937.64,SITE04,2023-07-03,2023-07-27,2023-07-28,24,25,1,0.96,0.3904,0.001,Low,1,0,0.3904992339058693,Low,4723,39.05
PO025590,SUP029,P00263,Structure,5,4268.2,SITE05,2022-09-05,2022-10-14,2022-10-13,39,38,-1,1.17,0.4238,0.0015,Low,0,0,0.390470273329711,Low,4724,39.05
PO027948,SUP001,P00284,Fasteners,10,28275.7,SITE06,2023-10-23,2023-12-15,2023-12-12,53,50,-3,1.23,0.4243,0.0007,Low,0,0,0.39042252136828903,Low,4725,39.04
PO001740,SUP031,P00017,Cabin,8,51699.76,SITE01,2022-06-13,2022-07-29,2022-07-31,46,48,2,1.16,0.3852,0.0008,Low,1,0,0.39034717906407995,Low,4726,39.03
PO024531,SUP028,P00253,Hydraulics,2,1041.68,SITE03,2024-07-15,2024-08-04,2024-08-08,20,24,4,1.08,0.4059,0.0009,Low,1,0,0.3903365222877164,Low,4727,39.03
PO014522,SUP020,P00146,Electrical,7,29856.26,SITE05,2022-04-18,2022-05-02,2022-05-01,14,13,-1,1.14,0.4545,0.0,Low,0,0,0.39022337117646233,Low,4728,39.02
PO006553,SUP035,P00066,Fasteners,5,5194.5,SITE06,2024-09-16,2024-10-18,2024-10-21,32,35,3,1.24,0.4427,0.0016,Low,1,0,0.3901756320325033,Low,4729,39.02
PO026797,SUP037,P00273,Fasteners,10,19116.3,SITE01,2022-10-24,2022-11-25,2022-11-22,32,29,-3,1.28,0.4661,0.0023,Low,0,0,0.3900809371875009,Low,4730,39.01
PO004249,SUP017,P00044,Hydraulics,13,15893.41,SITE04,2022-11-28,2022-12-23,2022-12-24,25,26,1,1.12,0.4301,0.0006,Low,1,0,0.38993366856554784,Low,4731,38.99
PO021465,SUP017,P00218,Cabin,4,9361.0,SITE02,2023-10-09,2023-11-16,2023-11-17,38,39,1,1.09,0.4209,0.0005,Low,1,0,0.38984299715629633,Low,4732,38.98
PO018850,SUP017,P00192,Structure,8,3988.88,SITE05,2024-03-18,2024-04-10,2024-04-13,23,26,3,1.09,0.4104,0.0008,Low,1,0,0.38984145675595483,Low,4733,38.98
PO004240,SUP017,P00044,Hydraulics,6,7335.42,SITE03,2023-12-25,2024-01-20,2024-01-20,26,26,0,1.07,0.4128,0.0008,Low,0,0,0.389826980590216,Low,4734,38.98
PO008867,SUP029,P00088,Structure,19,33643.87,SITE04,2023-01-09,2023-02-08,2023-02-13,30,35,5,1.14,0.4118,0.0007,Low,1,0,0.38981162271027303,Low,4735,38.98
PO017647,SUP028,P00179,Electrical,3,1932.15,SITE03,2024-07-08,2024-07-19,2024-07-16,11,8,-3,1.1,0.4108,0.0009,Low,0,0,0.38978101655006786,Low,4736,38.98
PO016973,SUP019,P00173,Structure,10,9715.5,SITE04,2024-05-06,2024-06-05,2024-06-15,30,40,10,1.17,0.4318,0.0018,Low,1,0,0.3895049828033364,Low,4737,38.95
PO021182,SUP008,P00216,Avionics,19,5830.34,SITE04,2022-03-21,2022-04-17,2022-04-18,27,28,1,1.48,0.4839,0.0,Low,1,0,0.3894066760925538,Low,4738,38.94
PO007784,SUP012,P00079,Electrical,43,57306.1,SITE06,2023-10-16,2023-11-05,2023-11-12,20,27,7,1.0,0.4,0.0005,Low,1,0,0.38940516985751716,Low,4739,38.94
PO020653,SUP019,P00211,Fasteners,4,4797.36,SITE05,2022-10-17,2022-11-24,2022-11-21,38,35,-3,1.25,0.4358,0.0018,Low,0,0,0.38919613523623153,Low,4740,38.92
PO018635,SUP007,P00190,Structure,13,54994.16,SITE04,2023-06-05,2023-07-02,2023-06-29,27,24,-3,1.31,0.4652,0.0,Low,0,0,0.3891831513341979,Low,4741,38.92
PO027964,SUP004,P00285,Fasteners,8,7300.48,SITE01,2022-10-10,2022-11-23,2022-11-24,44,45,1,1.23,0.4684,0.0011,Low,1,0,0.3890287316478892,Low,4742,38.9
PO014544,SUP020,P00146,Electrical,3,12795.54,SITE06,2023-08-14,2023-08-27,2023-08-25,13,11,-2,1.08,0.3871,0.0011,Low,0,0,0.38900138028987336,Low,4743,38.9
PO012916,SUP010,P00130,Structure,8,8450.24,SITE04,2022-12-19,2023-01-11,2023-01-13,23,25,2,1.38,0.4583,0.0005,Low,1,0,0.38894994874906563,Low,4744,38.89
PO011974,SUP035,P00121,Avionics,59,17484.65,SITE04,2024-04-01,2024-04-27,2024-04-29,26,28,2,1.27,0.4466,0.0019,Low,1,0,0.3889433433237825,Low,4745,38.89
PO026702,SUP036,P00272,Avionics,64,12944.64,SITE04,2022-02-14,2022-04-04,2022-04-01,49,46,-3,1.26,0.4815,0.0,Low,0,0,0.3887856633797993,Low,4746,38.88
PO017736,SUP031,P00180,LandingGear,3,8276.79,SITE05,2023-09-25,2023-10-24,2023-10-24,29,29,0,1.28,0.4248,0.0004,Low,0,0,0.3887731091294903,Low,4747,38.88
PO011632,SUP035,P00118,Engine,7,2469.32,SITE01,2023-09-25,2023-11-04,2023-11-03,40,39,-1,1.26,0.4253,0.0023,Low,0,0,0.3887381535270983,Low,4748,38.87
PO020085,SUP032,P00204,Fasteners,10,18294.2,SITE04,2022-05-23,2022-06-20,2022-06-21,28,29,1,1.07,0.4478,0.002,Low,1,0,0.3887373791307748,Low,4749,38.87
PO021211,SUP008,P00216,Avionics,25,7671.5,SITE04,2024-11-04,2024-12-06,2024-12-07,32,33,1,1.15,0.44,0.0011,Low,1,0,0.3883399352479442,Low,4750,38.83
PO021463,SUP017,P00218,Cabin,7,16381.75,SITE02,2023-08-14,2023-09-24,2023-09-27,41,44,3,1.08,0.4222,0.0006,Low,1,0,0.3881436125299682,Low,4751,38.81
PO009390,SUP030,P00093,Engine,7,3563.28,SITE06,2023-12-04,2024-01-19,2024-01-24,46,51,5,1.18,0.425,0.0006,Low,1,0,0.3881081101156242,Low,4752,38.81
PO014681,SUP019,P00148,Fasteners,3,36186.36,SITE06,2022-07-04,2022-08-03,2022-08-04,30,31,1,1.27,0.4397,0.0,Low,1,0,0.38808734516255106,Low,4753,38.81
PO018841,SUP017,P00192,Structure,3,1495.83,SITE05,2022-10-10,2022-11-06,2022-11-06,27,27,0,1.13,0.4214,0.0005,Low,0,0,0.3878915001554214,Low,4754,38.79
PO008290,SUP030,P00083,Fasteners,15,9507.15,SITE05,2024-09-30,2024-11-04,2024-11-01,35,32,-3,1.2,0.4242,0.0009,Low,0,0,0.3878302485747296,Low,4755,38.78
PO001308,SUP030,P00011,Fasteners,7,3766.14,SITE01,2024-08-26,2024-10-04,2024-10-06,39,41,2,1.2,0.4224,0.0009,Low,1,0,0.3877129758845199,Low,4756,38.77
PO001631,SUP022,P00016,LandingGear,4,8176.6,SITE01,2023-06-05,2023-06-21,2023-06-19,16,14,-2,1.06,0.4129,0.0004,Low,0,0,0.38758824309625184,Low,4757,38.76
PO020856,SUP029,P00213,Avionics,14,5245.38,SITE02,2023-08-14,2023-09-17,2023-09-19,34,36,2,1.21,0.4309,0.0006,Low,1,0,0.3875796871979031,Low,4758,38.76
PO011880,SUP035,P00121,Avionics,7,2074.45,SITE01,2022-06-20,2022-07-18,2022-07-17,28,27,-1,1.44,0.46,0.0,Low,0,0,0.38743284305573394,Low,4759,38.74
PO008918,SUP029,P00088,Structure,8,14165.84,SITE06,2024-03-11,2024-04-13,2024-04-15,33,35,2,1.22,0.4309,0.001,Low,1,0,0.38742080926307004,Low,4760,38.74
PO002874,SUP036,P00029,Structure,2,8393.92,SITE02,2023-10-23,2023-11-26,2023-11-26,34,34,0,1.14,0.4033,0.0022,Low,0,0,0.38741250559798457,Low,4761,38.74
PO007651,SUP012,P00078,Electrical,6,9914.16,SITE05,2024-01-01,2024-01-18,2024-01-19,17,18,1,1.01,0.4021,0.0005,Low,1,0,0.3873623070338018,Low,4762,38.74
PO002429,SUP030,P00025,Structure,17,7646.6,SITE04,2024-01-29,2024-03-07,2024-03-06,38,37,-1,1.17,0.4237,0.0007,Low,0,0,0.38731519604304926,Low,4763,38.73
PO014844,SUP028,P00149,Fasteners,17,34743.07,SITE06,2024-03-25,2024-04-23,2024-04-23,29,29,0,1.06,0.4037,0.0009,Low,0,0,0.3872901631223101,Low,4764,38.73
PO022619,SUP001,P00229,Hydraulics,8,3895.28,SITE04,2022-01-24,2022-03-07,2022-03-07,42,42,0,1.21,0.4211,0.0,Low,0,0,0.3872366505549817,Low,4765,38.72
PO012249,SUP029,P00123,Cabin,7,21005.11,SITE03,2023-11-27,2024-01-08,2024-01-08,42,42,0,1.23,0.4319,0.0009,Low,0,0,0.3871821516243095,Low,4766,38.72
PO019352,SUP040,P00198,LandingGear,21,24484.95,SITE04,2022-10-24,2022-11-29,2022-12-02,36,39,3,2.21,0.66,0.0015,Medium,1,0,0.3871525880768098,Low,4767,38.72
PO000235,SUP028,P00002,Cabin,4,2683.36,SITE05,2023-12-04,2023-12-31,2024-01-02,27,29,2,1.04,0.4054,0.0011,Low,1,0,0.3871354616244322,Low,4768,38.71
PO023681,SUP019,P00242,Electrical,21,21140.49,SITE03,2022-10-10,2022-10-31,2022-10-31,21,21,0,1.24,0.4368,0.0018,Low,0,0,0.38712506981659867,Low,4769,38.71
PO024527,SUP028,P00253,Hydraulics,4,2083.36,SITE03,2022-10-10,2022-11-07,2022-11-13,28,34,6,0.91,0.3843,0.0009,Low,1,0,0.38701857633107634,Low,4770,38.7
PO001159,SUP012,P00009,Structure,5,15062.35,SITE04,2022-02-14,2022-03-09,2022-03-14,23,28,5,0.7,0.3,0.0,Low,1,0,0.38698095591393644,Low,4771,38.7
PO000071,SUP004,P00001,Electrical,13,30204.85,SITE06,2022-05-23,2022-06-22,2022-06-20,30,28,-2,1.13,0.4348,0.0,Low,0,0,0.3869283553231032,Low,4772,38.69
PO012374,SUP020,P00124,Electrical,8,8149.76,SITE02,2024-02-19,2024-03-09,2024-03-08,19,18,-1,1.04,0.3894,0.001,Low,0,0,0.38669185637218767,Low,4773,38.67
PO018388,SUP012,P00187,Structure,9,8560.53,SITE04,2024-07-15,2024-08-12,2024-08-14,28,30,2,1.07,0.4113,0.0007,Low,1,0,0.38667848425811024,Low,4774,38.67
PO012446,SUP020,P00124,Electrical,21,21393.12,SITE06,2024-03-18,2024-04-03,2024-03-31,16,13,-3,1.04,0.391,0.001,Low,0,0,0.38662153795135074,Low,4775,38.66
PO023776,SUP008,P00243,LandingGear,2,36956.0,SITE02,2023-10-23,2023-11-12,2023-11-13,20,21,1,1.19,0.4282,0.0012,Low,1,0,0.3865802295759455,Low,4776,38.66
PO026200,SUP036,P00268,Cabin,33,14104.2,SITE03,2024-06-03,2024-07-15,2024-07-17,42,44,2,1.21,0.4159,0.0016,Low,1,0,0.3865244798825018,Low,4777,38.65
PO006268,SUP007,P00063,Avionics,27,9705.15,SITE05,2023-05-08,2023-06-12,2023-06-13,35,36,1,1.35,0.4657,0.0,Low,1,0,0.38622577689800136,Low,4778,38.62
PO018977,SUP017,P00193,Electrical,5,7024.8,SITE06,2024-10-07,2024-10-28,2024-10-27,21,20,-1,1.11,0.4143,0.0007,Low,0,0,0.3860992480362143,Low,4779,38.61
PO003711,SUP008,P00039,LandingGear,13,20787.39,SITE04,2022-03-07,2022-04-06,2022-04-05,30,29,-1,1.5,0.5,0.0,Low,0,0,0.3860013462665798,Low,4780,38.6
PO014750,SUP028,P00149,Fasteners,4,8174.84,SITE03,2022-09-19,2022-10-19,2022-10-20,30,31,1,0.94,0.3935,0.0009,Low,1,0,0.38599281547345166,Low,4781,38.6
PO020458,SUP036,P00208,Hydraulics,2,5619.08,SITE02,2022-01-17,2022-03-04,2022-03-01,46,43,-3,1.67,0.6667,0.0,Low,0,0,0.38598343068170643,Low,4782,38.6
PO025099,SUP017,P00258,LandingGear,15,45485.7,SITE04,2024-06-24,2024-07-15,2024-07-13,21,19,-2,1.1,0.4094,0.0008,Low,0,0,0.3858945308267651,Low,4783,38.59
PO017387,SUP034,P00176,Fasteners,4,2402.76,SITE05,2024-12-02,2025-01-14,2025-01-14,43,43,0,1.25,0.4444,0.0019,Low,0,0,0.3858323260022693,Low,4784,38.58
PO008141,SUP037,P00082,Electrical,22,69119.38,SITE06,2022-10-17,2022-11-15,2022-11-14,29,28,-1,1.27,0.4646,0.0024,Low,0,0,0.38567225681364464,Low,4785,38.57
PO023090,SUP004,P00234,Electrical,7,32269.86,SITE06,2023-03-20,2023-04-16,2023-04-15,27,26,-1,1.17,0.4556,0.001,Low,0,0,0.38565250759051534,Low,4786,38.57
PO009362,SUP030,P00093,Engine,14,7126.56,SITE04,2022-07-11,2022-08-24,2022-08-29,44,49,5,1.28,0.4575,0.0004,Low,1,0,0.385619426456547,Low,4787,38.56
PO009478,SUP011,P00094,LandingGear,11,21125.17,SITE06,2022-02-28,2022-03-27,2022-03-26,27,26,-1,1.38,0.4062,0.0,Low,0,0,0.3853505031915314,Low,4788,38.54
PO025297,SUP010,P00261,Electrical,9,38200.5,SITE02,2022-12-12,2023-01-10,2023-01-10,29,29,0,1.39,0.4628,0.0005,Low,0,0,0.38529171237887866,Low,4789,38.53
PO027925,SUP001,P00284,Fasteners,5,14137.85,SITE05,2023-04-17,2023-06-06,2023-06-07,50,51,1,1.18,0.4397,0.001,Low,1,0,0.3852445289140593,Low,4790,38.52
PO025444,SUP030,P00262,Structure,18,7368.3,SITE04,2022-07-18,2022-08-18,2022-08-22,31,35,4,1.29,0.4619,0.0004,Low,1,0,0.3851260506163574,Low,4791,38.51
PO020919,SUP034,P00214,Fasteners,11,10273.34,SITE01,2023-10-09,2023-11-18,2023-11-21,40,43,3,1.2,0.4533,0.0017,Low,1,0,0.3849951199836571,Low,4792,38.5
PO020627,SUP019,P00211,Fasteners,2,2398.68,SITE03,2024-03-11,2024-04-12,2024-04-13,32,33,1,1.17,0.426,0.0018,Low,1,0,0.3849658094030413,Low,4793,38.5
PO014349,SUP031,P00144,Fasteners,15,17941.8,SITE04,2022-07-18,2022-08-17,2022-08-14,30,27,-3,1.17,0.3701,0.0007,Low,0,0,0.3848690000156657,Low,4794,38.49
PO014836,SUP028,P00149,Fasteners,26,53136.46,SITE06,2023-10-16,2023-11-12,2023-11-11,27,26,-1,1.05,0.4124,0.001,Low,0,0,0.38484415507264,Low,4795,38.48
PO026170,SUP036,P00268,Cabin,13,5556.2,SITE02,2024-02-12,2024-03-31,2024-03-31,48,48,0,1.22,0.4147,0.0019,Low,0,0,0.38484166620833554,Low,4796,38.48
PO014925,SUP010,P00150,Fasteners,4,8335.56,SITE05,2023-05-01,2023-06-04,2023-06-03,34,33,-1,1.38,0.4515,0.0003,Low,0,0,0.38483480184402574,Low,4797,38.48
PO028379,SUP004,P00289,Structure,20,7128.6,SITE02,2023-01-02,2023-02-06,2023-02-04,35,33,-2,1.18,0.4775,0.0012,Low,0,0,0.38479193838075254,Low,4798,38.48
PO028048,SUP004,P00285,Fasteners,12,10950.72,SITE05,2023-06-12,2023-07-24,2023-07-23,42,41,-1,1.16,0.4554,0.0008,Low,0,0,0.3846654593876207,Low,4799,38.47
PO011623,SUP034,P00117,Engine,18,22612.14,SITE06,2024-05-20,2024-07-10,2024-07-13,51,54,3,1.26,0.4518,0.0013,Low,1,0,0.38458957363932295,Low,4800,38.46
PO017412,SUP034,P00176,Fasteners,20,12013.8,SITE06,2024-04-01,2024-05-07,2024-05-12,36,41,5,1.24,0.4518,0.0014,Low,1,0,0.3845284757728065,Low,4801,38.45
PO028053,SUP004,P00285,Fasteners,11,10038.16,SITE05,2023-11-06,2023-12-24,2023-12-22,48,46,-2,1.19,0.4589,0.0006,Low,0,0,0.3843232384568411,Low,4802,38.43
PO008822,SUP029,P00088,Structure,15,26560.95,SITE01,2023-11-06,2023-12-10,2023-12-08,34,32,-2,1.24,0.4323,0.001,Low,0,0,0.3842814410253822,Low,4803,38.43
PO011576,SUP034,P00117,Engine,3,3768.69,SITE02,2024-01-22,2024-03-06,2024-03-09,44,47,3,1.23,0.4518,0.0015,Low,1,0,0.3842026765773761,Low,4804,38.42
PO027497,SUP012,P00279,Fasteners,2,21988.06,SITE02,2023-12-11,2024-01-12,2024-01-09,32,29,-3,1.01,0.4024,0.0005,Low,0,0,0.38403261284425283,Low,4805,38.4
PO010831,SUP017,P00108,Cabin,34,20458.48,SITE06,2022-11-07,2022-12-15,2022-12-12,38,35,-3,1.15,0.437,0.0004,Low,0,0,0.3839359247520304,Low,4806,38.39
PO006841,SUP037,P00069,Avionics,6,12444.42,SITE05,2024-03-04,2024-04-06,2024-04-08,33,35,2,1.23,0.4428,0.0009,Low,1,0,0.3837548954632914,Low,4807,38.38
PO020233,SUP010,P00205,LandingGear,11,10191.17,SITE04,2022-12-12,2023-01-06,2023-01-03,25,22,-3,1.4,0.4658,0.0005,Low,0,0,0.38347263046983776,Low,4808,38.35
PO026965,SUP004,P00274,Avionics,22,4819.54,SITE02,2022-05-30,2022-07-09,2022-07-08,40,39,-1,1.04,0.4231,0.0,Low,0,0,0.38343443173426195,Low,4809,38.34
PO024256,SUP027,P00248,Avionics,28,7281.4,SITE06,2023-11-20,2023-12-30,2023-12-28,40,38,-2,2.5,0.6904,0.0006,Medium,0,0,0.3833777375894334,Low,4810,38.34
PO020339,SUP011,P00206,Fasteners,42,20704.32,SITE04,2023-01-30,2023-03-13,2023-03-16,42,45,3,1.09,0.3897,0.0004,Low,1,0,0.38331428023514985,Low,4811,38.33
PO027036,SUP004,P00274,Avionics,11,2409.77,SITE04,2024-07-22,2024-09-04,2024-09-03,44,43,-1,1.18,0.438,0.0007,Low,0,0,0.38324169921316126,Low,4812,38.32
PO015965,SUP017,P00160,Hydraulics,21,42963.9,SITE04,2024-12-09,2025-01-07,2025-01-04,29,26,-3,1.11,0.4147,0.0007,Low,0,0,0.38321981582901715,Low,4813,38.32
PO002063,SUP007,P00019,Fasteners,20,56765.0,SITE04,2023-03-20,2023-04-27,2023-04-28,38,39,1,1.35,0.4675,0.0,Low,1,0,0.3831520639299597,Low,4814,38.32
PO023691,SUP019,P00242,Electrical,3,3020.07,SITE03,2024-01-22,2024-02-08,2024-02-06,17,15,-2,1.14,0.41,0.0019,Low,0,0,0.38309101923801175,Low,4815,38.31
PO024489,SUP032,P00252,Engine,1,528.44,SITE05,2024-04-15,2024-05-21,2024-05-21,36,36,0,0.98,0.3724,0.0019,Low,0,0,0.3829903151006783,Low,4816,38.3
PO027706,SUP003,P00280,Cabin,33,47444.1,SITE06,2023-08-21,2023-10-12,2023-10-18,52,58,6,2.24,0.6571,0.0,Medium,1,0,0.3828741130730313,Low,4817,38.29
PO012279,SUP029,P00123,Cabin,20,60014.6,SITE04,2023-07-03,2023-08-25,2023-08-29,53,57,4,1.18,0.4298,0.0007,Low,1,0,0.3828507747824842,Low,4818,38.29
PO006833,SUP037,P00069,Avionics,13,26962.91,SITE04,2024-01-29,2024-03-03,2024-03-02,34,33,-1,1.21,0.4435,0.001,Low,0,0,0.38283799468195634,Low,4819,38.28
PO026233,SUP036,P00268,Cabin,17,7265.8,SITE04,2024-02-05,2024-03-23,2024-03-29,47,53,6,1.2,0.4131,0.0019,Low,1,0,0.3826919250268476,Low,4820,38.27
PO010511,SUP022,P00105,Structure,2,689.14,SITE06,2023-03-13,2023-03-31,2023-04-02,18,20,2,1.07,0.4161,0.0003,Low,1,0,0.38261054063896904,Low,4821,38.26
PO022262,SUP032,P00225,LandingGear,7,4823.7,SITE02,2022-05-16,2022-06-10,2022-06-14,25,29,4,1.03,0.4308,0.0022,Low,1,0,0.3825090301433642,Low,4822,38.25
PO006557,SUP031,P00067,LandingGear,14,11034.8,SITE01,2022-11-21,2022-12-19,2022-12-20,28,29,1,1.12,0.381,0.0004,Low,1,0,0.38221650334740204,Low,4823,38.22
PO001376,SUP030,P00011,Fasteners,19,10222.38,SITE04,2023-12-11,2024-01-21,2024-01-18,41,38,-3,1.18,0.4241,0.0006,Low,0,0,0.38207955098348173,Low,4824,38.21
PO014877,SUP010,P00150,Fasteners,5,10419.45,SITE02,2023-12-04,2024-01-07,2024-01-08,34,35,1,1.33,0.4459,0.0005,Low,1,0,0.3819659574255735,Low,4825,38.2
PO003661,SUP008,P00039,LandingGear,2,3198.06,SITE01,2023-01-09,2023-02-01,2023-01-31,23,22,-1,1.31,0.4734,0.0004,Low,0,0,0.3819375349635661,Low,4826,38.19
PO008577,SUP022,P00086,Cabin,13,16960.19,SITE01,2023-05-01,2023-06-07,2023-06-06,37,36,-1,1.09,0.4217,0.0002,Low,0,0,0.3818621216021996,Low,4827,38.19
PO015308,SUP012,P00154,Avionics,9,2083.5,SITE05,2024-01-22,2024-02-22,2024-02-20,31,29,-2,1.0,0.4002,0.0005,Low,0,0,0.38174147246764684,Low,4828,38.17
PO026634,SUP036,P00272,Avionics,9,1820.34,SITE01,2023-09-25,2023-11-13,2023-11-15,49,51,2,1.14,0.4046,0.0023,Low,1,0,0.38173287459519933,Low,4829,38.17
PO006552,SUP035,P00066,Fasteners,8,8311.2,SITE06,2024-09-02,2024-10-04,2024-10-11,32,39,7,1.22,0.44,0.0017,Low,1,0,0.38168564375887065,Low,4830,38.17
PO003132,SUP029,P00032,Electrical,4,3964.48,SITE05,2023-10-16,2023-11-17,2023-11-14,32,29,-3,1.23,0.4364,0.0008,Low,0,0,0.3816852319027589,Low,4831,38.17
PO015573,SUP011,P00156,Cabin,30,116529.6,SITE06,2024-07-08,2024-08-20,2024-08-17,43,40,-3,1.24,0.4239,0.0009,Low,0,0,0.3815407931184527,Low,4832,38.15
PO004868,SUP004,P00050,Structure,9,4034.34,SITE04,2023-11-27,2023-12-29,2023-12-27,32,30,-2,1.18,0.4531,0.0006,Low,0,0,0.3815309427342947,Low,4833,38.15
PO025685,SUP007,P00265,Hydraulics,7,2779.42,SITE02,2022-07-11,2022-08-16,2022-08-15,36,35,-1,1.33,0.4621,0.0,Low,0,0,0.3814217981231865,Low,4834,38.14
PO015918,SUP017,P00160,Hydraulics,6,12275.4,SITE01,2022-05-16,2022-06-17,2022-06-14,32,29,-3,1.28,0.4444,0.0,Low,0,0,0.3812099858514789,Low,4835,38.12
PO024530,SUP028,P00253,Hydraulics,3,1562.52,SITE03,2024-01-08,2024-02-01,2024-02-01,24,24,0,1.06,0.404,0.001,Low,0,0,0.38108425525092177,Low,4836,38.11
PO023735,SUP019,P00242,Electrical,12,12080.28,SITE05,2022-12-19,2023-01-11,2023-01-10,23,22,-1,1.18,0.4267,0.0015,Low,0,0,0.38105586074661874,Low,4837,38.11
PO008572,SUP022,P00086,Cabin,14,18264.82,SITE01,2022-12-19,2023-01-20,2023-01-21,32,33,1,1.08,0.4064,0.0003,Low,1,0,0.38101012965366593,Low,4838,38.1
PO029630,SUP035,P00300,Fasteners,6,20106.36,SITE05,2024-08-12,2024-09-12,2024-09-11,31,30,-1,1.23,0.4417,0.0017,Low,0,0,0.3810066511692041,Low,4839,38.1
PO018810,SUP017,P00192,Structure,9,4487.49,SITE03,2024-09-16,2024-10-13,2024-10-18,27,32,5,1.11,0.4131,0.0008,Low,1,0,0.38099649455241835,Low,4840,38.1
PO000282,SUP028,P00002,Cabin,83,55679.72,SITE06,2024-12-16,2025-01-14,2025-01-14,29,29,0,1.09,0.41,0.0008,Low,0,0,0.3809082094107184,Low,4841,38.09
PO014385,SUP031,P00144,Fasteners,16,19137.92,SITE05,2023-10-30,2023-12-04,2023-12-03,35,34,-1,1.26,0.4201,0.0006,Low,0,0,0.38059297624224114,Low,4842,38.06
PO002109,SUP007,P00019,Fasteners,12,34059.0,SITE06,2022-11-14,2022-12-22,2022-12-22,38,38,0,1.34,0.4537,0.0,Low,0,0,0.38036191378598505,Low,4843,38.04
PO022311,SUP032,P00225,LandingGear,10,6891.0,SITE05,2022-04-04,2022-04-26,2022-04-25,22,21,-1,0.98,0.45,0.0,Low,0,0,0.380209114959115,Low,4844,38.02
PO021200,SUP008,P00216,Avionics,11,3375.46,SITE04,2023-12-25,2024-01-21,2024-01-24,27,30,3,1.17,0.4263,0.0012,Low,1,0,0.3801204095525821,Low,4845,38.01
PO026835,SUP037,P00273,Fasteners,11,21027.93,SITE03,2023-10-16,2023-11-13,2023-11-12,28,27,-1,1.24,0.4393,0.0011,Low,0,0,0.38011608277598197,Low,4846,38.01
PO028130,SUP035,P00287,Cabin,15,31001.25,SITE01,2022-06-06,2022-07-15,2022-07-15,39,39,0,1.38,0.4409,0.0,Low,0,0,0.38007834506542587,Low,4847,38.01
PO008267,SUP030,P00083,Fasteners,25,15845.25,SITE04,2024-09-09,2024-10-14,2024-10-20,35,41,6,1.19,0.4226,0.0009,Low,1,0,0.38002411513393414,Low,4848,38.0
PO023702,SUP019,P00242,Electrical,23,23153.87,SITE04,2022-08-15,2022-09-05,2022-09-06,21,22,1,1.14,0.4173,0.0022,Low,1,0,0.37998917256089065,Low,4849,38.0
PO006315,SUP007,P00063,Avionics,19,6829.55,SITE06,2024-10-07,2024-11-15,2024-11-17,39,41,2,1.27,0.4587,0.0001,Low,1,0,0.3799683049368863,Low,4850,38.0
PO002289,SUP029,P00023,Structure,7,16331.63,SITE06,2022-04-04,2022-05-14,2022-05-15,40,41,1,1.11,0.3396,0.0032,Low,1,0,0.37979146600036123,Low,4851,37.98
PO004287,SUP017,P00044,Hydraulics,8,9780.56,SITE06,2023-02-20,2023-03-16,2023-03-16,24,24,0,1.12,0.4355,0.0007,Low,0,0,0.37975279103974413,Low,4852,37.98
PO004228,SUP017,P00044,Hydraulics,9,11003.13,SITE02,2022-02-14,2022-03-12,2022-03-09,26,23,-3,0.98,0.3617,0.0,Low,0,0,0.3797404465054075,Low,4853,37.97
PO007311,SUP031,P00075,Engine,1,1671.55,SITE01,2023-04-24,2023-06-09,2023-06-07,46,44,-2,1.19,0.403,0.0003,Low,0,0,0.3797177203799057,Low,4854,37.97
PO008823,SUP029,P00088,Structure,6,10624.38,SITE01,2024-01-29,2024-03-01,2024-02-27,32,29,-3,1.24,0.4359,0.001,Low,0,0,0.37963591205093594,Low,4855,37.96
PO017745,SUP031,P00180,LandingGear,5,13794.65,SITE06,2022-05-23,2022-06-21,2022-06-20,29,28,-1,1.23,0.4054,0.001,Low,0,0,0.37959374844910676,Low,4856,37.96
PO003354,SUP037,P00036,Structure,8,6840.4,SITE01,2022-08-08,2022-09-12,2022-09-12,35,35,0,1.22,0.4379,0.0011,Low,0,0,0.3794830466247761,Low,4857,37.95
PO020648,SUP019,P00211,Fasteners,12,14392.08,SITE04,2024-12-16,2025-01-20,2025-01-17,35,32,-3,1.22,0.4374,0.0014,Low,0,0,0.3793575242784195,Low,4858,37.94
PO007268,SUP035,P00073,Avionics,4,13710.6,SITE06,2024-07-01,2024-08-01,2024-07-29,31,28,-3,1.23,0.4406,0.0018,Low,0,0,0.37933631195343565,Low,4859,37.93
PO012358,SUP020,P00124,Electrical,3,3056.16,SITE01,2023-08-14,2023-08-30,2023-09-03,16,20,4,1.08,0.3878,0.0011,Low,1,0,0.37931688895044324,Low,4860,37.93
PO008983,SUP031,P00089,Cabin,13,16343.73,SITE04,2023-12-04,2024-01-13,2024-01-18,40,45,5,1.26,0.428,0.0006,Low,1,0,0.3793014486336719,Low,4861,37.93
PO026174,SUP036,P00268,Cabin,13,5556.2,SITE02,2024-09-09,2024-11-06,2024-11-03,58,55,-3,1.22,0.4174,0.0014,Low,0,0,0.3792898169499293,Low,4862,37.93
PO010713,SUP017,P00108,Cabin,7,4212.04,SITE02,2024-10-14,2024-11-17,2024-11-19,34,36,2,1.11,0.4145,0.0007,Low,1,0,0.37911959336959333,Low,4863,37.91
PO012330,SUP029,P00123,Cabin,55,165040.15,SITE06,2022-10-31,2022-12-19,2022-12-18,49,48,-1,1.12,0.4032,0.001,Low,0,0,0.37901406559169615,Low,4864,37.9
PO024528,SUP028,P00253,Hydraulics,4,2083.36,SITE03,2022-10-31,2022-11-27,2022-11-29,27,29,2,0.95,0.379,0.0008,Low,1,0,0.37901193793904236,Low,4865,37.9
PO001643,SUP022,P00016,LandingGear,8,16353.2,SITE02,2023-06-05,2023-06-20,2023-06-24,15,19,4,1.06,0.4118,0.0004,Low,1,0,0.3789801040081072,Low,4866,37.9
PO011002,SUP039,P00111,Cabin,4,31805.36,SITE03,2022-12-12,2023-01-30,2023-02-04,49,54,5,2.72,0.6979,0.0,Medium,1,0,0.37896036426691876,Low,4867,37.9
PO015316,SUP012,P00154,Avionics,48,11112.0,SITE06,2022-01-10,2022-02-16,2022-02-15,37,36,-1,0.42,0.25,0.0,Low,0,0,0.3789354990733666,Low,4868,37.89
PO010886,SUP029,P00109,Engine,2,1600.04,SITE04,2022-10-31,2022-12-20,2022-12-20,50,50,0,1.11,0.4022,0.001,Low,0,0,0.3788058716485576,Low,4869,37.88
PO014245,SUP010,P00143,Avionics,40,10486.4,SITE05,2024-09-16,2024-10-13,2024-10-15,27,29,2,1.27,0.4331,0.0006,Low,1,0,0.37868444387140193,Low,4870,37.87
PO027460,SUP022,P00278,Fasteners,10,54459.1,SITE05,2024-08-05,2024-08-26,2024-08-23,21,18,-3,1.16,0.4469,0.0008,Low,0,0,0.3786236633486577,Low,4871,37.86
PO014778,SUP028,P00149,Fasteners,10,20437.1,SITE04,2023-05-22,2023-06-12,2023-06-13,21,22,1,0.96,0.3864,0.0008,Low,1,0,0.3786142439953971,Low,4872,37.86
PO003559,SUP017,P00038,Fasteners,3,3432.24,SITE03,2022-01-17,2022-02-08,2022-02-08,22,22,0,0.64,0.3636,0.0,Low,0,0,0.3785982663966896,Low,4873,37.86
PO004281,SUP017,P00044,Hydraulics,5,6112.85,SITE06,2022-06-27,2022-07-21,2022-07-21,24,24,0,1.18,0.4402,0.0,Low,0,0,0.3785711724360191,Low,4874,37.86
PO022358,SUP032,P00225,LandingGear,19,13092.9,SITE06,2024-10-14,2024-11-06,2024-11-03,23,20,-3,0.97,0.3765,0.0018,Low,0,0,0.37853074381092966,Low,4875,37.85
PO003105,SUP029,P00032,Electrical,5,4955.6,SITE02,2023-07-10,2023-08-13,2023-08-12,34,33,-1,1.2,0.4323,0.0007,Low,0,0,0.3784980656652985,Low,4876,37.85
PO024666,SUP034,P00254,Hydraulics,19,14064.94,SITE06,2024-09-02,2024-10-04,2024-10-04,32,32,0,1.25,0.4524,0.0021,Low,0,0,0.37826038352451924,Low,4877,37.83
PO008883,SUP029,P00088,Structure,31,54892.63,SITE04,2024-10-21,2024-11-22,2024-11-22,32,32,0,1.2,0.4281,0.0009,Low,0,0,0.37823636370295466,Low,4878,37.82
PO016803,SUP001,P00170,Structure,12,6101.04,SITE06,2024-09-16,2024-10-20,2024-10-19,34,33,-1,1.18,0.4157,0.0005,Low,0,0,0.3782072951701366,Low,4879,37.82
PO004267,SUP017,P00044,Hydraulics,7,8557.99,SITE05,2023-07-17,2023-08-10,2023-08-12,24,26,2,1.11,0.4296,0.0005,Low,1,0,0.3781903048621369,Low,4880,37.82
PO026989,SUP004,P00274,Avionics,36,7886.52,SITE03,2022-11-07,2022-12-14,2022-12-11,37,34,-3,1.23,0.4857,0.0009,Low,0,0,0.37816745278075964,Low,4881,37.82
PO003634,SUP017,P00038,Fasteners,10,11440.8,SITE06,2022-12-05,2023-01-02,2022-12-30,28,25,-3,1.12,0.4341,0.0006,Low,0,0,0.37806345840445477,Low,4882,37.81
PO018959,SUP017,P00193,Electrical,16,22479.36,SITE06,2022-04-11,2022-05-06,2022-05-08,25,27,2,1.2,0.4037,0.0,Low,1,0,0.37804791749525213,Low,4883,37.8
PO016717,SUP001,P00170,Structure,28,14235.76,SITE03,2023-08-14,2023-09-17,2023-09-18,34,35,1,1.21,0.4231,0.0008,Low,1,0,0.37777423157031587,Low,4884,37.78
PO020452,SUP020,P00207,Fasteners,14,9124.22,SITE06,2024-09-16,2024-10-15,2024-10-20,29,34,5,1.04,0.3945,0.0008,Low,1,0,0.3776532794468448,Low,4885,37.77
PO013777,SUP001,P00139,Structure,15,23987.1,SITE06,2022-12-05,2023-01-10,2023-01-09,36,35,-1,1.29,0.4729,0.0009,Low,0,0,0.37751808793161157,Low,4886,37.75
PO027495,SUP012,P00279,Fasteners,5,54970.15,SITE01,2024-09-30,2024-11-03,2024-11-03,34,34,0,1.09,0.4179,0.0006,Low,0,0,0.3773747198260383,Low,4887,37.74
PO025070,SUP017,P00258,LandingGear,10,30323.8,SITE03,2022-07-18,2022-08-06,2022-08-03,19,16,-3,1.16,0.4344,0.0,Low,0,0,0.3773662023728554,Low,4888,37.74
PO020064,SUP032,P00204,Fasteners,16,29270.72,SITE02,2024-10-28,2024-11-29,2024-12-01,32,34,2,0.98,0.3762,0.0017,Low,1,0,0.3772054495853734,Low,4889,37.72
PO011668,SUP035,P00118,Engine,12,4233.12,SITE05,2023-07-24,2023-09-02,2023-08-30,40,37,-3,1.32,0.4489,0.0026,Low,0,0,0.37716300526578633,Low,4890,37.72
PO025397,SUP030,P00262,Structure,4,1637.4,SITE02,2023-09-25,2023-10-28,2023-11-02,33,38,5,1.18,0.4241,0.0006,Low,1,0,0.37715716028019103,Low,4891,37.72
PO002368,SUP030,P00025,Structure,6,2698.8,SITE01,2024-10-07,2024-11-13,2024-11-15,37,39,2,1.21,0.4239,0.0009,Low,1,0,0.3771351446111707,Low,4892,37.71
PO016738,SUP001,P00170,Structure,63,32030.46,SITE04,2022-08-29,2022-10-02,2022-09-29,34,31,-3,1.19,0.4575,0.0007,Low,0,0,0.3770723810493688,Low,4893,37.71
PO017400,SUP034,P00176,Fasteners,15,9010.35,SITE06,2022-11-07,2022-12-15,2022-12-16,38,39,1,1.28,0.4767,0.0013,Low,1,0,0.37707139758627517,Low,4894,37.71
PO017652,SUP028,P00179,Electrical,4,2576.2,SITE04,2022-08-08,2022-08-19,2022-08-17,11,9,-2,1.01,0.4108,0.0008,Low,0,0,0.3770314410228315,Low,4895,37.7
PO010494,SUP022,P00105,Structure,30,10337.1,SITE04,2023-01-02,2023-01-24,2023-01-24,22,22,0,1.05,0.4061,0.0003,Low,0,0,0.37667295811730195,Low,4896,37.67
PO026150,SUP036,P00268,Cabin,15,6411.0,SITE02,2022-04-04,2022-05-14,2022-05-12,40,38,-2,1.11,0.3939,0.0,Low,0,0,0.3765837164591092,Low,4897,37.66
PO013067,SUP037,P00132,Fasteners,55,52236.25,SITE04,2023-02-06,2023-03-08,2023-03-10,30,32,2,1.26,0.4579,0.0016,Low,1,0,0.37640808640489126,Low,4898,37.64
PO010902,SUP029,P00109,Engine,3,2400.06,SITE05,2024-03-25,2024-05-12,2024-05-15,48,51,3,1.22,0.4328,0.0009,Low,1,0,0.3763706450191414,Low,4899,37.64
PO024529,SUP028,P00253,Hydraulics,4,2083.36,SITE03,2022-12-12,2023-01-04,2023-01-08,23,27,4,0.94,0.3821,0.0009,Low,1,0,0.37635597443492175,Low,4900,37.64
PO010737,SUP017,P00108,Cabin,12,7220.64,SITE03,2023-11-13,2023-12-19,2023-12-21,36,38,2,1.08,0.4173,0.0005,Low,1,0,0.3763450172769226,Low,4901,37.63
PO019131,SUP036,P00195,LandingGear,2,17701.12,SITE02,2024-01-15,2024-02-17,2024-02-16,33,32,-1,1.2,0.4156,0.002,Low,0,0,0.37627113255052985,Low,4902,37.63
PO002066,SUP007,P00019,Fasteners,5,14191.25,SITE04,2023-08-21,2023-09-25,2023-09-25,35,35,0,1.33,0.4696,0.0002,Low,0,0,0.3762123067228537,Low,4903,37.62
PO020310,SUP011,P00206,Fasteners,6,2957.76,SITE01,2022-02-21,2022-04-04,2022-04-06,42,44,2,1.4,0.4,0.0,Low,1,0,0.3761629583379583,Low,4904,37.62
PO017795,SUP025,P00181,Structure,10,9956.5,SITE02,2023-02-20,2023-04-01,2023-04-04,40,43,3,2.54,0.6603,0.0008,Medium,1,0,0.3761442928042725,Low,4905,37.61
PO027214,SUP007,P00276,Engine,8,9907.2,SITE04,2023-09-11,2023-10-23,2023-10-20,42,39,-3,1.3,0.4678,0.0002,Low,0,0,0.37588780119439713,Low,4906,37.59
PO000179,SUP028,P00002,Cabin,70,46958.8,SITE03,2024-12-23,2025-01-26,2025-01-26,34,34,0,1.09,0.4124,0.0008,Low,0,0,0.37582838020658615,Low,4907,37.58
PO028316,SUP031,P00288,Electrical,3,2899.26,SITE01,2024-02-05,2024-03-03,2024-03-02,27,26,-1,1.25,0.4288,0.0005,Low,0,0,0.37578109612751565,Low,4908,37.58
PO022294,SUP032,P00225,LandingGear,5,3445.5,SITE04,2022-05-02,2022-05-27,2022-05-30,25,28,3,1.02,0.4286,0.0026,Low,1,0,0.3757769249723484,Low,4909,37.58
PO027843,SUP010,P00283,LandingGear,4,23723.24,SITE06,2024-01-29,2024-02-14,2024-02-22,16,24,8,1.29,0.4381,0.0005,Low,1,0,0.37577640882185576,Low,4910,37.58
PO023860,SUP017,P00244,Hydraulics,4,4174.28,SITE04,2024-09-16,2024-10-15,2024-10-15,29,29,0,1.11,0.4134,0.0008,Low,0,0,0.375752421270667,Low,4911,37.58
PO017657,SUP028,P00179,Electrical,8,5152.4,SITE04,2024-06-03,2024-06-16,2024-06-16,13,13,0,1.11,0.4151,0.0009,Low,0,0,0.37572535087008496,Low,4912,37.57
PO006273,SUP007,P00063,Avionics,10,3594.5,SITE05,2023-10-02,2023-11-05,2023-11-06,34,35,1,1.3,0.4657,0.0002,Low,1,0,0.3754626121796204,Low,4913,37.55
PO008305,SUP030,P00083,Fasteners,27,17112.87,SITE06,2023-05-29,2023-07-05,2023-07-02,37,34,-3,1.17,0.4125,0.0004,Low,0,0,0.37543382078834914,Low,4914,37.54
PO012195,SUP029,P00123,Cabin,49,147035.77,SITE01,2023-12-04,2024-01-19,2024-01-20,46,47,1,1.23,0.4292,0.0009,Low,1,0,0.37536589391547587,Low,4915,37.54
PO013080,SUP037,P00132,Fasteners,16,15196.0,SITE04,2024-07-22,2024-08-22,2024-08-22,31,31,0,1.2,0.4361,0.0011,Low,0,0,0.375298378336202,Low,4916,37.53
PO025300,SUP010,P00261,Electrical,9,38200.5,SITE02,2023-07-31,2023-08-25,2023-08-23,25,23,-2,1.36,0.4564,0.0005,Low,0,0,0.3752969402932904,Low,4917,37.53
PO028474,SUP004,P00289,Structure,24,8554.32,SITE06,2022-12-05,2023-01-08,2023-01-10,34,36,2,1.2,0.4798,0.0013,Low,1,0,0.37528845410207795,Low,4918,37.53
PO026648,SUP036,P00272,Avionics,7,1415.82,SITE02,2022-06-27,2022-08-16,2022-08-19,50,53,3,1.05,0.4044,0.0025,Low,1,0,0.37523454619446095,Low,4919,37.52
PO012948,SUP010,P00130,Structure,3,3168.84,SITE06,2024-10-14,2024-11-07,2024-11-04,24,21,-3,1.28,0.4356,0.0006,Low,0,0,0.3749869184557566,Low,4920,37.5
PO011610,SUP034,P00117,Engine,18,22612.14,SITE06,2022-03-14,2022-04-28,2022-04-30,45,47,2,1.19,0.4186,0.0,Low,1,0,0.3749345486538109,Low,4921,37.49
PO020882,SUP029,P00213,Avionics,14,5245.38,SITE04,2023-12-11,2024-01-20,2024-01-25,40,45,5,1.22,0.4292,0.0009,Low,1,0,0.3749261638468458,Low,4922,37.49
PO018863,SUP017,P00192,Structure,22,10969.42,SITE06,2022-12-26,2023-01-21,2023-01-21,26,26,0,1.14,0.4403,0.0005,Low,0,0,0.3748051791926721,Low,4923,37.48
PO017683,SUP031,P00180,LandingGear,5,13794.65,SITE01,2022-05-16,2022-06-20,2022-06-18,35,33,-2,1.23,0.4112,0.0011,Low,0,0,0.37463965016520917,Low,4924,37.46
PO003426,SUP037,P00036,Structure,22,18811.1,SITE04,2023-06-19,2023-07-21,2023-07-19,32,30,-2,1.19,0.4352,0.0013,Low,0,0,0.3744764605315419,Low,4925,37.45
PO016688,SUP001,P00170,Structure,14,7117.88,SITE02,2022-12-12,2023-01-12,2023-01-09,31,28,-3,1.27,0.4689,0.0009,Low,0,0,0.37429266172193576,Low,4926,37.43
PO028739,SUP030,P00293,Hydraulics,6,4614.72,SITE06,2023-12-18,2024-02-05,2024-02-12,49,56,7,1.18,0.4253,0.0006,Low,1,0,0.3742862460644998,Low,4927,37.43
PO003644,SUP017,P00038,Fasteners,14,16017.12,SITE06,2023-10-23,2023-11-15,2023-11-13,23,21,-2,1.1,0.4246,0.0005,Low,0,0,0.3741117801312737,Low,4928,37.41
PO007684,SUP012,P00078,Electrical,14,23133.04,SITE06,2024-08-12,2024-08-29,2024-08-26,17,14,-3,1.08,0.4155,0.0007,Low,0,0,0.3737118096127737,Low,4929,37.37
PO005633,SUP001,P00058,Hydraulics,8,12579.92,SITE04,2022-01-17,2022-03-05,2022-03-04,47,46,-1,0.67,0.3333,0.0,Low,0,0,0.3735677387121035,Low,4930,37.36
PO029597,SUP035,P00300,Fasteners,12,40212.72,SITE04,2022-06-13,2022-07-17,2022-07-22,34,39,5,1.41,0.449,0.0,Low,1,0,0.3732692385979507,Low,4931,37.33
PO002632,SUP030,P00026,Fasteners,35,38323.95,SITE06,2022-08-29,2022-10-05,2022-10-02,37,34,-3,1.27,0.4487,0.0006,Low,0,0,0.37299232892285494,Low,4932,37.3
PO014765,SUP028,P00149,Fasteners,13,26568.23,SITE04,2022-02-21,2022-03-17,2022-03-19,24,26,2,0.63,0.3061,0.0022,Low,1,0,0.37292920722184436,Low,4933,37.29
PO008102,SUP037,P00082,Electrical,12,37701.48,SITE04,2022-06-06,2022-07-05,2022-07-08,29,32,3,1.15,0.4224,0.0,Low,1,0,0.3727939933045373,Low,4934,37.28
PO015228,SUP012,P00154,Avionics,5,1157.5,SITE02,2024-06-24,2024-07-29,2024-07-31,35,37,2,1.06,0.4123,0.0007,Low,1,0,0.37273971755941915,Low,4935,37.27
PO027965,SUP004,P00285,Fasteners,7,6387.92,SITE01,2022-10-24,2022-12-07,2022-12-05,44,42,-2,1.22,0.4852,0.001,Low,0,0,0.37272003241061863,Low,4936,37.27
PO007354,SUP031,P00075,Engine,3,5014.65,SITE05,2024-04-29,2024-06-12,2024-06-11,44,43,-1,1.26,0.4354,0.0006,Low,0,0,0.3727079445744044,Low,4937,37.27
PO020037,SUP032,P00204,Fasteners,14,25611.88,SITE01,2024-06-24,2024-07-25,2024-07-25,31,31,0,0.96,0.369,0.0017,Low,0,0,0.37270113114385,Low,4938,37.27
PO015928,SUP017,P00160,Hydraulics,3,6137.7,SITE02,2022-02-28,2022-04-01,2022-04-05,32,36,4,0.95,0.3438,0.0,Low,1,0,0.37254979286925527,Low,4939,37.25
PO013354,SUP034,P00136,LandingGear,6,18590.76,SITE01,2023-11-06,2023-12-04,2023-12-10,28,34,6,1.19,0.4478,0.0017,Low,1,0,0.37253664269816716,Low,4940,37.25
PO027944,SUP001,P00284,Fasteners,34,96137.38,SITE06,2023-05-08,2023-06-30,2023-07-06,53,59,6,1.22,0.4471,0.001,Low,1,0,0.3724973259472395,Low,4941,37.25
PO006316,SUP007,P00063,Avionics,12,4313.4,SITE06,2024-11-04,2024-12-08,2024-12-10,34,36,2,1.3,0.4642,0.0001,Low,1,0,0.3724218219939884,Low,4942,37.24
PO028144,SUP035,P00287,Cabin,52,107471.0,SITE01,2023-10-09,2023-11-20,2023-11-22,42,44,2,1.27,0.4325,0.0023,Low,1,0,0.37234647128525844,Low,4943,37.23
PO008752,SUP022,P00086,Cabin,48,62622.24,SITE06,2024-11-11,2024-12-16,2024-12-16,35,35,0,1.16,0.4495,0.0008,Low,0,0,0.3722618844333963,Low,4944,37.23
PO026144,SUP036,P00268,Cabin,26,11112.4,SITE01,2024-10-21,2024-12-05,2024-12-07,45,47,2,1.22,0.4179,0.0014,Low,1,0,0.3722490285873801,Low,4945,37.22
PO020177,SUP010,P00205,LandingGear,9,8338.23,SITE01,2022-11-28,2022-12-25,2022-12-29,27,31,4,1.41,0.4671,0.0003,Low,1,0,0.3720227648333712,Low,4946,37.2
PO027245,SUP007,P00276,Engine,9,11145.6,SITE06,2024-07-08,2024-08-17,2024-08-15,40,38,-2,1.29,0.4684,0.0001,Low,0,0,0.37190566478365455,Low,4947,37.19
PO006603,SUP031,P00067,LandingGear,8,6305.6,SITE04,2022-01-17,2022-02-09,2022-02-14,23,28,5,0.5,0.1667,0.0,Low,1,0,0.3718028792948602,Low,4948,37.18
PO022083,SUP012,P00223,Avionics,30,16011.9,SITE06,2022-03-28,2022-04-27,2022-04-26,30,29,-1,0.87,0.3838,0.0,Low,0,0,0.3718004087425776,Low,4949,37.18
PO001256,SUP036,P00010,Electrical,7,10422.37,SITE04,2024-02-26,2024-03-23,2024-03-23,26,26,0,1.21,0.4115,0.0019,Low,0,0,0.37174548603872093,Low,4950,37.17
PO022257,SUP032,P00225,LandingGear,22,15160.2,SITE01,2024-07-08,2024-07-30,2024-07-31,22,23,1,0.96,0.3711,0.0017,Low,1,0,0.3717064237869021,Low,4951,37.17
PO007309,SUP031,P00075,Engine,1,1671.55,SITE01,2022-03-21,2022-05-10,2022-05-07,50,47,-3,1.42,0.4211,0.0,Low,0,0,0.3716298129866219,Low,4952,37.16
PO010595,SUP022,P00107,Engine,7,8227.94,SITE01,2024-09-30,2024-11-04,2024-11-03,35,34,-1,1.17,0.4494,0.0008,Low,0,0,0.37156021742708845,Low,4953,37.16
PO007580,SUP012,P00078,Electrical,11,18175.96,SITE01,2023-09-18,2023-10-09,2023-10-10,21,22,1,0.99,0.4012,0.0005,Low,1,0,0.37155929195168413,Low,4954,37.16
PO001300,SUP030,P00011,Fasteners,21,11298.42,SITE01,2023-09-11,2023-10-24,2023-10-25,43,44,1,1.16,0.422,0.0006,Low,1,0,0.37148234640112643,Low,4955,37.15
PO001677,SUP022,P00016,LandingGear,9,18397.35,SITE04,2023-05-01,2023-05-15,2023-05-21,14,20,6,1.08,0.4199,0.0002,Low,1,0,0.3712951052865145,Low,4956,37.13
PO018452,SUP008,P00188,Fasteners,6,20456.88,SITE04,2023-05-08,2023-06-13,2023-06-13,36,36,0,1.25,0.4475,0.001,Low,0,0,0.37120192189517126,Low,4957,37.12
PO021147,SUP008,P00216,Avionics,11,3375.46,SITE02,2023-01-02,2023-02-01,2023-01-30,30,28,-2,1.32,0.4759,0.0004,Low,0,0,0.3711478242948831,Low,4958,37.11
PO001731,SUP022,P00016,LandingGear,12,24529.8,SITE06,2024-06-10,2024-06-24,2024-06-21,14,11,-3,1.16,0.4409,0.0006,Low,0,0,0.3711238577265046,Low,4959,37.11
PO021202,SUP008,P00216,Avionics,13,3989.18,SITE04,2024-01-22,2024-02-16,2024-02-16,25,25,0,1.15,0.4249,0.0014,Low,0,0,0.37093644556243266,Low,4960,37.09
PO020202,SUP010,P00205,LandingGear,16,14823.52,SITE02,2024-10-21,2024-11-14,2024-11-18,24,28,4,1.27,0.4325,0.0006,Low,1,0,0.3708482661674957,Low,4961,37.08
PO017654,SUP028,P00179,Electrical,3,1932.15,SITE04,2023-02-20,2023-03-03,2023-03-03,11,11,0,0.96,0.3812,0.0008,Low,0,0,0.37064771909470806,Low,4962,37.06
PO016913,SUP019,P00173,Structure,8,7772.4,SITE01,2024-04-15,2024-05-19,2024-05-16,34,31,-3,1.18,0.433,0.0019,Low,0,0,0.37058035729456434,Low,4963,37.06
PO020453,SUP020,P00207,Fasteners,14,9124.22,SITE06,2024-10-07,2024-11-05,2024-11-07,29,31,2,1.03,0.3951,0.001,Low,1,0,0.37052065924900723,Low,4964,37.05
PO006519,SUP035,P00066,Fasteners,8,8311.2,SITE04,2023-02-27,2023-04-02,2023-04-03,34,35,1,1.42,0.4525,0.0,Low,1,0,0.3703967821392387,Low,4965,37.04
PO004574,SUP011,P00047,Avionics,6,1052.28,SITE01,2024-03-25,2024-05-17,2024-05-17,53,53,0,1.28,0.4222,0.001,Low,0,0,0.3703866217665617,Low,4966,37.04
PO015978,SUP017,P00160,Hydraulics,8,16367.2,SITE06,2022-04-18,2022-05-16,2022-05-13,28,25,-3,1.17,0.3947,0.0,Low,0,0,0.370369153372463,Low,4967,37.04
PO006505,SUP035,P00066,Fasteners,5,5194.5,SITE03,2022-03-28,2022-04-26,2022-04-23,29,26,-3,1.22,0.3913,0.0,Low,0,0,0.3703538597427851,Low,4968,37.04
PO012332,SUP029,P00123,Cabin,28,84020.44,SITE06,2023-02-06,2023-03-24,2023-03-23,46,45,-1,1.12,0.4068,0.0007,Low,0,0,0.37028387756512154,Low,4969,37.03
PO011327,SUP008,P00115,Cabin,32,94663.36,SITE04,2023-09-11,2023-10-27,2023-10-24,46,43,-3,1.21,0.429,0.0012,Low,0,0,0.3702779606045398,Low,4970,37.03
PO002396,SUP030,P00025,Structure,46,20690.8,SITE03,2023-08-21,2023-09-28,2023-09-29,38,39,1,1.15,0.4138,0.0006,Low,1,0,0.37026329265534114,Low,4971,37.03
PO022026,SUP012,P00223,Avionics,5,2668.65,SITE04,2022-01-31,2022-03-03,2022-02-28,31,28,-3,0.85,0.359,0.0,Low,0,0,0.37003521866974043,Low,4972,37.0
PO027703,SUP003,P00280,Cabin,31,44568.7,SITE06,2023-06-26,2023-08-17,2023-08-19,52,54,2,2.27,0.6486,0.0,Medium,1,0,0.37002232973818727,Low,4973,37.0
PO001145,SUP012,P00009,Structure,2,6024.94,SITE01,2023-08-07,2023-08-28,2023-08-28,21,21,0,1.01,0.4022,0.0005,Low,0,0,0.36981109604208967,Low,4974,36.98
PO020675,SUP019,P00211,Fasteners,26,31182.84,SITE06,2023-06-19,2023-07-26,2023-07-29,37,40,3,1.08,0.4006,0.0015,Low,1,0,0.36965294409267424,Low,4975,36.97
PO017650,SUP028,P00179,Electrical,4,2576.2,SITE04,2022-04-11,2022-04-24,2022-04-25,13,14,1,0.91,0.4023,0.002,Low,1,0,0.36960075796407466,Low,4976,36.96
PO002083,SUP007,P00019,Fasteners,11,31220.75,SITE05,2022-06-27,2022-07-28,2022-07-27,31,30,-1,1.34,0.464,0.0,Low,0,0,0.3695511596540044,Low,4977,36.96
PO013723,SUP001,P00139,Structure,5,7995.7,SITE02,2023-09-04,2023-10-05,2023-10-10,31,36,5,1.21,0.4248,0.0007,Low,1,0,0.3695505679595124,Low,4978,36.96
PO020406,SUP020,P00207,Fasteners,3,1955.19,SITE03,2024-04-22,2024-05-14,2024-05-16,22,24,2,1.03,0.3932,0.0009,Low,1,0,0.36947443711049405,Low,4979,36.95
PO021973,SUP012,P00223,Avionics,9,4803.57,SITE02,2023-12-25,2024-01-28,2024-02-01,34,38,4,1.0,0.4005,0.0005,Low,1,0,0.36945982322034304,Low,4980,36.95
PO025729,SUP007,P00265,Hydraulics,3,1191.18,SITE04,2024-10-28,2024-12-02,2024-12-04,35,37,2,1.3,0.4641,0.0001,Low,1,0,0.3694393753224156,Low,4981,36.94
PO016464,SUP035,P00166,Engine,5,1850.95,SITE04,2023-07-17,2023-08-16,2023-08-13,30,27,-3,1.33,0.4514,0.0026,Low,0,0,0.369375292587293,Low,4982,36.94
PO009004,SUP031,P00089,Cabin,4,5028.84,SITE05,2024-03-04,2024-04-24,2024-04-26,51,53,2,1.25,0.4293,0.0005,Low,1,0,0.36931633489966814,Low,4983,36.93
PO001404,SUP030,P00011,Fasteners,21,11298.42,SITE06,2022-08-22,2022-10-02,2022-10-05,41,44,3,1.28,0.4524,0.0007,Low,1,0,0.3692808784725981,Low,4984,36.93
PO023651,SUP019,P00242,Electrical,3,3020.07,SITE01,2022-05-30,2022-06-20,2022-06-17,21,18,-3,1.27,0.4505,0.0,Low,0,0,0.36924398292582256,Low,4985,36.92
PO014073,SUP031,P00142,LandingGear,6,3369.3,SITE04,2022-04-18,2022-05-20,2022-05-17,32,29,-3,1.28,0.4096,0.0017,Low,0,0,0.36918200356713077,Low,4986,36.92
PO028243,SUP035,P00287,Cabin,12,24801.0,SITE04,2024-10-21,2024-11-26,2024-11-25,36,35,-1,1.22,0.4396,0.0016,Low,0,0,0.3691394506127149,Low,4987,36.91
PO020051,SUP032,P00204,Fasteners,26,47564.92,SITE02,2023-06-12,2023-07-13,2023-07-13,31,31,0,0.87,0.3411,0.0023,Low,0,0,0.3690650307448541,Low,4988,36.91
PO015258,SUP012,P00154,Avionics,30,6945.0,SITE03,2024-12-16,2025-01-22,2025-01-24,37,39,2,1.09,0.4184,0.0006,Low,1,0,0.36905149761859396,Low,4989,36.91
PO012221,SUP029,P00123,Cabin,16,48011.68,SITE02,2023-07-03,2023-08-19,2023-08-16,47,44,-3,1.19,0.4311,0.0007,Low,0,0,0.3689467636093328,Low,4990,36.89
PO023125,SUP028,P00235,Engine,4,20259.4,SITE06,2022-03-14,2022-04-16,2022-04-13,33,30,-3,0.93,0.3824,0.0016,Low,0,0,0.36877271703931586,Low,4991,36.88
PO028679,SUP030,P00293,Hydraulics,7,5383.84,SITE01,2023-10-16,2023-11-27,2023-11-30,42,45,3,1.18,0.4236,0.0005,Low,1,0,0.3687354034769367,Low,4992,36.87
PO000031,SUP004,P00001,Electrical,8,18587.6,SITE03,2024-04-29,2024-05-23,2024-05-26,24,27,3,1.17,0.441,0.0006,Low,1,0,0.36872754442144096,Low,4993,36.87
PO005860,SUP036,P00059,Cabin,35,41438.95,SITE06,2022-04-04,2022-05-22,2022-05-23,48,49,1,1.12,0.3906,0.0,Low,1,0,0.3684753261025248,Low,4994,36.85
PO020116,SUP032,P00204,Fasteners,18,32929.56,SITE05,2023-01-02,2023-02-04,2023-02-04,33,33,0,1.05,0.4133,0.0007,Low,0,0,0.3684357431365159,Low,4995,36.84
PO001606,SUP019,P00015,Engine,1,3003.43,SITE02,2024-06-24,2024-07-27,2024-07-29,33,35,2,1.2,0.4339,0.0017,Low,1,0,0.3683984566489303,Low,4996,36.84
PO001704,SUP022,P00016,LandingGear,24,49059.6,SITE06,2022-01-03,2022-01-19,2022-01-20,16,17,1,0.0,0.0,0.0,Low,1,0,0.3683667652312752,Low,4997,36.84
PO021192,SUP008,P00216,Avionics,17,5216.62,SITE04,2022-11-28,2022-12-27,2022-12-24,29,26,-3,1.35,0.4882,0.0,Low,0,0,0.3683175673591752,Low,4998,36.83
PO026114,SUP036,P00268,Cabin,14,5983.6,SITE01,2022-05-30,2022-07-17,2022-07-17,48,48,0,1.07,0.4112,0.0026,Low,0,0,0.3683020371299885,Low,4999,36.83
PO006800,SUP010,P00068,LandingGear,17,18390.09,SITE06,2024-06-24,2024-07-17,2024-07-22,23,28,5,1.27,0.434,0.0006,Low,1,0,0.3681253832798206,Low,5000,36.81
PO014668,SUP019,P00148,Fasteners,10,120621.2,SITE04,2023-12-18,2024-01-15,2024-01-17,28,30,2,1.16,0.4146,0.0021,Low,1,0,0.36811794251176844,Low,5001,36.81
PO023960,SUP009,P00245,LandingGear,7,8717.45,SITE04,2024-03-11,2024-04-14,2024-04-14,34,34,0,2.23,0.6737,0.0017,Medium,0,0,0.3680376464192859,Low,5002,36.8
PO016572,SUP007,P00168,Engine,2,7415.22,SITE05,2024-01-15,2024-02-20,2024-02-20,36,36,0,1.27,0.471,0.0002,Low,0,0,0.3678217553688141,Low,5003,36.78
PO024664,SUP034,P00254,Hydraulics,7,5181.82,SITE06,2024-07-15,2024-08-17,2024-08-19,33,35,2,1.26,0.4534,0.0022,Low,1,0,0.3676332951782234,Low,5004,36.76
PO022542,SUP001,P00227,LandingGear,5,3696.35,SITE06,2022-10-03,2022-11-06,2022-11-03,34,31,-3,1.22,0.4588,0.0006,Low,0,0,0.36752345048266427,Low,5005,36.75
PO003453,SUP037,P00036,Structure,15,12825.75,SITE05,2024-02-19,2024-03-25,2024-03-22,35,32,-3,1.22,0.4441,0.001,Low,0,0,0.36746618638891443,Low,5006,36.75
PO015283,SUP012,P00154,Avionics,63,14584.5,SITE04,2024-01-22,2024-02-21,2024-02-19,30,28,-2,1.0,0.4007,0.0005,Low,0,0,0.3674295495832471,Low,5007,36.74
PO028166,SUP035,P00287,Cabin,12,24801.0,SITE02,2022-12-12,2023-01-20,2023-01-22,39,41,2,1.53,0.4703,0.0,Low,1,0,0.3673436216152923,Low,5008,36.73
PO018358,SUP012,P00187,Structure,6,5707.02,SITE03,2022-11-14,2022-12-12,2022-12-09,28,25,-3,0.93,0.3835,0.0005,Low,0,0,0.36725232083662485,Low,5009,36.73
PO022319,SUP032,P00225,LandingGear,32,22051.2,SITE05,2023-08-07,2023-08-28,2023-08-26,21,19,-2,0.85,0.332,0.0024,Low,0,0,0.36718576060312763,Low,5010,36.72
PO026146,SUP036,P00268,Cabin,12,5128.8,SITE01,2024-12-02,2025-01-14,2025-01-15,43,44,1,1.24,0.4181,0.0013,Low,1,0,0.3671462005429022,Low,5011,36.71
PO011968,SUP035,P00121,Avionics,27,8001.45,SITE04,2023-08-14,2023-09-09,2023-09-08,26,25,-1,1.31,0.4426,0.0025,Low,0,0,0.36708737796139906,Low,5012,36.71
PO011913,SUP035,P00121,Avionics,13,3852.55,SITE02,2023-07-03,2023-08-01,2023-07-29,29,26,-3,1.34,0.4545,0.0026,Low,0,0,0.3670802982769951,Low,5013,36.71
PO008593,SUP022,P00086,Cabin,10,13046.3,SITE02,2022-04-11,2022-05-12,2022-05-10,31,29,-2,0.81,0.3333,0.0,Low,0,0,0.3669923439624066,Low,5014,36.7
PO002037,SUP007,P00019,Fasteners,9,25544.25,SITE02,2023-10-02,2023-11-06,2023-11-10,35,39,4,1.3,0.4655,0.0002,Low,1,0,0.3668866577547612,Low,5015,36.69
PO016116,SUP027,P00163,Avionics,14,4128.88,SITE01,2022-08-22,2022-10-02,2022-10-04,41,43,2,2.67,0.7063,0.0003,Medium,1,0,0.36688107524995,Low,5016,36.69
PO007341,SUP031,P00075,Engine,9,15043.95,SITE04,2024-03-25,2024-05-01,2024-05-02,37,38,1,1.28,0.4314,0.0007,Low,1,0,0.3668550405255397,Low,5017,36.69
PO009374,SUP030,P00093,Engine,4,2036.16,SITE05,2023-06-05,2023-07-18,2023-07-19,43,44,1,1.15,0.4085,0.0004,Low,1,0,0.36674022801811107,Low,5018,36.67
PO019127,SUP036,P00195,LandingGear,3,26551.68,SITE02,2022-01-17,2022-02-19,2022-02-17,33,31,-2,2.0,0.7143,0.0,Low,0,0,0.3666593521421108,Low,5019,36.67
PO012184,SUP029,P00123,Cabin,35,105025.55,SITE01,2023-01-09,2023-02-24,2023-02-25,46,47,1,1.16,0.4144,0.0007,Low,1,0,0.36662736868887613,Low,5020,36.66
PO025345,SUP010,P00261,Electrical,11,46689.5,SITE05,2023-03-13,2023-04-10,2023-04-10,28,28,0,1.41,0.4579,0.0004,Low,0,0,0.3665749679808289,Low,5021,36.66
PO022309,SUP032,P00225,LandingGear,17,11714.7,SITE04,2024-11-25,2024-12-17,2024-12-19,22,24,2,1.01,0.3906,0.0017,Low,1,0,0.36622920510430174,Low,5022,36.62
PO007571,SUP012,P00077,Fasteners,31,111925.81,SITE06,2024-12-23,2025-01-24,2025-01-24,32,32,0,1.09,0.4188,0.0006,Low,0,0,0.36621371844296585,Low,5023,36.62
PO002257,SUP029,P00023,Structure,7,16331.63,SITE01,2022-03-07,2022-04-16,2022-04-13,40,37,-3,1.09,0.3824,0.0066,Low,0,0,0.3660914882145243,Low,5024,36.61
PO029064,SUP007,P00296,Fasteners,6,4323.78,SITE04,2023-02-27,2023-03-27,2023-03-26,28,27,-1,1.33,0.4579,0.0,Low,0,0,0.3660860468591059,Low,5025,36.61
PO020047,SUP032,P00204,Fasteners,11,20123.62,SITE02,2023-01-23,2023-02-25,2023-02-25,33,33,0,1.02,0.4025,0.0031,Low,0,0,0.36604317658203744,Low,5026,36.6
PO016807,SUP002,P00171,Structure,10,9773.8,SITE01,2022-01-03,2022-03-04,2022-03-05,60,61,1,5.0,1.0,0.0,Medium,1,0,0.36603297765139864,Low,5027,36.6
PO013007,SUP037,P00132,Fasteners,11,10447.25,SITE02,2022-11-07,2022-12-07,2022-12-05,30,28,-2,1.3,0.4737,0.0022,Low,0,0,0.36590708675413014,Low,5028,36.59
PO021696,SUP010,P00221,Electrical,13,24183.51,SITE01,2023-04-03,2023-05-01,2023-04-29,28,26,-2,1.4,0.4561,0.0004,Low,0,0,0.36578987274420444,Low,5029,36.58
PO024642,SUP034,P00254,Hydraulics,10,7402.6,SITE05,2022-10-31,2022-12-06,2022-12-04,36,34,-2,1.29,0.4731,0.0013,Low,0,0,0.36554976989663635,Low,5030,36.55
PO018633,SUP007,P00190,Structure,5,21151.6,SITE04,2023-01-02,2023-01-29,2023-01-28,27,26,-1,1.32,0.4535,0.0,Low,0,0,0.36552763666172033,Low,5031,36.55
PO013359,SUP034,P00136,LandingGear,4,12393.84,SITE02,2022-06-20,2022-07-19,2022-07-22,29,32,3,1.35,0.4516,0.0014,Low,1,0,0.365515882020075,Low,5032,36.55
PO008678,SUP022,P00086,Cabin,15,19569.45,SITE04,2024-06-17,2024-07-21,2024-07-23,34,36,2,1.16,0.4397,0.0006,Low,1,0,0.36550633257882564,Low,5033,36.55
PO015654,SUP019,P00157,LandingGear,12,30042.48,SITE06,2022-11-07,2022-11-30,2022-11-27,23,20,-3,1.22,0.4286,0.0016,Low,0,0,0.36548609561261924,Low,5034,36.55
PO026211,SUP036,P00268,Cabin,38,16241.2,SITE04,2022-03-14,2022-04-30,2022-05-05,47,52,5,1.02,0.3864,0.0,Low,1,0,0.36536952014617446,Low,5035,36.54
PO029631,SUP035,P00300,Fasteners,14,46914.84,SITE05,2024-09-09,2024-10-09,2024-10-08,30,29,-1,1.24,0.4434,0.0017,Low,0,0,0.36533201114351055,Low,5036,36.53
PO013802,SUP030,P00140,Structure,30,7389.3,SITE01,2024-01-22,2024-02-21,2024-02-18,30,27,-3,1.18,0.4256,0.0007,Low,0,0,0.36527596730494616,Low,5037,36.53
PO025062,SUP017,P00258,LandingGear,5,15161.9,SITE02,2023-04-03,2023-04-19,2023-04-18,16,15,-1,1.1,0.4324,0.0006,Low,0,0,0.36521514799664934,Low,5038,36.52
PO028247,SUP035,P00287,Cabin,8,16534.0,SITE05,2022-02-14,2022-03-26,2022-03-27,40,41,1,1.68,0.44,0.0,Low,1,0,0.3650848793439538,Low,5039,36.51
PO026842,SUP037,P00273,Fasteners,12,22939.56,SITE03,2024-07-15,2024-08-14,2024-08-12,30,28,-2,1.2,0.436,0.0011,Low,0,0,0.36489418017739705,Low,5040,36.49
PO020396,SUP020,P00207,Fasteners,2,1303.46,SITE02,2024-12-09,2024-12-31,2024-12-29,22,20,-2,1.03,0.3981,0.001,Low,0,0,0.3648585866284766,Low,5041,36.49
PO026838,SUP037,P00273,Fasteners,12,22939.56,SITE03,2024-01-08,2024-02-07,2024-02-12,30,35,5,1.21,0.4421,0.001,Low,1,0,0.36482574799177325,Low,5042,36.48
PO027095,SUP004,P00274,Avionics,10,2190.7,SITE06,2023-12-11,2024-01-17,2024-01-17,37,37,0,1.18,0.45,0.0006,Low,0,0,0.3647300946534569,Low,5043,36.47
PO008629,SUP022,P00086,Cabin,13,16960.19,SITE03,2023-02-06,2023-03-05,2023-03-02,27,24,-3,1.06,0.4128,0.0003,Low,0,0,0.3647151513810927,Low,5044,36.47
PO007555,SUP012,P00077,Fasteners,19,68599.69,SITE06,2023-02-27,2023-03-30,2023-04-02,31,34,3,0.98,0.3965,0.0006,Low,1,0,0.3645677389351767,Low,5045,36.46
PO025578,SUP029,P00263,Structure,19,16219.16,SITE04,2023-08-28,2023-10-05,2023-10-04,38,37,-1,1.22,0.4386,0.0006,Low,0,0,0.36452820437066247,Low,5046,36.45
PO020224,SUP010,P00205,LandingGear,42,38911.74,SITE04,2022-05-16,2022-06-08,2022-06-05,23,20,-3,1.52,0.5128,0.0,Low,0,0,0.3644708676062698,Low,5047,36.45
PO006216,SUP007,P00063,Avionics,50,17972.5,SITE03,2023-01-23,2023-02-26,2023-03-02,34,38,4,1.3,0.4474,0.0,Low,1,0,0.36443993951075104,Low,5048,36.44
PO016753,SUP001,P00170,Structure,13,6609.46,SITE04,2024-01-15,2024-02-22,2024-02-22,38,38,0,1.22,0.4198,0.0006,Low,0,0,0.36434179994289206,Low,5049,36.43
PO023727,SUP019,P00242,Electrical,9,9060.21,SITE04,2024-08-05,2024-08-26,2024-08-23,21,18,-3,1.19,0.4319,0.0016,Low,0,0,0.36427349619857774,Low,5050,36.43
PO008756,SUP022,P00087,Fasteners,1,5571.11,SITE01,2023-03-20,2023-04-14,2023-04-20,25,31,6,1.06,0.4139,0.0003,Low,1,0,0.364230555093055,Low,5051,36.42
PO023042,SUP004,P00234,Electrical,4,18439.92,SITE02,2024-04-08,2024-05-10,2024-05-14,32,36,4,1.18,0.4473,0.0007,Low,1,0,0.3641246214135557,Low,5052,36.41
PO004312,SUP019,P00045,Fasteners,7,28316.05,SITE01,2024-09-09,2024-10-11,2024-10-12,32,33,1,1.21,0.4318,0.0016,Low,1,0,0.3641149455419377,Low,5053,36.41
PO002642,SUP030,P00026,Fasteners,13,14234.61,SITE06,2023-08-07,2023-09-08,2023-09-05,32,29,-3,1.16,0.4132,0.0006,Low,0,0,0.36409952221206093,Low,5054,36.41
PO023138,SUP030,P00236,Hydraulics,3,18181.32,SITE02,2024-05-06,2024-06-14,2024-06-11,39,36,-3,1.2,0.4252,0.0008,Low,0,0,0.36396718829193475,Low,5055,36.4
PO027005,SUP004,P00274,Avionics,9,1971.63,SITE03,2024-04-22,2024-05-30,2024-05-30,38,38,0,1.17,0.4425,0.0007,Low,0,0,0.363898765120496,Low,5056,36.39
PO006573,SUP031,P00067,LandingGear,3,2364.6,SITE02,2022-06-06,2022-07-04,2022-07-02,28,26,-2,1.17,0.3898,0.0009,Low,0,0,0.3638760896124606,Low,5057,36.39
PO011912,SUP035,P00121,Avionics,3,889.05,SITE02,2023-06-05,2023-07-05,2023-07-07,30,32,2,1.34,0.4506,0.0028,Low,1,0,0.36387002313404765,Low,5058,36.39
PO014261,SUP010,P00143,Avionics,30,7864.8,SITE06,2022-11-14,2022-12-13,2022-12-11,29,27,-2,1.39,0.4649,0.0003,Low,0,0,0.36382052287569416,Low,5059,36.38
PO025048,SUP017,P00258,LandingGear,7,21226.66,SITE01,2023-12-18,2024-01-06,2024-01-07,19,20,1,1.08,0.414,0.0008,Low,1,0,0.3637598441411742,Low,5060,36.38
PO022210,SUP028,P00224,Fasteners,14,40009.34,SITE05,2024-05-20,2024-06-14,2024-06-17,25,28,3,1.09,0.4116,0.001,Low,1,0,0.36374684950320635,Low,5061,36.37
PO001410,SUP030,P00011,Fasteners,20,10760.4,SITE06,2023-05-08,2023-06-24,2023-06-23,47,46,-1,1.2,0.4173,0.0004,Low,0,0,0.3637441902178497,Low,5062,36.37
PO015480,SUP011,P00156,Cabin,8,31074.56,SITE03,2024-08-19,2024-10-02,2024-10-05,44,47,3,1.24,0.43,0.0008,Low,1,0,0.36367069902079296,Low,5063,36.37
PO002061,SUP007,P00019,Fasteners,17,48250.25,SITE04,2023-01-02,2023-02-07,2023-02-04,36,33,-3,1.33,0.4549,0.0,Low,0,0,0.36360457217861886,Low,5064,36.36
PO017272,SUP034,P00176,Fasteners,13,7808.97,SITE01,2023-07-24,2023-09-02,2023-09-03,40,41,1,1.2,0.4519,0.0019,Low,1,0,0.3635645391637031,Low,5065,36.36
PO024727,SUP037,P00255,Fasteners,14,16063.74,SITE06,2023-07-10,2023-08-16,2023-08-16,37,37,0,1.19,0.4336,0.0013,Low,0,0,0.36353659573611347,Low,5066,36.35
PO028231,SUP035,P00287,Cabin,66,136405.5,SITE04,2024-02-19,2024-03-27,2024-03-27,37,37,0,1.28,0.4515,0.0021,Low,0,0,0.36342181418196734,Low,5067,36.34
PO013916,SUP030,P00140,Structure,9,2216.79,SITE06,2023-12-25,2024-01-24,2024-01-21,30,27,-3,1.19,0.4253,0.0006,Low,0,0,0.36321637942693336,Low,5068,36.32
PO026168,SUP036,P00268,Cabin,9,3846.6,SITE02,2024-01-22,2024-03-11,2024-03-08,49,46,-3,1.21,0.4183,0.002,Low,0,0,0.36315653155330613,Low,5069,36.32
PO007599,SUP012,P00078,Electrical,17,28090.12,SITE02,2023-12-18,2024-01-04,2024-01-02,17,15,-2,1.01,0.4034,0.0005,Low,0,0,0.3630475356487781,Low,5070,36.3
PO011575,SUP034,P00117,Engine,6,7537.38,SITE02,2022-10-10,2022-11-27,2022-11-29,48,50,2,1.32,0.473,0.0015,Low,1,0,0.363018243247159,Low,5071,36.3
PO014074,SUP031,P00142,LandingGear,4,2246.2,SITE04,2023-01-09,2023-02-09,2023-02-08,31,30,-1,1.17,0.4052,0.0004,Low,0,0,0.3629947032587177,Low,5072,36.3
PO000223,SUP028,P00002,Cabin,27,18112.68,SITE05,2022-09-12,2022-10-12,2022-10-11,30,29,-1,0.97,0.399,0.001,Low,0,0,0.3629328423887542,Low,5073,36.29
PO012951,SUP017,P00131,Engine,3,1192.47,SITE01,2023-02-06,2023-03-12,2023-03-09,34,31,-3,1.11,0.4306,0.0004,Low,0,0,0.362900613239836,Low,5074,36.29
PO004195,SUP028,P00043,Electrical,4,7117.32,SITE03,2023-10-16,2023-11-03,2023-11-03,18,18,0,1.06,0.4132,0.001,Low,0,0,0.3628440044515761,Low,5075,36.28
PO020451,SUP020,P00207,Fasteners,9,5865.57,SITE06,2024-06-10,2024-07-07,2024-07-06,27,26,-1,1.04,0.3967,0.0009,Low,0,0,0.3628002512235071,Low,5076,36.28
PO016411,SUP012,P00165,Electrical,9,12935.79,SITE05,2022-04-11,2022-04-28,2022-04-30,17,19,2,0.92,0.3805,0.0,Low,1,0,0.36261721318600415,Low,5077,36.26
PO007317,SUP031,P00075,Engine,5,8357.75,SITE02,2023-10-23,2023-12-06,2023-12-03,44,41,-3,1.26,0.4196,0.0006,Low,0,0,0.36260215291644665,Low,5078,36.26
PO024475,SUP032,P00252,Engine,3,1585.32,SITE03,2022-10-31,2022-12-15,2022-12-14,45,44,-1,1.03,0.4146,0.0008,Low,0,0,0.36248837505087506,Low,5079,36.25
PO012965,SUP017,P00131,Engine,2,794.98,SITE04,2023-10-09,2023-11-20,2023-11-23,42,45,3,1.09,0.4216,0.0005,Low,1,0,0.3623897224669058,Low,5080,36.24
PO008912,SUP029,P00088,Structure,19,33643.87,SITE06,2023-05-08,2023-06-10,2023-06-09,33,32,-1,1.22,0.4361,0.0008,Low,0,0,0.3622190603848076,Low,5081,36.22
PO004013,SUP017,P00041,Fasteners,8,5606.24,SITE05,2023-09-11,2023-10-03,2023-10-02,22,21,-1,1.07,0.419,0.0005,Low,0,0,0.3621817496073198,Low,5082,36.22
PO022360,SUP032,P00225,LandingGear,23,15849.3,SITE06,2024-12-16,2025-01-09,2025-01-06,24,21,-3,1.0,0.389,0.0017,Low,0,0,0.36201807085377086,Low,5083,36.2
PO013032,SUP037,P00132,Fasteners,9,8547.75,SITE03,2024-01-01,2024-01-28,2024-01-30,27,29,2,1.2,0.4388,0.001,Low,1,0,0.36198322851932613,Low,5084,36.2
PO024566,SUP028,P00253,Hydraulics,3,1562.52,SITE05,2022-11-07,2022-12-03,2022-12-01,26,24,-2,0.95,0.3789,0.0008,Low,0,0,0.3616608476724022,Low,5085,36.17
PO007060,SUP007,P00071,Avionics,15,20839.2,SITE04,2023-07-31,2023-09-02,2023-09-02,33,33,0,1.33,0.4712,0.0002,Low,0,0,0.3614524508624828,Low,5086,36.15
PO001141,SUP012,P00009,Structure,4,12049.88,SITE01,2022-04-25,2022-05-17,2022-05-16,22,21,-1,0.96,0.3917,0.0,Low,0,0,0.36142480214898665,Low,5087,36.14
PO002057,SUP007,P00019,Fasteners,21,59603.25,SITE04,2022-10-03,2022-11-01,2022-11-03,29,31,2,1.33,0.4511,0.0,Low,1,0,0.36133601979296076,Low,5088,36.13
PO016384,SUP012,P00165,Electrical,4,5749.24,SITE03,2024-11-25,2024-12-11,2024-12-12,16,17,1,1.09,0.4179,0.0006,Low,1,0,0.36128118936680353,Low,5089,36.13
PO007782,SUP012,P00079,Electrical,14,18657.8,SITE06,2023-07-10,2023-07-29,2023-07-29,19,19,0,1.01,0.406,0.0004,Low,0,0,0.36120033299696874,Low,5090,36.12
PO021195,SUP008,P00216,Avionics,10,3068.6,SITE04,2023-04-24,2023-05-20,2023-05-24,26,30,4,1.25,0.4502,0.0005,Low,1,0,0.3611492311672518,Low,5091,36.11
PO020440,SUP020,P00207,Fasteners,6,3910.38,SITE06,2023-06-12,2023-07-08,2023-07-05,26,23,-3,1.04,0.3879,0.0008,Low,0,0,0.36091480132850673,Low,5092,36.09
PO016417,SUP012,P00165,Electrical,8,11498.48,SITE05,2023-07-31,2023-08-17,2023-08-16,17,16,-1,1.01,0.4035,0.0005,Low,0,0,0.3608481072699413,Low,5093,36.08
PO021704,SUP010,P00221,Electrical,25,46506.75,SITE01,2024-06-03,2024-06-28,2024-06-29,25,26,1,1.28,0.4357,0.0006,Low,1,0,0.3607097776569228,Low,5094,36.07
PO021165,SUP008,P00216,Avionics,6,1841.16,SITE03,2023-01-30,2023-02-23,2023-02-23,24,24,0,1.24,0.4444,0.0003,Low,0,0,0.3604479846473068,Low,5095,36.04
PO008130,SUP037,P00082,Electrical,7,21992.53,SITE05,2024-06-03,2024-06-30,2024-07-04,27,31,4,1.21,0.4374,0.0012,Low,1,0,0.3603520674451545,Low,5096,36.04
PO022040,SUP012,P00223,Avionics,34,18146.82,SITE04,2023-04-17,2023-05-24,2023-05-26,37,39,2,1.02,0.4046,0.0005,Low,1,0,0.360290088614772,Low,5097,36.03
PO023864,SUP017,P00244,Hydraulics,4,4174.28,SITE05,2022-01-03,2022-01-28,2022-01-31,25,28,3,0.67,0.5,0.0,Low,1,0,0.3602759855531114,Low,5098,36.03
PO013738,SUP001,P00139,Structure,3,4797.42,SITE03,2024-04-22,2024-05-23,2024-05-25,31,33,2,1.19,0.4104,0.0005,Low,1,0,0.360064847109147,Low,5099,36.01
PO023768,SUP008,P00243,LandingGear,2,36956.0,SITE01,2023-11-27,2023-12-17,2023-12-18,20,21,1,1.18,0.429,0.0011,Low,1,0,0.3600547360088518,Low,5100,36.01
PO010431,SUP028,P00104,Engine,8,3852.48,SITE06,2022-03-07,2022-04-06,2022-04-07,30,31,1,0.97,0.3898,0.0018,Low,1,0,0.35997412650364113,Low,5101,36.0
PO010715,SUP017,P00108,Cabin,22,13237.84,SITE02,2024-11-04,2024-12-08,2024-12-05,34,31,-3,1.12,0.4144,0.0007,Low,0,0,0.3599351592187915,Low,5102,35.99
PO016451,SUP035,P00166,Engine,4,1480.76,SITE02,2022-10-24,2022-11-29,2022-11-27,36,34,-2,1.52,0.4645,0.0,Low,0,0,0.3599057948583633,Low,5103,35.99
PO008110,SUP037,P00082,Electrical,33,103679.07,SITE04,2022-11-21,2022-12-15,2022-12-12,24,21,-3,1.35,0.4784,0.002,Low,0,0,0.35990265596290993,Low,5104,35.99
PO014708,SUP028,P00149,Fasteners,15,30655.65,SITE01,2023-09-04,2023-10-02,2023-10-02,28,28,0,1.03,0.4111,0.0009,Low,0,0,0.35974690122129954,Low,5105,35.97
PO013914,SUP030,P00140,Structure,3,738.93,SITE06,2023-12-04,2024-01-03,2023-12-31,30,27,-3,1.19,0.4252,0.0006,Low,0,0,0.3596659601311224,Low,5106,35.97
PO006177,SUP007,P00063,Avionics,17,6110.65,SITE01,2023-06-12,2023-07-21,2023-07-18,39,36,-3,1.3,0.464,0.0,Low,0,0,0.3596155073410769,Low,5107,35.96
PO020067,SUP032,P00204,Fasteners,4,7317.68,SITE03,2022-07-25,2022-08-22,2022-08-25,28,31,3,0.98,0.4205,0.0012,Low,1,0,0.3595901115040821,Low,5108,35.96
PO017700,SUP031,P00180,LandingGear,10,27589.3,SITE02,2023-05-22,2023-06-24,2023-06-21,33,30,-3,1.2,0.404,0.0003,Low,0,0,0.35939161871564945,Low,5109,35.94
PO014757,SUP028,P00149,Fasteners,6,12262.26,SITE03,2023-08-21,2023-09-18,2023-09-17,28,27,-1,1.0,0.3991,0.001,Low,0,0,0.35904986883740797,Low,5110,35.9
PO010918,SUP029,P00109,Engine,8,6400.16,SITE06,2023-03-27,2023-05-17,2023-05-17,51,51,0,1.13,0.4222,0.0009,Low,0,0,0.35896549150742885,Low,5111,35.9
PO002416,SUP030,P00025,Structure,61,27437.8,SITE04,2022-09-26,2022-10-31,2022-11-01,35,36,1,1.27,0.4422,0.0006,Low,1,0,0.3589581701347658,Low,5112,35.9
PO012039,SUP035,P00121,Avionics,28,8297.8,SITE06,2024-02-05,2024-03-07,2024-03-04,31,28,-3,1.29,0.4496,0.0021,Low,0,0,0.3589375235262811,Low,5113,35.89
PO028727,SUP030,P00293,Hydraulics,19,14613.28,SITE05,2024-11-25,2025-01-10,2025-01-15,46,51,5,1.2,0.4254,0.0009,Low,1,0,0.35880131019996697,Low,5114,35.88
PO004587,SUP011,P00047,Avionics,5,876.9,SITE02,2024-09-02,2024-10-16,2024-10-13,44,41,-3,1.25,0.4297,0.0008,Low,0,0,0.3586163403562784,Low,5115,35.86
PO007768,SUP012,P00079,Electrical,36,47977.2,SITE06,2022-02-07,2022-03-01,2022-03-01,22,22,0,0.8,0.3409,0.0,Low,0,0,0.35853403682970003,Low,5116,35.85
PO021372,SUP007,P00217,Fasteners,9,6221.52,SITE04,2024-06-10,2024-07-16,2024-07-20,36,40,4,1.3,0.4715,0.0001,Low,1,0,0.3584850312486394,Low,5117,35.85
PO012354,SUP020,P00124,Electrical,2,2037.44,SITE01,2022-04-04,2022-04-18,2022-04-16,14,12,-2,1.19,0.4865,0.0,Low,0,0,0.35843408814226807,Low,5118,35.84
PO025353,SUP010,P00261,Electrical,9,38200.5,SITE06,2022-01-03,2022-01-29,2022-01-29,26,26,0,0.0,0.0,0.0,Low,0,0,0.35834980961018964,Low,5119,35.83
PO004039,SUP017,P00041,Fasteners,20,14015.6,SITE06,2023-10-23,2023-11-17,2023-11-17,25,25,0,1.1,0.4241,0.0005,Low,0,0,0.3583246667838234,Low,5120,35.83
PO026223,SUP036,P00268,Cabin,16,6838.4,SITE04,2023-01-16,2023-03-07,2023-03-09,50,52,2,1.19,0.4238,0.0038,Low,1,0,0.3583204832290587,Low,5121,35.83
PO024675,SUP037,P00255,Fasteners,4,4589.64,SITE01,2023-12-04,2024-01-05,2024-01-06,32,33,1,1.21,0.4359,0.001,Low,1,0,0.35826621586922236,Low,5122,35.83
PO025808,SUP020,P00266,Fasteners,8,10823.44,SITE03,2023-04-03,2023-04-29,2023-05-03,26,30,4,1.04,0.3804,0.0005,Low,1,0,0.35817902538506285,Low,5123,35.82
PO016697,SUP001,P00170,Structure,11,5592.62,SITE02,2023-07-24,2023-08-30,2023-09-05,37,43,6,1.22,0.4274,0.0008,Low,1,0,0.3581508959121356,Low,5124,35.82
PO018829,SUP017,P00192,Structure,8,3988.88,SITE04,2023-12-11,2024-01-01,2023-12-29,21,18,-3,1.09,0.4196,0.0009,Low,0,0,0.3581405395984386,Low,5125,35.81
PO007638,SUP012,P00078,Electrical,6,9914.16,SITE04,2024-10-21,2024-11-07,2024-11-07,17,17,0,1.1,0.4202,0.0006,Low,0,0,0.35761960976591517,Low,5126,35.76
PO004310,SUP019,P00045,Fasteners,11,44496.65,SITE01,2024-07-29,2024-08-26,2024-08-23,28,25,-3,1.19,0.4329,0.0016,Low,0,0,0.35755436704009397,Low,5127,35.76
PO003645,SUP017,P00038,Fasteners,10,11440.8,SITE06,2023-11-13,2023-12-05,2023-12-03,22,20,-2,1.08,0.4193,0.0005,Low,0,0,0.35755213743900444,Low,5128,35.76
PO018650,SUP007,P00190,Structure,2,8460.64,SITE06,2023-08-07,2023-09-03,2023-09-07,27,31,4,1.33,0.469,0.0002,Low,1,0,0.35750524561528524,Low,5129,35.75
PO023875,SUP017,P00244,Hydraulics,5,5217.85,SITE05,2024-08-19,2024-09-15,2024-09-15,27,27,0,1.11,0.4144,0.0008,Low,0,0,0.35749363068854123,Low,5130,35.75
PO008171,SUP030,P00083,Fasteners,5,3169.05,SITE01,2022-09-05,2022-10-12,2022-10-13,37,38,1,1.26,0.4432,0.0006,Low,1,0,0.3574783482155754,Low,5131,35.75
PO020351,SUP011,P00206,Fasteners,8,3943.68,SITE04,2024-07-15,2024-08-23,2024-08-22,39,38,-1,1.24,0.4265,0.0009,Low,0,0,0.35745296615999095,Low,5132,35.75
PO022457,SUP001,P00227,LandingGear,5,3696.35,SITE02,2023-10-23,2023-12-02,2023-12-06,40,44,4,1.22,0.4229,0.0007,Low,1,0,0.3574030085426539,Low,5133,35.74
PO021727,SUP010,P00221,Electrical,26,48367.02,SITE03,2023-07-17,2023-08-09,2023-08-10,23,24,1,1.35,0.4562,0.0005,Low,1,0,0.357183388349201,Low,5134,35.72
PO011255,SUP008,P00115,Cabin,10,29582.3,SITE02,2022-07-18,2022-09-03,2022-09-03,47,47,0,1.16,0.4239,0.0,Low,0,0,0.3571667706140749,Low,5135,35.72
PO006336,SUP032,P00064,Structure,12,21765.12,SITE02,2023-07-31,2023-08-31,2023-08-28,31,28,-3,0.87,0.3376,0.0024,Low,0,0,0.3564843215003375,Low,5136,35.65
PO004381,SUP019,P00045,Fasteners,9,36406.35,SITE05,2024-12-23,2025-01-23,2025-01-20,31,28,-3,1.21,0.4348,0.0014,Low,0,0,0.3564072843713981,Low,5137,35.64
PO016367,SUP012,P00165,Electrical,6,8623.86,SITE02,2023-03-13,2023-03-29,2023-03-31,16,18,2,1.01,0.4021,0.0006,Low,1,0,0.3563873977323633,Low,5138,35.64
PO020371,SUP011,P00206,Fasteners,14,6901.44,SITE06,2023-05-08,2023-06-18,2023-06-16,41,39,-2,1.11,0.3843,0.0006,Low,0,0,0.3563509702103436,Low,5139,35.64
PO010683,SUP017,P00108,Cabin,13,7822.36,SITE02,2022-02-14,2022-03-25,2022-03-22,39,36,-3,0.94,0.3469,0.0,Low,0,0,0.35632717837025507,Low,5140,35.63
PO017835,SUP025,P00181,Structure,14,13939.1,SITE04,2023-05-15,2023-06-26,2023-06-27,42,43,1,2.57,0.6783,0.002,Medium,1,0,0.3562844897922725,Low,5141,35.63
PO017015,SUP019,P00173,Structure,20,19431.0,SITE06,2024-01-29,2024-03-03,2024-03-01,34,32,-2,1.14,0.4095,0.0019,Low,0,0,0.3562339752453605,Low,5142,35.62
PO022178,SUP028,P00224,Fasteners,21,60014.01,SITE04,2023-03-20,2023-04-15,2023-04-14,26,25,-1,0.97,0.3866,0.0007,Low,0,0,0.35619548336553325,Low,5143,35.62
PO015934,SUP017,P00160,Hydraulics,2,4091.8,SITE02,2024-08-05,2024-09-06,2024-09-03,32,29,-3,1.1,0.4103,0.0008,Low,0,0,0.35615720236139053,Low,5144,35.62
PO003553,SUP017,P00038,Fasteners,11,12584.88,SITE02,2024-01-29,2024-02-18,2024-02-15,20,17,-3,1.07,0.4107,0.0008,Low,0,0,0.3561132599248254,Low,5145,35.61
PO017755,SUP031,P00180,LandingGear,7,19312.51,SITE06,2023-08-07,2023-09-07,2023-09-05,31,29,-2,1.22,0.4167,0.0005,Low,0,0,0.3561089203970741,Low,5146,35.61
PO006837,SUP037,P00069,Avionics,13,26962.91,SITE04,2024-12-02,2025-01-06,2025-01-09,35,38,3,1.22,0.4426,0.0012,Low,1,0,0.3560693754455937,Low,5147,35.61
PO007365,SUP031,P00075,Engine,14,23401.7,SITE06,2024-10-07,2024-11-26,2024-11-25,50,49,-1,1.27,0.4389,0.0005,Low,0,0,0.35596066817601935,Low,5148,35.6
PO000257,SUP028,P00002,Cabin,52,34883.68,SITE06,2022-09-12,2022-10-08,2022-10-08,26,26,0,0.96,0.3971,0.001,Low,0,0,0.35595974990799145,Low,5149,35.6
PO021235,SUP008,P00216,Avionics,15,4602.9,SITE05,2024-10-07,2024-11-03,2024-10-31,27,24,-3,1.14,0.435,0.0011,Low,0,0,0.35584034658075414,Low,5150,35.58
PO010619,SUP022,P00107,Engine,3,3526.26,SITE04,2023-12-04,2024-01-11,2024-01-13,38,40,2,1.17,0.4429,0.0005,Low,1,0,0.35562908291629286,Low,5151,35.56
PO002593,SUP030,P00026,Fasteners,10,10949.7,SITE04,2024-07-15,2024-08-18,2024-08-20,34,36,2,1.2,0.4239,0.001,Low,1,0,0.35558488791119064,Low,5152,35.56
PO008271,SUP030,P00083,Fasteners,15,9507.15,SITE05,2022-01-31,2022-03-09,2022-03-12,37,40,3,1.36,0.4872,0.0,Low,1,0,0.35554445965354353,Low,5153,35.55
PO009043,SUP031,P00089,Cabin,11,13829.31,SITE06,2024-09-02,2024-10-25,2024-10-24,53,52,-1,1.25,0.435,0.0005,Low,0,0,0.3554325135746419,Low,5154,35.54
PO021523,SUP017,P00218,Cabin,34,79568.5,SITE04,2023-09-18,2023-10-21,2023-10-18,33,30,-3,1.07,0.419,0.0005,Low,0,0,0.3554176908582922,Low,5155,35.54
PO008623,SUP022,P00086,Cabin,30,39138.9,SITE03,2022-05-09,2022-06-09,2022-06-08,31,30,-1,1.01,0.3762,0.0,Low,0,0,0.3552692194913931,Low,5156,35.53
PO009406,SUP011,P00094,LandingGear,5,9602.35,SITE01,2024-07-22,2024-08-15,2024-08-19,24,28,4,1.24,0.4248,0.0009,Low,1,0,0.35524086655253767,Low,5157,35.52
PO011891,SUP035,P00121,Avionics,16,4741.6,SITE01,2023-10-02,2023-10-28,2023-10-30,26,28,2,1.27,0.4271,0.0023,Low,1,0,0.35504306489054266,Low,5158,35.5
PO016008,SUP012,P00161,Engine,1,4072.98,SITE05,2022-02-28,2022-04-11,2022-04-14,42,45,3,0.84,0.3529,0.0,Low,1,0,0.35499766573295993,Low,5159,35.5
PO017758,SUP031,P00180,LandingGear,5,13794.65,SITE06,2024-03-11,2024-04-14,2024-04-13,34,33,-1,1.29,0.4357,0.0005,Low,0,0,0.3549744350128587,Low,5160,35.5
PO020139,SUP032,P00204,Fasteners,23,42076.66,SITE06,2022-08-15,2022-09-17,2022-09-18,33,34,1,0.98,0.4316,0.0011,Low,1,0,0.35491629437164635,Low,5161,35.49
PO006807,SUP037,P00069,Avionics,5,10370.35,SITE01,2023-04-24,2023-05-27,2023-06-03,33,40,7,1.21,0.4476,0.0013,Low,1,0,0.3548635193054205,Low,5162,35.49
PO008025,SUP037,P00081,Electrical,14,48788.32,SITE04,2023-05-29,2023-06-18,2023-06-16,20,18,-2,1.19,0.4358,0.0014,Low,0,0,0.3547928970289293,Low,5163,35.48
PO020025,SUP032,P00204,Fasteners,9,16464.78,SITE01,2022-03-28,2022-04-27,2022-04-27,30,30,0,1.15,0.5294,0.0,Low,0,0,0.3546547797499608,Low,5164,35.47
PO014674,SUP019,P00148,Fasteners,4,48248.48,SITE05,2022-10-17,2022-11-13,2022-11-16,27,30,3,1.23,0.4343,0.0018,Low,1,0,0.35454764832589025,Low,5165,35.45
PO003118,SUP029,P00032,Electrical,7,6937.84,SITE04,2022-08-15,2022-09-18,2022-09-15,34,31,-3,1.24,0.4297,0.0016,Low,0,0,0.3545084212229534,Low,5166,35.45
PO018462,SUP008,P00188,Fasteners,2,6818.96,SITE05,2022-08-15,2022-09-19,2022-09-20,35,36,1,1.27,0.463,0.0,Low,1,0,0.35426820161854117,Low,5167,35.43
PO008862,SUP029,P00088,Structure,11,19478.03,SITE04,2022-07-25,2022-08-31,2022-08-31,37,37,0,1.29,0.4375,0.0017,Low,0,0,0.3542561456617814,Low,5168,35.43
PO027458,SUP022,P00278,Fasteners,8,43567.28,SITE05,2024-05-20,2024-06-10,2024-06-09,21,20,-1,1.17,0.4458,0.0007,Low,0,0,0.35414894679133385,Low,5169,35.41
PO004597,SUP011,P00047,Avionics,3,526.14,SITE04,2022-02-14,2022-03-27,2022-03-24,41,38,-3,1.73,0.4545,0.0,Low,0,0,0.35405557200950805,Low,5170,35.41
PO002863,SUP017,P00028,Engine,31,14629.21,SITE06,2024-06-03,2024-07-04,2024-07-04,31,31,0,1.1,0.4112,0.0008,Low,0,0,0.3539241853907884,Low,5171,35.39
PO016701,SUP001,P00170,Structure,10,5084.2,SITE02,2023-12-11,2024-01-14,2024-01-16,34,36,2,1.23,0.4194,0.0006,Low,1,0,0.3539057891780713,Low,5172,35.39
PO010583,SUP001,P00106,Avionics,8,1421.36,SITE06,2024-06-24,2024-08-07,2024-08-10,44,47,3,1.19,0.4144,0.0005,Low,1,0,0.3538492767453631,Low,5173,35.38
PO002287,SUP029,P00023,Structure,3,6999.27,SITE05,2024-05-06,2024-06-14,2024-06-12,39,37,-2,1.24,0.438,0.0009,Low,0,0,0.353795218000903,Low,5174,35.38
PO004603,SUP011,P00047,Avionics,6,1052.28,SITE04,2023-10-16,2023-11-26,2023-11-27,41,42,1,1.25,0.4072,0.0011,Low,1,0,0.35376942392653044,Low,5175,35.38
PO021130,SUP008,P00216,Avionics,12,3682.32,SITE01,2023-08-07,2023-09-07,2023-09-06,31,30,-1,1.2,0.4319,0.0011,Low,0,0,0.3537623077048455,Low,5176,35.38
PO008670,SUP022,P00086,Cabin,24,31311.12,SITE04,2023-08-07,2023-09-07,2023-09-10,31,34,3,1.13,0.4275,0.0004,Low,1,0,0.3535329686350338,Low,5177,35.35
PO001801,SUP031,P00017,Cabin,19,122786.93,SITE06,2022-12-12,2023-01-22,2023-01-26,41,45,4,1.19,0.4071,0.0004,Low,1,0,0.353480095444741,Low,5178,35.35
PO029620,SUP035,P00300,Fasteners,3,10053.18,SITE05,2022-03-14,2022-04-16,2022-04-19,33,36,3,1.27,0.3902,0.0,Low,1,0,0.3533178429242454,Low,5179,35.33
PO004353,SUP019,P00045,Fasteners,5,20225.75,SITE04,2023-06-12,2023-07-11,2023-07-10,29,28,-1,1.11,0.4092,0.0016,Low,0,0,0.3532256206738976,Low,5180,35.32
PO000218,SUP028,P00002,Cabin,18,12075.12,SITE05,2022-06-13,2022-07-13,2022-07-13,30,30,0,0.95,0.3893,0.0011,Low,0,0,0.3531673919762156,Low,5181,35.32
PO007102,SUP007,P00071,Avionics,22,30564.16,SITE06,2023-03-13,2023-04-17,2023-04-19,35,37,2,1.35,0.4641,0.0,Low,1,0,0.3530129927429546,Low,5182,35.3
PO024281,SUP031,P00249,Hydraulics,12,5948.76,SITE01,2024-11-04,2024-12-16,2024-12-19,42,45,3,1.28,0.442,0.0005,Low,1,0,0.3529813599671534,Low,5183,35.3
PO021371,SUP007,P00217,Fasteners,11,7604.08,SITE04,2024-05-27,2024-07-03,2024-07-07,37,41,4,1.3,0.4701,0.0001,Low,1,0,0.3529807327996689,Low,5184,35.3
PO014242,SUP010,P00143,Avionics,20,5243.2,SITE05,2024-07-15,2024-08-15,2024-08-19,31,35,4,1.28,0.4342,0.0007,Low,1,0,0.3529315011181243,Low,5185,35.29
PO025562,SUP029,P00263,Structure,9,7682.76,SITE04,2022-01-03,2022-02-11,2022-02-08,39,36,-3,0.0,0.0,0.0,Low,0,0,0.35280216069371834,Low,5186,35.28
PO024275,SUP031,P00249,Hydraulics,7,3470.11,SITE01,2023-01-09,2023-02-27,2023-03-01,49,51,2,1.17,0.4044,0.0004,Low,1,0,0.35268364396165464,Low,5187,35.27
PO007626,SUP012,P00078,Electrical,18,29742.48,SITE04,2023-05-29,2023-06-14,2023-06-11,16,13,-3,1.02,0.4043,0.0005,Low,0,0,0.3525663336899325,Low,5188,35.26
PO021264,SUP008,P00216,Avionics,14,4296.04,SITE06,2024-05-13,2024-06-09,2024-06-09,27,27,0,1.14,0.4276,0.0012,Low,0,0,0.35235529277470573,Low,5189,35.24
PO002062,SUP007,P00019,Fasteners,20,56765.0,SITE04,2023-01-30,2023-03-02,2023-02-27,31,28,-3,1.32,0.4485,0.0,Low,0,0,0.35228905518943887,Low,5190,35.23
PO000053,SUP004,P00001,Electrical,14,32528.3,SITE04,2024-04-08,2024-05-05,2024-05-07,27,29,2,1.18,0.4462,0.0007,Low,1,0,0.35218425143001314,Low,5191,35.22
PO014210,SUP010,P00143,Avionics,14,3670.24,SITE04,2024-07-29,2024-08-31,2024-08-30,33,32,-1,1.28,0.4373,0.0007,Low,0,0,0.3519764829673609,Low,5192,35.2
PO008174,SUP030,P00083,Fasteners,9,5704.29,SITE01,2022-12-05,2023-01-11,2023-01-09,37,35,-2,1.25,0.4408,0.0006,Low,0,0,0.351957794248433,Low,5193,35.2
PO003120,SUP029,P00032,Electrical,7,6937.84,SITE04,2023-06-26,2023-08-05,2023-08-05,40,40,0,1.21,0.4371,0.0007,Low,0,0,0.35194281776931124,Low,5194,35.19
PO010626,SUP022,P00107,Engine,8,9403.36,SITE05,2023-09-18,2023-10-25,2023-10-24,37,36,-1,1.16,0.4338,0.0004,Low,0,0,0.3519084560977599,Low,5195,35.19
PO011654,SUP035,P00118,Engine,5,1763.8,SITE04,2022-01-10,2022-02-16,2022-02-13,37,34,-3,1.62,0.5,0.0,Low,0,0,0.3516205869714665,Low,5196,35.16
PO028275,SUP035,P00287,Cabin,13,26867.75,SITE05,2024-12-02,2025-01-18,2025-01-21,47,50,3,1.22,0.439,0.0015,Low,1,0,0.351533125078171,Low,5197,35.15
PO014688,SUP019,P00148,Fasteners,2,24124.24,SITE06,2024-06-10,2024-07-04,2024-07-08,24,28,4,1.2,0.4332,0.0017,Low,1,0,0.35152100735296105,Low,5198,35.15
PO007702,SUP012,P00079,Electrical,12,15992.4,SITE01,2024-08-12,2024-08-31,2024-08-29,19,17,-2,1.08,0.4151,0.0007,Low,0,0,0.35146825531162257,Low,5199,35.15
PO023866,SUP017,P00244,Hydraulics,10,10435.7,SITE05,2022-01-31,2022-03-01,2022-03-02,29,30,1,1.0,0.3333,0.0,Low,1,0,0.35115907413000436,Low,5200,35.12
PO027851,SUP001,P00284,Fasteners,7,19792.99,SITE01,2023-07-10,2023-08-28,2023-08-28,49,49,0,1.24,0.4348,0.0009,Low,0,0,0.3508797261590605,Low,5201,35.09
PO013880,SUP030,P00140,Structure,11,2709.41,SITE05,2022-12-19,2023-01-20,2023-01-19,32,31,-1,1.21,0.4315,0.0006,Low,0,0,0.35086992007700196,Low,5202,35.09
PO001390,SUP030,P00011,Fasteners,2,1076.04,SITE05,2023-09-04,2023-10-17,2023-10-19,43,45,2,1.16,0.4211,0.0006,Low,1,0,0.3508213233574549,Low,5203,35.08
PO009336,SUP030,P00093,Engine,7,3563.28,SITE01,2024-10-21,2024-11-29,2024-11-26,39,36,-3,1.21,0.4255,0.0009,Low,0,0,0.35071855249815925,Low,5204,35.07
PO001360,SUP030,P00011,Fasteners,10,5380.2,SITE04,2022-07-04,2022-08-10,2022-08-07,37,34,-3,1.32,0.4721,0.0004,Low,0,0,0.35058373821103184,Low,5205,35.06
PO027425,SUP022,P00278,Fasteners,10,54459.1,SITE04,2023-06-19,2023-07-15,2023-07-15,26,26,0,1.09,0.4216,0.0004,Low,0,0,0.3505762463933312,Low,5206,35.06
PO013868,SUP030,P00140,Structure,23,5665.13,SITE04,2024-08-26,2024-09-29,2024-10-01,34,36,2,1.2,0.4237,0.0009,Low,1,0,0.3505606816505788,Low,5207,35.06
PO008198,SUP030,P00083,Fasteners,13,8239.53,SITE02,2023-02-13,2023-03-22,2023-03-20,37,35,-2,1.18,0.4229,0.0005,Low,0,0,0.3504727967374998,Low,5208,35.05
PO003994,SUP017,P00041,Fasteners,6,4204.68,SITE04,2024-03-18,2024-04-12,2024-04-18,25,31,6,1.08,0.4102,0.0008,Low,1,0,0.3504618387403488,Low,5209,35.05
PO002798,SUP017,P00028,Engine,2,943.82,SITE02,2022-11-07,2022-12-07,2022-12-10,30,33,3,1.15,0.4334,0.0004,Low,1,0,0.3503446304092571,Low,5210,35.03
PO014192,SUP010,P00143,Avionics,37,9699.92,SITE04,2022-10-03,2022-11-02,2022-11-07,30,35,5,1.37,0.4788,0.0003,Low,1,0,0.350171944756318,Low,5211,35.02
PO027498,SUP012,P00279,Fasteners,3,32982.09,SITE02,2024-03-11,2024-04-14,2024-04-15,34,35,1,0.99,0.3979,0.0006,Low,1,0,0.35016612974526884,Low,5212,35.02
PO013266,SUP037,P00134,Hydraulics,15,5521.8,SITE04,2024-10-14,2024-11-12,2024-11-12,29,29,0,1.22,0.4419,0.0012,Low,0,0,0.3500755282853957,Low,5213,35.01
PO004810,SUP034,P00049,Fasteners,3,32152.86,SITE03,2024-08-05,2024-09-16,2024-09-18,42,44,2,1.26,0.4551,0.0021,Low,1,0,0.3500136601537189,Low,5214,35.0
PO013418,SUP034,P00136,LandingGear,10,30984.6,SITE05,2023-07-24,2023-08-22,2023-08-21,29,28,-1,1.21,0.4534,0.0019,Low,0,0,0.34997782105160186,Low,5215,35.0
PO007753,SUP012,P00079,Electrical,7,9328.9,SITE05,2022-08-08,2022-08-26,2022-08-27,18,19,1,0.97,0.3843,0.0004,Low,1,0,0.34995316589549563,Low,5216,35.0
PO011914,SUP035,P00121,Avionics,7,2074.45,SITE02,2023-08-14,2023-09-09,2023-09-10,26,27,1,1.31,0.4411,0.0025,Low,1,0,0.34978163119891637,Low,5217,34.98
PO014956,SUP010,P00150,Fasteners,17,35426.13,SITE06,2024-05-13,2024-06-10,2024-06-07,28,25,-3,1.29,0.4378,0.0006,Low,0,0,0.3496823123086366,Low,5218,34.97
PO017468,SUP010,P00177,Avionics,6,1966.2,SITE04,2024-03-04,2024-04-07,2024-04-13,34,40,6,1.31,0.4405,0.0006,Low,1,0,0.3496418470582957,Low,5219,34.96
PO001234,SUP036,P00010,Electrical,20,29778.2,SITE04,2022-06-20,2022-07-22,2022-07-21,32,31,-1,1.07,0.4048,0.0021,Low,0,0,0.34939825667072705,Low,5220,34.94
PO015492,SUP011,P00156,Cabin,32,124298.24,SITE04,2023-01-23,2023-03-11,2023-03-08,47,44,-3,1.08,0.3886,0.0004,Low,0,0,0.3492658923610042,Low,5221,34.93
PO001448,SUP030,P00012,Engine,4,1420.12,SITE03,2024-06-17,2024-08-07,2024-08-08,51,52,1,1.21,0.4263,0.0009,Low,1,0,0.3492494300703604,Low,5222,34.92
PO018435,SUP008,P00188,Fasteners,8,27275.84,SITE02,2023-05-29,2023-07-07,2023-07-10,39,42,3,1.26,0.4474,0.001,Low,1,0,0.3491574914805846,Low,5223,34.92
PO017397,SUP034,P00176,Fasteners,14,8409.66,SITE06,2022-08-01,2022-09-14,2022-09-12,44,42,-2,1.39,0.4741,0.0021,Low,0,0,0.3491521887514962,Low,5224,34.92
PO027874,SUP001,P00284,Fasteners,9,25448.13,SITE02,2024-05-06,2024-06-27,2024-06-26,52,51,-1,1.19,0.4128,0.0005,Low,0,0,0.3491284234194071,Low,5225,34.91
PO015947,SUP017,P00160,Hydraulics,23,47055.7,SITE04,2022-05-02,2022-06-02,2022-05-31,31,29,-2,1.3,0.4365,0.0,Low,0,0,0.34907295747507605,Low,5226,34.91
PO008063,SUP037,P00081,Electrical,6,20909.28,SITE06,2024-04-08,2024-04-30,2024-04-30,22,22,0,1.25,0.4519,0.0009,Low,0,0,0.3490042881850753,Low,5227,34.9
PO013076,SUP037,P00132,Fasteners,8,7598.0,SITE04,2024-03-25,2024-04-27,2024-05-01,33,37,4,1.25,0.4529,0.0009,Low,1,0,0.34891461810952135,Low,5228,34.89
PO010927,SUP029,P00109,Engine,11,8800.22,SITE06,2024-11-25,2025-01-09,2025-01-11,45,47,2,1.21,0.4335,0.0009,Low,1,0,0.34889426554001096,Low,5229,34.89
PO025526,SUP029,P00263,Structure,18,15365.52,SITE01,2023-08-07,2023-09-07,2023-09-08,31,32,1,1.2,0.4297,0.0006,Low,1,0,0.3488854808448967,Low,5230,34.89
PO023041,SUP004,P00234,Electrical,2,9219.96,SITE02,2024-01-08,2024-02-06,2024-02-08,29,31,2,1.19,0.4525,0.0006,Low,1,0,0.348851363969011,Low,5231,34.89
PO013370,SUP034,P00136,LandingGear,6,18590.76,SITE03,2022-01-31,2022-03-01,2022-02-26,29,26,-3,0.88,0.375,0.0,Low,0,0,0.34877616211016205,Low,5232,34.88
PO021222,SUP008,P00216,Avionics,11,3375.46,SITE05,2023-03-20,2023-04-18,2023-04-15,29,26,-3,1.25,0.4407,0.0003,Low,0,0,0.3485732478324948,Low,5233,34.86
PO012929,SUP010,P00130,Structure,12,12675.36,SITE04,2024-12-16,2025-01-08,2025-01-07,23,22,-1,1.27,0.4323,0.0006,Low,0,0,0.3485244087420343,Low,5234,34.85
PO001809,SUP031,P00017,Cabin,20,129249.4,SITE06,2024-01-15,2024-02-25,2024-02-26,41,42,1,1.26,0.4288,0.0005,Low,1,0,0.3485047879138674,Low,5235,34.85
PO017677,SUP028,P00179,Electrical,16,10304.8,SITE06,2024-09-02,2024-09-15,2024-09-14,13,12,-1,1.08,0.4028,0.0009,Low,0,0,0.3484159237203997,Low,5236,34.84
PO021326,SUP007,P00217,Fasteners,5,3456.4,SITE03,2022-12-12,2023-01-21,2023-01-22,40,41,1,1.38,0.4631,0.0,Low,1,0,0.34840009279678175,Low,5237,34.84
PO013287,SUP037,P00134,Hydraulics,13,4785.56,SITE06,2022-12-19,2023-01-15,2023-01-13,27,25,-2,1.32,0.475,0.0018,Low,0,0,0.34836155627386145,Low,5238,34.84
PO023728,SUP019,P00242,Electrical,14,14093.66,SITE04,2024-09-16,2024-10-11,2024-10-08,25,22,-3,1.21,0.4341,0.0015,Low,0,0,0.3480971445373418,Low,5239,34.81
PO021436,SUP017,P00218,Cabin,7,16381.75,SITE01,2023-03-13,2023-04-19,2023-04-20,37,38,1,1.1,0.4307,0.0007,Low,1,0,0.3480272335928605,Low,5240,34.8
PO002884,SUP036,P00029,Structure,6,25181.76,SITE04,2022-12-19,2023-01-21,2023-01-19,33,31,-2,1.22,0.428,0.004,Low,0,0,0.34800174991644633,Low,5241,34.8
PO015494,SUP011,P00156,Cabin,38,147604.16,SITE04,2023-04-10,2023-05-24,2023-05-21,44,41,-3,1.08,0.3824,0.0003,Low,0,0,0.3479936931431527,Low,5242,34.8
PO026248,SUP036,P00268,Cabin,26,11112.4,SITE05,2022-08-15,2022-09-30,2022-10-05,46,51,5,1.12,0.4078,0.0021,Low,1,0,0.3479358783498478,Low,5243,34.79
PO025707,SUP007,P00265,Hydraulics,6,2382.36,SITE04,2022-04-25,2022-05-22,2022-05-23,27,28,1,1.41,0.4605,0.0,Low,1,0,0.34750329435672594,Low,5244,34.75
PO014227,SUP010,P00143,Avionics,8,2097.28,SITE05,2022-12-12,2023-01-07,2023-01-08,26,27,1,1.42,0.4653,0.0005,Low,1,0,0.34746773907060013,Low,5245,34.75
PO013852,SUP030,P00140,Structure,25,6157.75,SITE04,2023-05-08,2023-06-03,2023-06-08,26,31,5,1.2,0.4187,0.0004,Low,1,0,0.3474612644575009,Low,5246,34.75
PO008096,SUP037,P00082,Electrical,20,62835.8,SITE03,2024-08-19,2024-09-17,2024-09-19,29,31,2,1.2,0.4396,0.0011,Low,1,0,0.34737603432076947,Low,5247,34.74
PO011316,SUP008,P00115,Cabin,27,79872.21,SITE04,2023-01-16,2023-02-19,2023-02-19,34,34,0,1.3,0.4663,0.0003,Low,0,0,0.34735722466655566,Low,5248,34.74
PO009464,SUP011,P00094,LandingGear,9,17284.23,SITE05,2023-06-12,2023-07-08,2023-07-06,26,24,-2,1.16,0.3986,0.0009,Low,0,0,0.34720264896769315,Low,5249,34.72
PO028437,SUP004,P00289,Structure,25,8910.75,SITE04,2024-07-01,2024-08-06,2024-08-06,36,36,0,1.19,0.4391,0.0008,Low,0,0,0.34710805672921696,Low,5250,34.71
PO022316,SUP032,P00225,LandingGear,12,8269.2,SITE05,2023-06-05,2023-06-28,2023-06-29,23,24,1,0.87,0.338,0.0023,Low,1,0,0.3470543653876987,Low,5251,34.71
PO012455,SUP020,P00124,Electrical,9,9168.48,SITE06,2024-12-16,2024-12-31,2025-01-07,15,22,7,1.03,0.3986,0.0009,Low,1,0,0.3465667484209667,Low,5252,34.66
PO022494,SUP001,P00227,LandingGear,16,11828.32,SITE04,2023-07-03,2023-08-16,2023-08-22,44,50,6,1.22,0.4345,0.0009,Low,1,0,0.34656101039789333,Low,5253,34.66
PO009407,SUP011,P00094,LandingGear,3,5761.41,SITE01,2024-08-12,2024-09-11,2024-09-13,30,32,2,1.25,0.428,0.0008,Low,1,0,0.3465032925398757,Low,5254,34.65
PO023037,SUP004,P00234,Electrical,8,36879.84,SITE02,2023-10-09,2023-11-07,2023-11-07,29,29,0,1.19,0.4613,0.0007,Low,0,0,0.34637592642884624,Low,5255,34.64
PO020644,SUP019,P00211,Fasteners,6,7196.04,SITE04,2024-07-29,2024-09-04,2024-09-03,37,36,-1,1.19,0.4315,0.0016,Low,0,0,0.34629417657376504,Low,5256,34.63
PO013823,SUP030,P00140,Structure,6,1477.86,SITE03,2022-04-11,2022-05-08,2022-05-15,27,34,7,1.36,0.4554,0.0,Low,1,0,0.34625481664111774,Low,5257,34.63
PO018356,SUP012,P00187,Structure,8,7609.36,SITE03,2022-07-18,2022-08-14,2022-08-15,27,28,1,0.98,0.3889,0.0004,Low,1,0,0.3461817989315624,Low,5258,34.62
PO007266,SUP035,P00073,Avionics,6,20565.9,SITE06,2023-11-27,2023-12-23,2023-12-24,26,27,1,1.27,0.4385,0.0023,Low,1,0,0.34614538596700584,Low,5259,34.61
PO027946,SUP001,P00284,Fasteners,22,62206.54,SITE06,2023-09-11,2023-10-28,2023-10-27,47,46,-1,1.23,0.4275,0.0007,Low,0,0,0.34613584706622763,Low,5260,34.61
PO017444,SUP010,P00177,Avionics,15,4915.5,SITE02,2023-03-06,2023-04-08,2023-04-09,33,34,1,1.43,0.4609,0.0004,Low,1,0,0.3459092740329105,Low,5261,34.59
PO025795,SUP020,P00266,Fasteners,7,9470.51,SITE02,2024-08-05,2024-09-05,2024-09-04,31,30,-1,1.02,0.3886,0.0009,Low,0,0,0.34588103704275,Low,5262,34.59
PO017280,SUP034,P00176,Fasteners,6,3604.14,SITE01,2024-10-07,2024-11-20,2024-11-24,44,48,4,1.27,0.4547,0.002,Low,1,0,0.34576078361794416,Low,5263,34.58
PO015413,SUP011,P00156,Cabin,3,11652.96,SITE01,2023-11-27,2024-01-13,2024-01-10,47,44,-3,1.25,0.4153,0.001,Low,0,0,0.34572696142432985,Low,5264,34.57
PO025406,SUP030,P00262,Structure,27,11052.45,SITE02,2024-11-25,2024-12-26,2024-12-24,31,29,-2,1.2,0.4258,0.0009,Low,0,0,0.3457195334363052,Low,5265,34.57
PO025098,SUP017,P00258,LandingGear,6,18194.28,SITE04,2024-05-06,2024-05-27,2024-05-28,21,22,1,1.1,0.4102,0.0008,Low,1,0,0.3456281425916439,Low,5266,34.56
PO029081,SUP007,P00296,Fasteners,3,2161.89,SITE05,2024-04-29,2024-06-01,2024-06-01,33,33,0,1.29,0.4688,0.0001,Low,0,0,0.3454581261093895,Low,5267,34.55
PO003454,SUP037,P00036,Structure,4,3420.2,SITE05,2024-02-26,2024-03-27,2024-04-04,30,38,8,1.23,0.4463,0.001,Low,1,0,0.3452424813536769,Low,5268,34.52
PO011572,SUP034,P00117,Engine,2,2512.46,SITE01,2024-11-11,2024-12-30,2024-12-27,49,46,-3,1.27,0.4527,0.0019,Low,0,0,0.3451660747986384,Low,5269,34.52
PO011633,SUP035,P00118,Engine,7,2469.32,SITE01,2024-01-29,2024-03-11,2024-03-09,42,40,-2,1.29,0.4489,0.0021,Low,0,0,0.344900442150442,Low,5270,34.49
PO013905,SUP030,P00140,Structure,10,2463.1,SITE06,2022-07-11,2022-08-12,2022-08-09,32,29,-3,1.3,0.4626,0.0004,Low,0,0,0.3447906053866679,Low,5271,34.48
PO001416,SUP030,P00011,Fasteners,18,9684.36,SITE06,2023-09-18,2023-10-30,2023-11-01,42,44,2,1.17,0.4231,0.0006,Low,1,0,0.3446116013293408,Low,5272,34.46
PO021726,SUP010,P00221,Electrical,15,27904.05,SITE03,2023-05-08,2023-06-03,2023-05-31,26,23,-3,1.38,0.4522,0.0003,Low,0,0,0.34418433706761736,Low,5273,34.42
PO008569,SUP022,P00086,Cabin,5,6523.15,SITE01,2022-08-01,2022-08-29,2022-08-31,28,30,2,0.93,0.3333,0.0,Low,1,0,0.3439742404248693,Low,5274,34.4
PO023886,SUP017,P00244,Hydraulics,12,12522.84,SITE06,2023-10-30,2023-11-25,2023-11-24,26,25,-1,1.09,0.4208,0.0005,Low,0,0,0.3438560466484418,Low,5275,34.39
PO005635,SUP001,P00058,Hydraulics,28,44029.72,SITE04,2022-04-18,2022-05-26,2022-05-23,38,35,-3,1.27,0.4545,0.0,Low,0,0,0.34378946217706013,Low,5276,34.38
PO016410,SUP012,P00165,Electrical,3,4311.93,SITE05,2022-03-07,2022-03-22,2022-03-25,15,18,3,0.83,0.3636,0.0,Low,1,0,0.34374228911185434,Low,5277,34.37
PO012394,SUP020,P00124,Electrical,17,17318.24,SITE04,2022-05-30,2022-06-15,2022-06-13,16,14,-2,0.97,0.4138,0.0,Low,0,0,0.3437072588489609,Low,5278,34.37
PO007478,SUP012,P00077,Fasteners,4,14442.04,SITE02,2022-08-08,2022-09-05,2022-09-02,28,25,-3,0.98,0.3891,0.0004,Low,0,0,0.34351372466771013,Low,5279,34.35
PO001391,SUP030,P00011,Fasteners,9,4842.18,SITE05,2023-10-23,2023-12-01,2023-12-01,39,39,0,1.18,0.4238,0.0005,Low,0,0,0.3434489150713975,Low,5280,34.34
PO009425,SUP011,P00094,LandingGear,6,11522.82,SITE03,2022-06-27,2022-07-31,2022-08-01,34,35,1,1.07,0.3404,0.0,Low,1,0,0.3434417014711133,Low,5281,34.34
PO008810,SUP022,P00087,Fasteners,10,55711.1,SITE06,2024-02-26,2024-03-21,2024-03-18,24,21,-3,1.16,0.4426,0.0006,Low,0,0,0.3432020213703932,Low,5282,34.32
PO020043,SUP032,P00204,Fasteners,11,20123.62,SITE02,2022-09-19,2022-10-22,2022-10-20,33,31,-2,0.95,0.4299,0.001,Low,0,0,0.3430912081074017,Low,5283,34.31
PO027879,SUP001,P00284,Fasteners,14,39585.98,SITE03,2023-01-23,2023-03-10,2023-03-07,46,43,-3,1.2,0.4506,0.0008,Low,0,0,0.3429606356067389,Low,5284,34.3
PO013430,SUP034,P00136,LandingGear,9,27886.14,SITE06,2022-04-04,2022-05-02,2022-05-02,28,28,0,1.33,0.4423,0.0041,Low,0,0,0.3429604082344949,Low,5285,34.3
PO017271,SUP034,P00176,Fasteners,10,6006.9,SITE01,2023-07-10,2023-08-25,2023-08-25,46,46,0,1.21,0.451,0.002,Low,0,0,0.3428817179261477,Low,5286,34.29
PO028341,SUP031,P00288,Electrical,3,2899.26,SITE05,2023-03-06,2023-03-27,2023-04-02,21,27,6,1.18,0.404,0.0003,Low,1,0,0.3428130027656708,Low,5287,34.28
PO022249,SUP032,P00225,LandingGear,15,10336.5,SITE01,2023-09-04,2023-09-25,2023-09-29,21,25,4,0.88,0.3399,0.0023,Low,1,0,0.34278652519859737,Low,5288,34.28
PO028063,SUP004,P00285,Fasteners,5,4562.8,SITE05,2024-08-26,2024-10-10,2024-10-08,45,43,-2,1.17,0.4324,0.0007,Low,0,0,0.34251694558448037,Low,5289,34.25
PO003134,SUP029,P00032,Electrical,4,3964.48,SITE05,2024-09-30,2024-11-09,2024-11-10,40,41,1,1.2,0.4293,0.0009,Low,1,0,0.3423761253110372,Low,5290,34.24
PO015551,SUP011,P00156,Cabin,32,124298.24,SITE06,2022-10-17,2022-12-01,2022-12-01,45,45,0,1.04,0.3725,0.0005,Low,0,0,0.34235517339919025,Low,5291,34.24
PO003684,SUP008,P00039,LandingGear,8,12792.24,SITE02,2024-07-15,2024-08-08,2024-08-06,24,22,-2,1.15,0.438,0.0011,Low,0,0,0.34229836984720446,Low,5292,34.23
PO013887,SUP030,P00140,Structure,22,5418.82,SITE05,2023-09-11,2023-10-11,2023-10-13,30,32,2,1.17,0.4227,0.0006,Low,1,0,0.3422577960994786,Low,5293,34.23
PO021466,SUP017,P00218,Cabin,14,32763.5,SITE02,2024-01-29,2024-03-01,2024-03-03,32,34,2,1.07,0.4088,0.0008,Low,1,0,0.3421335449774778,Low,5294,34.21
PO006159,SUP008,P00062,Electrical,1,9803.25,SITE04,2022-12-19,2023-01-11,2023-01-13,23,25,2,1.35,0.4859,0.0004,Low,1,0,0.34201349143885873,Low,5295,34.2
PO012215,SUP029,P00123,Cabin,7,21005.11,SITE02,2022-09-19,2022-11-04,2022-11-02,46,44,-2,1.14,0.4151,0.0013,Low,0,0,0.3420010083304527,Low,5296,34.2
PO001293,SUP030,P00011,Fasteners,9,4842.18,SITE01,2022-02-14,2022-03-25,2022-03-23,39,37,-2,1.48,0.5,0.0,Low,0,0,0.34198995361585494,Low,5297,34.2
PO025058,SUP017,P00258,LandingGear,5,15161.9,SITE02,2022-09-26,2022-10-14,2022-10-13,18,17,-1,1.11,0.4158,0.0002,Low,0,0,0.34172031498863686,Low,5298,34.17
PO008072,SUP037,P00082,Electrical,2,6283.58,SITE01,2023-05-29,2023-06-26,2023-06-27,28,29,1,1.19,0.4348,0.0014,Low,1,0,0.3416908544628138,Low,5299,34.17
PO001275,SUP036,P00010,Electrical,4,5955.64,SITE05,2024-11-04,2024-12-07,2024-12-14,33,40,7,1.22,0.4179,0.0013,Low,1,0,0.34159999122925155,Low,5300,34.16
PO001197,SUP036,P00010,Electrical,9,13400.19,SITE01,2024-06-03,2024-07-04,2024-07-02,31,29,-2,1.22,0.4173,0.0016,Low,0,0,0.34150652233478135,Low,5301,34.15
PO026999,SUP004,P00274,Avionics,16,3505.12,SITE03,2023-06-19,2023-08-01,2023-07-30,43,41,-2,1.16,0.4543,0.0008,Low,0,0,0.3413885578255668,Low,5302,34.14
PO021971,SUP012,P00223,Avionics,6,3202.38,SITE02,2023-09-04,2023-10-06,2023-10-09,32,35,3,1.0,0.4006,0.0005,Low,1,0,0.3411922850025364,Low,5303,34.12
PO013918,SUP030,P00140,Structure,10,2463.1,SITE06,2024-04-15,2024-05-14,2024-05-15,29,30,1,1.18,0.4222,0.0008,Low,1,0,0.3411876590154,Low,5304,34.12
PO023117,SUP028,P00235,Engine,4,20259.4,SITE04,2023-01-16,2023-02-20,2023-02-21,35,36,1,0.96,0.3846,0.0008,Low,1,0,0.3411796649407288,Low,5305,34.12
PO006269,SUP007,P00063,Avionics,8,2875.6,SITE05,2023-05-29,2023-07-06,2023-07-09,38,41,3,1.32,0.467,0.0,Low,1,0,0.3409597934745667,Low,5306,34.1
PO027053,SUP004,P00274,Avionics,12,2628.84,SITE05,2023-02-13,2023-03-24,2023-03-21,39,36,-3,1.23,0.4798,0.001,Low,0,0,0.3406984360112769,Low,5307,34.07
PO008936,SUP031,P00089,Cabin,6,7543.26,SITE01,2024-11-18,2024-12-31,2024-12-29,43,41,-2,1.29,0.445,0.0005,Low,0,0,0.3405982355063236,Low,5308,34.06
PO021354,SUP007,P00217,Fasteners,30,20738.4,SITE04,2023-02-20,2023-03-26,2023-03-27,34,35,1,1.32,0.457,0.0,Low,1,0,0.34052431617629303,Low,5309,34.05
PO003357,SUP037,P00036,Structure,14,11970.7,SITE01,2023-01-23,2023-03-01,2023-02-27,37,35,-2,1.28,0.461,0.0016,Low,0,0,0.34048449521610713,Low,5310,34.05
PO013364,SUP034,P00136,LandingGear,6,18590.76,SITE02,2024-03-04,2024-04-05,2024-04-06,32,33,1,1.24,0.4526,0.0015,Low,1,0,0.3402981867679955,Low,5311,34.03
PO011651,SUP035,P00118,Engine,3,1058.28,SITE03,2024-02-26,2024-04-08,2024-04-07,42,41,-1,1.27,0.4488,0.002,Low,0,0,0.3401510676714732,Low,5312,34.02
PO002023,SUP007,P00019,Fasteners,12,34059.0,SITE01,2022-08-22,2022-09-27,2022-09-27,36,36,0,1.39,0.4706,0.0,Low,0,0,0.340147021940455,Low,5313,34.01
PO023075,SUP004,P00234,Electrical,12,55319.76,SITE05,2022-01-31,2022-02-27,2022-03-02,27,30,3,1.82,0.4545,0.0,Low,1,0,0.34003322582693674,Low,5314,34.0
PO025296,SUP010,P00261,Electrical,10,42445.0,SITE02,2022-07-18,2022-08-13,2022-08-15,26,28,2,1.41,0.5029,0.0,Low,1,0,0.33984410304297363,Low,5315,33.98
PO018643,SUP007,P00190,Structure,11,46533.52,SITE04,2024-12-23,2025-01-19,2025-01-17,27,25,-2,1.3,0.4692,0.0001,Low,0,0,0.3397023263186471,Low,5316,33.97
PO020412,SUP020,P00207,Fasteners,26,16944.98,SITE04,2023-05-08,2023-06-03,2023-06-02,26,25,-1,1.08,0.395,0.0004,Low,0,0,0.3396683380298302,Low,5317,33.97
PO007643,SUP012,P00078,Electrical,3,4957.08,SITE05,2022-12-12,2022-12-30,2022-12-27,18,15,-3,0.93,0.383,0.0005,Low,0,0,0.33962603590313634,Low,5318,33.96
PO014461,SUP020,P00146,Electrical,3,12795.54,SITE01,2023-06-12,2023-06-25,2023-06-27,13,15,2,1.02,0.3791,0.0008,Low,1,0,0.33961750603287594,Low,5319,33.96
PO025903,SUP020,P00266,Fasteners,7,9470.51,SITE06,2023-07-17,2023-08-15,2023-08-12,29,26,-3,1.07,0.3872,0.0008,Low,0,0,0.33949580188974254,Low,5320,33.95
PO006642,SUP031,P00067,LandingGear,12,9458.4,SITE06,2022-01-03,2022-01-30,2022-01-30,27,27,0,0.0,0.0,0.0,Low,0,0,0.33949511149661343,Low,5321,33.95
PO019162,SUP036,P00195,LandingGear,2,17701.12,SITE06,2022-07-04,2022-08-08,2022-08-05,35,32,-3,1.06,0.4085,0.0024,Low,0,0,0.3394718745526997,Low,5322,33.95
PO012211,SUP029,P00123,Cabin,13,39009.49,SITE02,2022-04-11,2022-05-27,2022-05-24,46,43,-3,1.17,0.4,0.0027,Low,0,0,0.339149640545561,Low,5323,33.91
PO027970,SUP004,P00285,Fasteners,5,4562.8,SITE01,2023-05-08,2023-06-18,2023-06-16,41,39,-2,1.17,0.4649,0.0008,Low,0,0,0.3391166002278688,Low,5324,33.91
PO017013,SUP019,P00173,Structure,15,14573.25,SITE06,2023-12-04,2024-01-06,2024-01-06,33,33,0,1.16,0.4176,0.0016,Low,0,0,0.3390879248270083,Low,5325,33.91
PO006197,SUP007,P00063,Avionics,14,5032.3,SITE02,2023-08-07,2023-09-12,2023-09-11,36,35,-1,1.33,0.4702,0.0002,Low,0,0,0.33888101506688467,Low,5326,33.89
PO025361,SUP010,P00261,Electrical,3,12733.5,SITE06,2024-02-05,2024-03-01,2024-02-27,25,22,-3,1.29,0.4363,0.0005,Low,0,0,0.33885709751106646,Low,5327,33.89
PO003347,SUP030,P00035,Hydraulics,4,19122.96,SITE06,2023-10-16,2023-11-27,2023-11-29,42,44,2,1.18,0.4231,0.0005,Low,1,0,0.3388334304025595,Low,5328,33.88
PO003775,SUP008,P00039,LandingGear,38,60763.14,SITE06,2024-09-30,2024-10-30,2024-10-27,30,27,-3,1.14,0.4359,0.001,Low,0,0,0.33875883373936927,Low,5329,33.88
PO012926,SUP010,P00130,Structure,18,19013.04,SITE04,2024-09-09,2024-10-03,2024-10-08,24,29,5,1.27,0.4342,0.0006,Low,1,0,0.33857862433397523,Low,5330,33.86
PO021752,SUP010,P00221,Electrical,10,18602.7,SITE04,2024-02-26,2024-03-20,2024-03-17,23,20,-3,1.3,0.441,0.0006,Low,0,0,0.33849890856260323,Low,5331,33.85
PO002504,SUP030,P00026,Fasteners,27,29564.19,SITE01,2022-08-15,2022-09-20,2022-09-17,36,33,-3,1.3,0.4593,0.0003,Low,0,0,0.33846266384729917,Low,5332,33.85
PO025116,SUP017,P00258,LandingGear,5,15161.9,SITE06,2022-02-07,2022-02-25,2022-02-24,18,17,-1,0.96,0.3556,0.0,Low,0,0,0.33831737646288573,Low,5333,33.83
PO005674,SUP001,P00058,Hydraulics,4,6289.96,SITE05,2024-12-23,2025-02-01,2025-02-06,40,45,5,1.18,0.4178,0.0004,Low,1,0,0.33818997167956333,Low,5334,33.82
PO028073,SUP004,P00285,Fasteners,5,4562.8,SITE06,2023-01-09,2023-02-24,2023-02-25,46,47,1,1.17,0.4732,0.0012,Low,1,0,0.33778962772687676,Low,5335,33.78
PO026661,SUP036,P00272,Avionics,7,1415.82,SITE02,2024-01-08,2024-02-13,2024-02-10,36,33,-3,1.2,0.4143,0.002,Low,0,0,0.3376525372215026,Low,5336,33.77
PO026435,SUP011,P00269,Avionics,24,19065.84,SITE06,2023-05-22,2023-07-06,2023-07-03,45,42,-3,1.11,0.3887,0.0009,Low,0,0,0.33757170956941507,Low,5337,33.76
PO005742,SUP036,P00059,Cabin,12,14207.64,SITE02,2023-03-20,2023-05-07,2023-05-04,48,45,-3,1.21,0.4236,0.0031,Low,0,0,0.3373847259721732,Low,5338,33.74
PO023686,SUP019,P00242,Electrical,23,23153.87,SITE03,2023-06-05,2023-06-28,2023-06-30,23,25,2,1.1,0.4074,0.0016,Low,1,0,0.3371376918636496,Low,5339,33.71
PO002540,SUP030,P00026,Fasteners,2,2189.94,SITE02,2024-01-22,2024-03-05,2024-03-05,43,43,0,1.18,0.4251,0.0007,Low,0,0,0.3367630451097288,Low,5340,33.68
PO000085,SUP004,P00001,Electrical,6,13940.7,SITE06,2024-06-24,2024-07-21,2024-07-24,27,30,3,1.18,0.4406,0.0008,Low,1,0,0.336760130095747,Low,5341,33.68
PO004608,SUP011,P00047,Avionics,6,1052.28,SITE04,2024-12-02,2025-01-19,2025-01-17,48,46,-2,1.23,0.4234,0.0009,Low,0,0,0.3367549036255856,Low,5342,33.68
PO007302,SUP012,P00074,Electrical,6,41161.92,SITE06,2022-12-19,2023-01-11,2023-01-12,23,24,1,0.92,0.3812,0.0005,Low,1,0,0.33660591714372934,Low,5343,33.66
PO006590,SUP031,P00067,LandingGear,12,9458.4,SITE03,2022-10-03,2022-10-30,2022-10-27,27,24,-3,1.12,0.385,0.0005,Low,0,0,0.33635464034347434,Low,5344,33.64
PO026694,SUP036,P00272,Avionics,4,809.04,SITE03,2024-04-22,2024-06-10,2024-06-11,49,50,1,1.21,0.4125,0.0017,Low,1,0,0.33630535572814985,Low,5345,33.63
PO016912,SUP019,P00173,Structure,14,13601.7,SITE01,2024-02-26,2024-04-04,2024-04-05,38,39,1,1.15,0.4161,0.0019,Low,1,0,0.3362971696775712,Low,5346,33.63
PO003638,SUP017,P00038,Fasteners,33,37754.64,SITE06,2023-03-27,2023-04-19,2023-04-17,23,21,-2,1.09,0.4294,0.0006,Low,0,0,0.33614973998917236,Low,5347,33.61
PO012949,SUP010,P00130,Structure,5,5281.4,SITE06,2024-10-21,2024-11-11,2024-11-08,21,18,-3,1.27,0.4334,0.0006,Low,0,0,0.33610304050300976,Low,5348,33.61
PO008901,SUP029,P00088,Structure,4,7082.92,SITE05,2024-11-11,2024-12-11,2024-12-12,30,31,1,1.2,0.4286,0.0009,Low,1,0,0.3360881969820771,Low,5349,33.61
PO008135,SUP037,P00082,Electrical,12,37701.48,SITE06,2022-04-18,2022-05-17,2022-05-20,29,32,3,1.1,0.3766,0.0,Low,1,0,0.3359084338997893,Low,5350,33.59
PO003772,SUP008,P00039,LandingGear,11,17589.33,SITE06,2024-06-17,2024-07-12,2024-07-18,25,31,6,1.13,0.4292,0.0011,Low,1,0,0.33590650389206533,Low,5351,33.59
PO001798,SUP031,P00017,Cabin,31,200336.57,SITE06,2022-06-27,2022-08-08,2022-08-12,42,46,4,1.14,0.3788,0.0008,Low,1,0,0.3355991708208704,Low,5352,33.56
PO028438,SUP004,P00289,Structure,16,5702.88,SITE04,2024-09-02,2024-10-04,2024-10-04,32,32,0,1.16,0.4295,0.0007,Low,0,0,0.3355640579600294,Low,5353,33.56
PO015326,SUP012,P00154,Avionics,10,2315.0,SITE06,2022-10-03,2022-11-05,2022-11-02,33,30,-3,0.97,0.396,0.0003,Low,0,0,0.33548895534845274,Low,5354,33.55
PO012930,SUP010,P00130,Structure,33,34857.24,SITE04,2024-12-23,2025-01-15,2025-01-19,23,27,4,1.27,0.4321,0.0006,Low,1,0,0.33543484983786626,Low,5355,33.54
PO003997,SUP017,P00041,Fasteners,20,14015.6,SITE04,2024-07-22,2024-08-16,2024-08-20,25,29,4,1.1,0.4089,0.0008,Low,1,0,0.3351909053582791,Low,5356,33.52
PO027858,SUP001,P00284,Fasteners,6,16965.42,SITE02,2022-05-02,2022-06-23,2022-06-21,52,50,-2,1.41,0.5059,0.0,Low,0,0,0.33515613207969414,Low,5357,33.52
PO004878,SUP004,P00050,Structure,4,1793.04,SITE05,2024-06-03,2024-07-11,2024-07-13,38,40,2,1.18,0.4403,0.0008,Low,1,0,0.3350127469555598,Low,5358,33.5
PO015286,SUP012,P00154,Avionics,30,6945.0,SITE04,2024-05-06,2024-06-06,2024-06-07,31,32,1,1.02,0.4035,0.0006,Low,1,0,0.3349201805423507,Low,5359,33.49
PO003609,SUP017,P00038,Fasteners,13,14873.04,SITE05,2022-05-23,2022-06-18,2022-06-20,26,28,2,1.26,0.4354,0.0,Low,1,0,0.334765638272459,Low,5360,33.48
PO022461,SUP001,P00227,LandingGear,2,1478.54,SITE02,2024-05-06,2024-06-15,2024-06-17,40,42,2,1.19,0.4117,0.0005,Low,1,0,0.33464489794008706,Low,5361,33.46
PO009790,SUP029,P00099,Engine,3,3615.39,SITE06,2023-07-17,2023-09-11,2023-09-08,56,53,-3,1.18,0.429,0.0007,Low,0,0,0.3345064717612523,Low,5362,33.45
PO014809,SUP028,P00149,Fasteners,9,18393.39,SITE05,2023-05-29,2023-06-26,2023-06-26,28,28,0,0.95,0.3856,0.0008,Low,0,0,0.33441116454071074,Low,5363,33.44
PO025435,SUP030,P00262,Structure,33,13508.55,SITE03,2024-11-04,2024-12-11,2024-12-09,37,35,-2,1.21,0.4265,0.0009,Low,0,0,0.3343084122705724,Low,5364,33.43
PO024693,SUP037,P00255,Fasteners,5,5737.05,SITE04,2022-03-07,2022-04-11,2022-04-12,35,36,1,1.09,0.3478,0.0,Low,1,0,0.3342942792308792,Low,5365,33.43
PO014135,SUP010,P00143,Avionics,15,3932.4,SITE01,2024-04-01,2024-04-28,2024-04-29,27,28,1,1.29,0.4377,0.0005,Low,1,0,0.3342239266856623,Low,5366,33.42
PO018881,SUP017,P00192,Structure,8,3988.88,SITE06,2024-06-10,2024-07-07,2024-07-08,27,28,1,1.1,0.41,0.0008,Low,1,0,0.3342138021742187,Low,5367,33.42
PO009380,SUP030,P00093,Engine,11,5599.44,SITE06,2022-07-18,2022-08-28,2022-08-29,41,42,1,1.29,0.457,0.0004,Low,1,0,0.33418694445603,Low,5368,33.42
PO007487,SUP012,P00077,Fasteners,4,14442.04,SITE02,2024-12-23,2025-01-28,2025-01-30,36,38,2,1.09,0.4183,0.0006,Low,1,0,0.3341523678896222,Low,5369,33.42
PO027907,SUP001,P00284,Fasteners,9,25448.13,SITE04,2023-06-19,2023-07-31,2023-07-28,42,39,-3,1.24,0.4414,0.0009,Low,0,0,0.3341392571077817,Low,5370,33.41
PO012123,SUP022,P00122,Fasteners,18,87347.7,SITE04,2024-11-11,2024-12-04,2024-12-09,23,28,5,1.16,0.449,0.0008,Low,1,0,0.334065764622372,Low,5371,33.41
PO020883,SUP029,P00213,Avionics,7,2622.69,SITE04,2023-12-18,2024-01-30,2024-01-29,43,42,-1,1.24,0.4337,0.0009,Low,0,0,0.33406541580903004,Low,5372,33.41
PO020027,SUP032,P00204,Fasteners,18,32929.56,SITE01,2022-04-18,2022-05-19,2022-05-21,31,33,2,0.96,0.4255,0.0028,Low,1,0,0.33405264019242537,Low,5373,33.41
PO023766,SUP008,P00243,LandingGear,2,36956.0,SITE01,2022-01-10,2022-02-03,2022-02-04,24,25,1,0.83,0.3333,0.0,Low,1,0,0.33393990550637964,Low,5374,33.39
PO025403,SUP030,P00262,Structure,12,4912.2,SITE02,2024-05-13,2024-06-14,2024-06-13,32,31,-1,1.19,0.423,0.0008,Low,0,0,0.33342340524574854,Low,5375,33.34
PO019280,SUP012,P00197,Electrical,2,2113.14,SITE05,2022-11-07,2022-11-28,2022-11-27,21,20,-1,0.93,0.3855,0.0005,Low,0,0,0.3332947233249599,Low,5376,33.33
PO005839,SUP036,P00059,Cabin,14,16575.58,SITE05,2023-01-02,2023-02-15,2023-02-12,44,41,-3,1.18,0.4236,0.004,Low,0,0,0.33326586137733144,Low,5377,33.33
PO012295,SUP029,P00123,Cabin,37,111027.01,SITE04,2024-08-26,2024-10-11,2024-10-12,46,47,1,1.2,0.4281,0.0009,Low,1,0,0.33325898708119156,Low,5378,33.33
PO016770,SUP001,P00170,Structure,10,5084.2,SITE05,2022-09-26,2022-10-27,2022-10-30,31,34,3,1.19,0.4485,0.0006,Low,1,0,0.3331690328686118,Low,5379,33.32
PO024689,SUP037,P00255,Fasteners,14,16063.74,SITE03,2023-08-14,2023-09-19,2023-09-16,36,33,-3,1.18,0.4283,0.0012,Low,0,0,0.3329376570867257,Low,5380,33.29
PO005434,SUP027,P00056,Cabin,26,30114.5,SITE06,2023-12-18,2024-02-05,2024-02-08,49,52,3,2.52,0.6927,0.0005,Medium,1,0,0.3329107977348812,Low,5381,33.29
PO011289,SUP008,P00115,Cabin,25,73955.75,SITE03,2023-10-23,2023-12-08,2023-12-05,46,43,-3,1.19,0.429,0.0012,Low,0,0,0.3327933234434737,Low,5382,33.28
PO025736,SUP007,P00265,Hydraulics,11,4367.66,SITE05,2022-05-02,2022-05-30,2022-05-31,28,29,1,1.49,0.4762,0.0,Low,1,0,0.33275119605758785,Low,5383,33.28
PO025337,SUP010,P00261,Electrical,23,97623.5,SITE04,2024-07-22,2024-08-17,2024-08-21,26,30,4,1.28,0.4352,0.0007,Low,1,0,0.3326223658698532,Low,5384,33.26
PO015188,SUP012,P00154,Avionics,15,3472.5,SITE01,2022-02-07,2022-03-06,2022-03-04,27,25,-2,0.78,0.3333,0.0,Low,0,0,0.332596704704975,Low,5385,33.26
PO004813,SUP034,P00049,Fasteners,5,53588.1,SITE04,2023-10-30,2023-12-13,2023-12-13,44,44,0,1.2,0.4515,0.0017,Low,0,0,0.33227460389722074,Low,5386,33.23
PO016956,SUP019,P00173,Structure,11,10687.05,SITE04,2022-10-17,2022-11-18,2022-11-17,32,31,-1,1.24,0.4375,0.0018,Low,0,0,0.33185038826803204,Low,5387,33.19
PO016904,SUP019,P00173,Structure,23,22345.65,SITE01,2022-12-12,2023-01-13,2023-01-13,32,32,0,1.2,0.4326,0.0015,Low,0,0,0.33163211898674144,Low,5388,33.16
PO006496,SUP035,P00066,Fasteners,3,3116.7,SITE01,2024-08-26,2024-09-19,2024-09-16,24,21,-3,1.22,0.4399,0.0017,Low,0,0,0.331442048074531,Low,5389,33.14
PO011878,SUP035,P00121,Avionics,26,7705.1,SITE01,2022-03-14,2022-04-08,2022-04-05,25,22,-3,1.27,0.3784,0.0,Low,0,0,0.3313750353273335,Low,5390,33.14
PO026816,SUP037,P00273,Fasteners,6,11469.78,SITE02,2022-08-22,2022-09-23,2022-09-22,32,31,-1,1.25,0.4396,0.001,Low,0,0,0.3310932556642458,Low,5391,33.11
PO000010,SUP004,P00001,Electrical,8,18587.6,SITE01,2024-07-22,2024-08-21,2024-08-21,30,30,0,1.19,0.4394,0.0007,Low,0,0,0.3310393214336615,Low,5392,33.1
PO016007,SUP012,P00161,Engine,2,8145.96,SITE04,2024-10-14,2024-11-19,2024-11-19,36,36,0,1.09,0.4195,0.0006,Low,0,0,0.3308420529026777,Low,5393,33.08
PO010539,SUP001,P00106,Avionics,5,888.35,SITE03,2022-11-07,2022-12-31,2023-01-02,54,56,2,1.25,0.4656,0.001,Low,1,0,0.3306973443223443,Low,5394,33.07
PO012318,SUP029,P00123,Cabin,24,72017.52,SITE06,2022-03-28,2022-05-15,2022-05-20,48,53,5,1.08,0.34,0.0036,Low,1,0,0.33066145123059437,Low,5395,33.07
PO024674,SUP037,P00255,Fasteners,3,3442.23,SITE01,2023-06-05,2023-07-03,2023-07-02,28,27,-1,1.17,0.431,0.0014,Low,0,0,0.3305071096218546,Low,5396,33.05
PO013881,SUP030,P00140,Structure,13,3202.03,SITE05,2023-01-09,2023-02-08,2023-02-12,30,34,4,1.19,0.4258,0.0006,Low,1,0,0.3300551685715106,Low,5397,33.01
PO014729,SUP028,P00149,Fasteners,15,30655.65,SITE02,2022-06-06,2022-07-02,2022-07-01,26,25,-1,0.95,0.3889,0.0011,Low,0,0,0.33004996976201695,Low,5398,33.0
PO026251,SUP036,P00268,Cabin,17,7265.8,SITE05,2022-12-12,2023-01-31,2023-01-28,50,47,-3,1.2,0.4254,0.004,Low,0,0,0.32981962548381305,Low,5399,32.98
PO003423,SUP037,P00036,Structure,31,26506.55,SITE04,2023-04-03,2023-05-04,2023-05-01,31,28,-3,1.22,0.4457,0.0013,Low,0,0,0.3295992420322545,Low,5400,32.96
PO010824,SUP017,P00108,Cabin,24,14441.28,SITE06,2022-05-16,2022-06-23,2022-06-20,38,35,-3,1.28,0.4437,0.0,Low,0,0,0.32956693881689425,Low,5401,32.96
PO020210,SUP010,P00205,LandingGear,15,13897.05,SITE03,2022-12-12,2023-01-08,2023-01-09,27,28,1,1.41,0.4641,0.0005,Low,1,0,0.3294661229861324,Low,5402,32.95
PO001253,SUP036,P00010,Electrical,12,17866.92,SITE04,2023-11-06,2023-12-11,2023-12-08,35,32,-3,1.15,0.4052,0.0021,Low,0,0,0.3294105984264039,Low,5403,32.94
PO016565,SUP007,P00168,Engine,2,7415.22,SITE04,2023-01-02,2023-02-09,2023-02-10,38,39,1,1.32,0.4514,0.0,Low,1,0,0.32933177892684395,Low,5404,32.93
PO023698,SUP019,P00242,Electrical,36,36240.84,SITE04,2022-02-14,2022-03-07,2022-03-05,21,19,-2,1.42,0.475,0.0,Low,0,0,0.3292867350855874,Low,5405,32.93
PO029607,SUP035,P00300,Fasteners,42,140744.52,SITE04,2023-05-01,2023-06-02,2023-06-03,32,33,1,1.38,0.4495,0.0029,Low,1,0,0.3292722382950096,Low,5406,32.93
PO013101,SUP037,P00132,Fasteners,11,10447.25,SITE05,2024-12-09,2025-01-10,2025-01-07,32,29,-3,1.22,0.4423,0.0012,Low,0,0,0.3292545872580754,Low,5407,32.93
PO004233,SUP017,P00044,Hydraulics,6,7335.42,SITE02,2023-09-18,2023-10-14,2023-10-15,26,27,1,1.07,0.4185,0.0005,Low,1,0,0.3291106723833316,Low,5408,32.91
PO001307,SUP030,P00011,Fasteners,18,9684.36,SITE01,2024-07-29,2024-09-06,2024-09-03,39,36,-3,1.2,0.4257,0.001,Low,0,0,0.3290202878429632,Low,5409,32.9
PO010746,SUP017,P00108,Cabin,28,16848.16,SITE03,2024-06-24,2024-07-25,2024-07-27,31,33,2,1.1,0.4107,0.0008,Low,1,0,0.32884001067764584,Low,5410,32.88
PO028148,SUP035,P00287,Cabin,29,59935.75,SITE01,2024-01-15,2024-02-25,2024-02-25,41,41,0,1.28,0.4469,0.0022,Low,0,0,0.3287720305843731,Low,5411,32.88
PO023720,SUP019,P00242,Electrical,18,18120.42,SITE04,2024-01-15,2024-02-04,2024-02-01,20,17,-3,1.14,0.4092,0.002,Low,0,0,0.32873559994907564,Low,5412,32.87
PO014081,SUP031,P00142,LandingGear,19,10669.45,SITE04,2024-10-21,2024-11-17,2024-11-20,27,30,3,1.27,0.439,0.0005,Low,1,0,0.328681546008511,Low,5413,32.87
PO017746,SUP031,P00180,LandingGear,20,55178.6,SITE06,2022-05-30,2022-07-04,2022-07-03,35,34,-1,1.2,0.4,0.001,Low,0,0,0.32860865614152995,Low,5414,32.86
PO024551,SUP028,P00253,Hydraulics,10,5208.4,SITE04,2023-09-25,2023-10-21,2023-10-21,26,26,0,1.05,0.4119,0.0009,Low,0,0,0.3285879336216706,Low,5415,32.86
PO013034,SUP037,P00132,Fasteners,25,23743.75,SITE03,2024-02-26,2024-03-30,2024-03-29,33,32,-1,1.23,0.445,0.001,Low,0,0,0.32838930777055914,Low,5416,32.84
PO026893,SUP037,P00273,Fasteners,9,17204.67,SITE05,2023-06-05,2023-07-06,2023-07-08,31,33,2,1.18,0.4326,0.0014,Low,1,0,0.32826606057215896,Low,5417,32.83
PO014915,SUP010,P00150,Fasteners,6,12503.34,SITE04,2024-06-17,2024-07-17,2024-07-14,30,27,-3,1.28,0.4368,0.0006,Low,0,0,0.32824171175631783,Low,5418,32.82
PO005671,SUP001,P00058,Hydraulics,5,7862.45,SITE05,2023-07-31,2023-09-08,2023-09-10,39,41,2,1.24,0.4306,0.0008,Low,1,0,0.3282022743522575,Low,5419,32.82
PO016567,SUP007,P00168,Engine,3,11122.83,SITE04,2024-07-01,2024-08-03,2024-07-31,33,30,-3,1.3,0.4695,0.0001,Low,0,0,0.32811380512123206,Low,5420,32.81
PO026446,SUP011,P00269,Avionics,26,20654.66,SITE06,2024-04-29,2024-06-13,2024-06-18,45,50,5,1.27,0.427,0.001,Low,1,0,0.3280558215983037,Low,5421,32.81
PO005816,SUP036,P00059,Cabin,31,36703.07,SITE04,2023-10-23,2023-12-08,2023-12-07,46,45,-1,1.14,0.4024,0.0022,Low,0,0,0.3279371187423604,Low,5422,32.79
PO010611,SUP022,P00107,Engine,6,7052.52,SITE04,2022-04-04,2022-05-15,2022-05-17,41,43,2,0.69,0.3056,0.0,Low,1,0,0.3278649059869392,Low,5423,32.79
PO013001,SUP037,P00132,Fasteners,4,3799.0,SITE01,2024-09-30,2024-10-29,2024-10-31,29,31,2,1.22,0.4432,0.0011,Low,1,0,0.327756901326126,Low,5424,32.78
PO023055,SUP004,P00234,Electrical,4,18439.92,SITE03,2024-06-24,2024-07-22,2024-07-21,28,27,-1,1.19,0.4416,0.0008,Low,0,0,0.3274830093755444,Low,5425,32.75
PO008828,SUP029,P00088,Structure,9,15936.57,SITE01,2024-06-17,2024-07-21,2024-07-21,34,34,0,1.23,0.435,0.0009,Low,0,0,0.32743197148176806,Low,5426,32.74
PO006810,SUP037,P00069,Avionics,5,10370.35,SITE01,2024-05-27,2024-06-28,2024-06-25,32,29,-3,1.21,0.4385,0.0009,Low,0,0,0.3269438097878849,Low,5427,32.69
PO026805,SUP037,P00273,Fasteners,23,43967.49,SITE01,2023-09-11,2023-10-09,2023-10-13,28,32,4,1.2,0.4329,0.0012,Low,1,0,0.326909460989611,Low,5428,32.69
PO003513,SUP017,P00038,Fasteners,9,10296.72,SITE01,2022-01-24,2022-02-15,2022-02-16,22,23,1,0.95,0.3333,0.0,Low,1,0,0.32681378219793594,Low,5429,32.68
PO027533,SUP012,P00279,Fasteners,5,54970.15,SITE06,2023-07-31,2023-09-04,2023-09-04,35,35,0,1.01,0.4029,0.0005,Low,0,0,0.3267243534537173,Low,5430,32.67
PO002788,SUP017,P00028,Engine,5,2359.55,SITE01,2023-02-06,2023-03-10,2023-03-10,32,32,0,1.12,0.4307,0.0004,Low,0,0,0.3266412992537419,Low,5431,32.66
PO021596,SUP017,P00218,Cabin,19,44464.75,SITE06,2024-04-22,2024-05-28,2024-05-28,36,36,0,1.1,0.4099,0.0008,Low,0,0,0.3266133881355234,Low,5432,32.66
PO006637,SUP031,P00067,LandingGear,8,6305.6,SITE05,2024-06-24,2024-07-23,2024-07-20,29,26,-3,1.28,0.4406,0.0006,Low,0,0,0.3265504558914292,Low,5433,32.66
PO002035,SUP007,P00019,Fasteners,3,8514.75,SITE02,2022-10-03,2022-11-03,2022-10-31,31,28,-3,1.34,0.4536,0.0,Low,0,0,0.3265178538498754,Low,5434,32.65
PO007007,SUP007,P00071,Avionics,8,11114.24,SITE01,2024-03-04,2024-04-07,2024-04-08,34,35,1,1.26,0.4626,0.0001,Low,1,0,0.3263112003016383,Low,5435,32.63
PO008047,SUP037,P00081,Electrical,7,24394.16,SITE06,2022-05-23,2022-06-13,2022-06-13,21,21,0,1.1,0.4095,0.0,Low,0,0,0.32627812998493816,Low,5436,32.63
PO022359,SUP032,P00225,LandingGear,20,13782.0,SITE06,2024-10-28,2024-11-21,2024-11-23,24,26,2,0.99,0.3783,0.0017,Low,1,0,0.326264407471576,Low,5437,32.63
PO014694,SUP028,P00149,Fasteners,10,20437.1,SITE01,2022-05-30,2022-06-27,2022-06-26,28,27,-1,0.98,0.4,0.0012,Low,0,0,0.32619892673647194,Low,5438,32.62
PO024470,SUP032,P00252,Engine,4,2113.76,SITE02,2022-09-19,2022-10-29,2022-10-27,40,38,-2,0.94,0.422,0.001,Low,0,0,0.32612290830647833,Low,5439,32.61
PO021215,SUP008,P00216,Avionics,26,7978.36,SITE05,2022-02-21,2022-03-22,2022-03-22,29,29,0,1.26,0.4783,0.0,Low,0,0,0.3261148071029223,Low,5440,32.61
PO009382,SUP030,P00093,Engine,4,2036.16,SITE06,2022-08-22,2022-10-01,2022-09-28,40,37,-3,1.27,0.4496,0.0007,Low,0,0,0.3260292048430915,Low,5441,32.6
PO021226,SUP008,P00216,Avionics,10,3068.6,SITE05,2023-11-20,2023-12-20,2023-12-27,30,37,7,1.16,0.4254,0.0011,Low,1,0,0.3259866315026434,Low,5442,32.6
PO008755,SUP022,P00087,Fasteners,1,5571.11,SITE01,2022-08-15,2022-09-05,2022-09-02,21,18,-3,0.94,0.3415,0.0,Low,0,0,0.32587904838286863,Low,5443,32.59
PO025780,SUP020,P00266,Fasteners,7,9470.51,SITE02,2022-07-11,2022-08-09,2022-08-16,29,36,7,1.06,0.4074,0.0011,Low,1,0,0.3256688213113108,Low,5444,32.57
PO006828,SUP037,P00069,Avionics,11,22814.77,SITE04,2023-03-06,2023-04-12,2023-04-12,37,37,0,1.24,0.4545,0.0014,Low,0,0,0.3255126593092152,Low,5445,32.55
PO028680,SUP030,P00293,Hydraulics,3,2307.36,SITE01,2023-12-18,2024-02-01,2024-02-02,45,46,1,1.18,0.4246,0.0006,Low,1,0,0.3253893561593205,Low,5446,32.54
PO001644,SUP022,P00016,LandingGear,8,16353.2,SITE02,2023-10-23,2023-11-07,2023-11-07,15,15,0,1.14,0.4308,0.0003,Low,0,0,0.3253198820882039,Low,5447,32.53
PO027414,SUP022,P00278,Fasteners,6,32675.46,SITE03,2024-06-17,2024-07-09,2024-07-10,22,23,1,1.16,0.4393,0.0006,Low,1,0,0.3250058607855618,Low,5448,32.5
PO020922,SUP034,P00214,Fasteners,7,6537.58,SITE01,2024-03-25,2024-04-27,2024-05-01,33,37,4,1.23,0.4502,0.0014,Low,1,0,0.32499562840349,Low,5449,32.5
PO020978,SUP034,P00214,Fasteners,8,7471.52,SITE05,2023-10-30,2023-12-06,2023-12-05,37,36,-1,1.19,0.449,0.0017,Low,0,0,0.32498393342196835,Low,5450,32.5
PO003628,SUP017,P00038,Fasteners,9,10296.72,SITE06,2022-09-12,2022-10-06,2022-10-06,24,24,0,1.13,0.4276,0.0003,Low,0,0,0.3249599950653898,Low,5451,32.5
PO016418,SUP012,P00165,Electrical,6,8623.86,SITE05,2023-08-14,2023-08-29,2023-09-02,15,19,4,1.01,0.4003,0.0005,Low,1,0,0.3247426602048872,Low,5452,32.47
PO003990,SUP017,P00041,Fasteners,26,18220.28,SITE04,2023-12-18,2024-01-11,2024-01-08,24,21,-3,1.08,0.4164,0.0008,Low,0,0,0.32460221206925294,Low,5453,32.46
PO007757,SUP012,P00079,Electrical,8,10661.6,SITE05,2023-04-17,2023-05-07,2023-05-09,20,22,2,1.02,0.4027,0.0005,Low,1,0,0.32437635686352667,Low,5454,32.44
PO028223,SUP035,P00287,Cabin,54,111604.5,SITE04,2022-12-26,2023-02-08,2023-02-05,44,41,-3,1.5,0.4649,0.0,Low,0,0,0.3241836727043547,Low,5455,32.42
PO007663,SUP012,P00078,Electrical,13,21480.68,SITE06,2022-07-18,2022-08-06,2022-08-14,19,27,8,0.95,0.3879,0.0004,Low,1,0,0.32393699842888857,Low,5456,32.39
PO007075,SUP007,P00071,Avionics,3,4167.84,SITE05,2022-05-02,2022-05-30,2022-05-30,28,28,0,1.48,0.4875,0.0,Low,0,0,0.32389482077374765,Low,5457,32.39
PO009378,SUP030,P00093,Engine,15,7635.6,SITE06,2022-03-21,2022-04-30,2022-05-02,40,42,2,1.3,0.4253,0.0,Low,1,0,0.32380989828968165,Low,5458,32.38
PO003449,SUP037,P00036,Structure,7,5985.35,SITE05,2023-03-27,2023-05-01,2023-05-04,35,38,3,1.22,0.4448,0.0014,Low,1,0,0.3237467481127902,Low,5459,32.37
PO012454,SUP020,P00124,Electrical,17,17318.24,SITE06,2024-12-09,2024-12-25,2024-12-30,16,21,5,1.03,0.3976,0.001,Low,1,0,0.3237268183526197,Low,5460,32.37
PO011619,SUP034,P00117,Engine,4,5024.92,SITE06,2023-06-26,2023-08-16,2023-08-15,51,50,-1,1.22,0.4512,0.002,Low,0,0,0.3233809236038742,Low,5461,32.34
PO005841,SUP036,P00059,Cabin,7,8287.79,SITE05,2023-06-19,2023-07-30,2023-07-27,41,38,-3,1.19,0.4191,0.0028,Low,0,0,0.3232587437152329,Low,5462,32.33
PO010538,SUP001,P00106,Avionics,7,1243.69,SITE03,2022-05-16,2022-06-30,2022-07-01,45,46,1,1.35,0.4839,0.0,Low,1,0,0.32324826634093873,Low,5463,32.32
PO010422,SUP028,P00104,Engine,5,2407.8,SITE05,2023-04-24,2023-05-27,2023-05-24,33,30,-3,0.99,0.3912,0.0008,Low,0,0,0.32316532444866464,Low,5464,32.32
PO011272,SUP008,P00115,Cabin,14,41415.22,SITE02,2024-10-28,2024-12-08,2024-12-09,41,42,1,1.15,0.437,0.0011,Low,1,0,0.3230578785168608,Low,5465,32.31
PO008871,SUP029,P00088,Structure,17,30102.41,SITE04,2023-06-19,2023-07-22,2023-07-21,33,32,-1,1.22,0.4438,0.0007,Low,0,0,0.3230406855430974,Low,5466,32.3
PO007726,SUP012,P00079,Electrical,6,7996.2,SITE03,2023-01-16,2023-02-05,2023-02-06,20,21,1,0.92,0.3801,0.0006,Low,1,0,0.3229711362054842,Low,5467,32.3
PO008821,SUP029,P00088,Structure,8,14165.84,SITE01,2023-10-30,2023-12-04,2023-12-09,35,40,5,1.24,0.4345,0.001,Low,1,0,0.3228517646859985,Low,5468,32.29
PO014755,SUP028,P00149,Fasteners,12,24524.52,SITE03,2023-07-17,2023-08-15,2023-08-18,29,32,3,0.97,0.3943,0.001,Low,1,0,0.3227827142711828,Low,5469,32.28
PO010418,SUP028,P00104,Engine,8,3852.48,SITE05,2022-05-16,2022-06-16,2022-06-14,31,29,-2,1.01,0.4074,0.0014,Low,0,0,0.3227576273784499,Low,5470,32.28
PO015500,SUP011,P00156,Cabin,68,264133.76,SITE04,2023-09-04,2023-10-16,2023-10-13,42,39,-3,1.27,0.4146,0.001,Low,0,0,0.32275019516499054,Low,5471,32.28
PO028004,SUP004,P00285,Fasteners,5,4562.8,SITE03,2024-10-21,2024-12-05,2024-12-09,45,49,4,1.15,0.4242,0.0008,Low,1,0,0.3226794540403407,Low,5472,32.27
PO004278,SUP017,P00044,Hydraulics,10,12225.7,SITE06,2022-02-14,2022-03-10,2022-03-09,24,23,-1,0.96,0.3542,0.0,Low,0,0,0.3226289223517859,Low,5473,32.26
PO016743,SUP001,P00170,Structure,37,18811.54,SITE04,2023-01-30,2023-03-06,2023-03-03,35,32,-3,1.21,0.4511,0.0008,Low,0,0,0.3224288433922043,Low,5474,32.24
PO028432,SUP004,P00289,Structure,27,9623.61,SITE04,2024-04-01,2024-05-01,2024-05-05,30,34,4,1.18,0.4449,0.0005,Low,1,0,0.3224076797077079,Low,5475,32.24
PO008838,SUP029,P00088,Structure,8,14165.84,SITE02,2023-09-25,2023-10-25,2023-10-24,30,29,-1,1.23,0.4385,0.0006,Low,0,0,0.3224072671316898,Low,5476,32.24
PO011594,SUP034,P00117,Engine,12,15074.76,SITE04,2022-11-28,2023-01-12,2023-01-12,45,45,0,1.23,0.4674,0.0018,Low,0,0,0.32219951850804873,Low,5477,32.22
PO010846,SUP017,P00108,Cabin,10,6017.2,SITE06,2023-10-30,2023-12-07,2023-12-04,38,35,-3,1.09,0.4216,0.0005,Low,0,0,0.3220193299403975,Low,5478,32.2
PO003397,SUP037,P00036,Structure,9,7695.45,SITE03,2022-12-19,2023-01-19,2023-01-20,31,32,1,1.32,0.4729,0.0018,Low,1,0,0.32174523811167366,Low,5479,32.17
PO001465,SUP030,P00012,Engine,2,710.06,SITE06,2023-03-13,2023-05-06,2023-05-07,54,55,1,1.17,0.4184,0.0005,Low,1,0,0.3215806550941086,Low,5480,32.16
PO001154,SUP012,P00009,Structure,2,6024.94,SITE03,2022-04-25,2022-05-20,2022-05-23,25,28,3,0.95,0.3884,0.0,Low,1,0,0.32157439812562444,Low,5481,32.16
PO013712,SUP001,P00139,Structure,5,7995.7,SITE01,2024-05-13,2024-06-18,2024-06-15,36,33,-3,1.19,0.4112,0.0005,Low,0,0,0.32154491195651363,Low,5482,32.15
PO022161,SUP028,P00224,Fasteners,4,11431.24,SITE03,2024-10-28,2024-11-21,2024-11-22,24,25,1,1.09,0.4059,0.0008,Low,1,0,0.32138409665643625,Low,5483,32.14
PO017335,SUP034,P00176,Fasteners,8,4805.52,SITE04,2022-01-17,2022-03-04,2022-03-05,46,47,1,1.5,0.5,0.0,Low,1,0,0.321191756464241,Low,5484,32.12
PO012340,SUP029,P00123,Cabin,27,81019.71,SITE06,2024-01-08,2024-02-25,2024-02-26,48,49,1,1.24,0.4345,0.0009,Low,1,0,0.3211783617134817,Low,5485,32.12
PO006353,SUP032,P00064,Structure,6,10882.56,SITE03,2023-05-01,2023-05-31,2023-05-31,30,30,0,0.91,0.355,0.0025,Low,0,0,0.32111020486238673,Low,5486,32.11
PO018887,SUP017,P00193,Electrical,18,25289.28,SITE01,2022-06-20,2022-07-13,2022-07-12,23,22,-1,1.21,0.4444,0.0,Low,0,0,0.3209907046574353,Low,5487,32.1
PO012323,SUP029,P00123,Cabin,52,156037.96,SITE06,2022-07-25,2022-09-08,2022-09-05,45,42,-3,1.26,0.431,0.0017,Low,0,0,0.3209768387383767,Low,5488,32.1
PO003119,SUP029,P00032,Electrical,2,1982.24,SITE04,2023-06-19,2023-07-25,2023-07-26,36,37,1,1.22,0.4404,0.0007,Low,1,0,0.32072454223289704,Low,5489,32.07
PO008667,SUP022,P00086,Cabin,18,23483.34,SITE04,2023-02-06,2023-03-11,2023-03-14,33,36,3,1.05,0.4113,0.0003,Low,1,0,0.3206512938224165,Low,5490,32.07
PO026191,SUP036,P00268,Cabin,19,8120.6,SITE03,2023-07-03,2023-08-22,2023-08-20,50,48,-2,1.19,0.4187,0.0027,Low,0,0,0.3206499305657161,Low,5491,32.06
PO002537,SUP030,P00026,Fasteners,8,8759.76,SITE02,2023-03-13,2023-04-16,2023-04-18,34,36,2,1.18,0.4208,0.0005,Low,1,0,0.32058059245325354,Low,5492,32.06
PO001479,SUP012,P00013,Avionics,1,1751.39,SITE02,2024-11-04,2024-12-11,2024-12-10,37,36,-1,1.09,0.4185,0.0006,Low,0,0,0.3205610237715502,Low,5493,32.06
PO011375,SUP008,P00115,Cabin,40,118329.2,SITE06,2022-12-19,2023-01-27,2023-01-30,39,42,3,1.35,0.4888,0.0004,Low,1,0,0.32049164528249996,Low,5494,32.05
PO004319,SUP019,P00045,Fasteners,4,16180.6,SITE02,2023-11-13,2023-12-15,2023-12-12,32,29,-3,1.15,0.4177,0.0017,Low,0,0,0.32032026559397975,Low,5495,32.03
PO001628,SUP022,P00016,LandingGear,2,4088.3,SITE01,2022-10-03,2022-10-18,2022-10-15,15,12,-3,1.01,0.3873,0.0,Low,0,0,0.320217576481678,Low,5496,32.02
PO017034,SUP032,P00174,Hydraulics,2,953.42,SITE02,2023-03-13,2023-04-20,2023-04-22,38,40,2,0.92,0.3681,0.0028,Low,1,0,0.3199810877769934,Low,5497,32.0
PO001167,SUP012,P00009,Structure,3,9037.41,SITE04,2024-04-01,2024-04-25,2024-04-24,24,23,-1,0.99,0.3991,0.0006,Low,0,0,0.31972381917526244,Low,5498,31.97
PO011325,SUP008,P00115,Cabin,72,212992.56,SITE04,2023-08-14,2023-09-28,2023-09-28,45,45,0,1.21,0.4323,0.0011,Low,0,0,0.3196378016373492,Low,5499,31.96
PO024645,SUP034,P00254,Hydraulics,4,2961.04,SITE05,2023-05-29,2023-07-04,2023-07-04,36,36,0,1.24,0.4596,0.0021,Low,0,0,0.31962616721805087,Low,5500,31.96
PO026131,SUP036,P00268,Cabin,8,3419.2,SITE01,2024-02-05,2024-03-23,2024-03-23,47,47,0,1.21,0.4138,0.0019,Low,0,0,0.31961364822777866,Low,5501,31.96
PO027090,SUP004,P00274,Avionics,6,1314.42,SITE06,2023-04-24,2023-05-30,2023-06-01,36,38,2,1.15,0.4576,0.0009,Low,1,0,0.31951330091220215,Low,5502,31.95
PO007480,SUP012,P00077,Fasteners,5,18052.55,SITE02,2023-08-28,2023-09-30,2023-10-02,33,35,2,1.0,0.3988,0.0005,Low,1,0,0.3195120353472776,Low,5503,31.95
PO014188,SUP010,P00143,Avionics,27,7078.32,SITE04,2022-06-20,2022-07-20,2022-07-19,30,29,-1,1.45,0.5175,0.0,Low,0,0,0.3195002649663663,Low,5504,31.95
PO021982,SUP012,P00223,Avionics,6,3202.38,SITE02,2024-07-08,2024-08-12,2024-08-11,35,34,-1,1.07,0.4118,0.0007,Low,0,0,0.31946696619633524,Low,5505,31.95
PO027401,SUP022,P00278,Fasteners,6,32675.46,SITE03,2022-04-18,2022-05-13,2022-05-11,25,23,-2,0.91,0.3678,0.0,Low,0,0,0.31943431774628395,Low,5506,31.94
PO013111,SUP037,P00132,Fasteners,8,7598.0,SITE06,2023-02-20,2023-03-26,2023-03-24,34,32,-2,1.26,0.4592,0.0015,Low,0,0,0.3192551556742565,Low,5507,31.93
PO014825,SUP028,P00149,Fasteners,18,36786.78,SITE06,2022-10-31,2022-11-27,2022-11-27,27,27,0,0.94,0.378,0.0008,Low,0,0,0.31910355109988453,Low,5508,31.91
PO027031,SUP004,P00274,Avionics,12,2628.84,SITE04,2024-03-04,2024-04-09,2024-04-13,36,40,4,1.21,0.4559,0.0005,Low,1,0,0.319039003419212,Low,5509,31.9
PO018880,SUP017,P00192,Structure,28,13961.08,SITE06,2024-04-08,2024-05-05,2024-05-03,27,25,-2,1.1,0.4111,0.0008,Low,0,0,0.3189062757119129,Low,5510,31.89
PO006840,SUP037,P00069,Avionics,3,6222.21,SITE05,2023-12-25,2024-01-26,2024-01-25,32,31,-1,1.2,0.4367,0.001,Low,0,0,0.3188938873671223,Low,5511,31.89
PO003098,SUP029,P00032,Electrical,4,3964.48,SITE01,2024-03-18,2024-04-23,2024-04-26,36,39,3,1.21,0.4314,0.001,Low,1,0,0.3187657490539607,Low,5512,31.88
PO021496,SUP017,P00218,Cabin,9,21062.25,SITE03,2024-06-17,2024-07-26,2024-07-27,39,40,1,1.11,0.4121,0.0008,Low,1,0,0.318603640626593,Low,5513,31.86
PO006167,SUP008,P00062,Electrical,2,19606.5,SITE06,2023-01-30,2023-02-20,2023-02-20,21,21,0,1.26,0.4532,0.0003,Low,0,0,0.31850945035190853,Low,5514,31.85
PO013924,SUP030,P00140,Structure,7,1724.17,SITE06,2024-12-02,2025-01-02,2025-01-02,31,31,0,1.2,0.4253,0.0009,Low,0,0,0.3184390756344632,Low,5515,31.84
PO022241,SUP032,P00225,LandingGear,12,8269.2,SITE01,2022-05-02,2022-05-25,2022-05-25,23,23,0,1.04,0.4364,0.0026,Low,0,0,0.3183622484600746,Low,5516,31.84
PO007270,SUP035,P00073,Avionics,11,37704.15,SITE06,2024-07-22,2024-08-22,2024-08-20,31,29,-2,1.23,0.4405,0.0018,Low,0,0,0.318246552086119,Low,5517,31.82
PO020161,SUP032,P00204,Fasteners,16,29270.72,SITE06,2024-05-13,2024-06-15,2024-06-19,33,37,4,0.95,0.3669,0.0018,Low,1,0,0.31810841983662946,Low,5518,31.81
PO000007,SUP004,P00001,Electrical,4,9293.8,SITE01,2023-12-04,2023-12-31,2024-01-01,27,28,1,1.19,0.4527,0.0006,Low,1,0,0.3178758245279582,Low,5519,31.79
PO028001,SUP004,P00285,Fasteners,3,2737.68,SITE03,2024-05-27,2024-07-07,2024-07-06,41,40,-1,1.19,0.4428,0.0006,Low,0,0,0.3178270777155343,Low,5520,31.78
PO023774,SUP008,P00243,LandingGear,5,92390.0,SITE02,2023-01-16,2023-02-06,2023-02-03,21,18,-3,1.29,0.4639,0.0003,Low,0,0,0.3177584830621154,Low,5521,31.78
PO008106,SUP037,P00082,Electrical,7,21992.53,SITE04,2022-08-15,2022-09-15,2022-09-15,31,31,0,1.21,0.435,0.0011,Low,0,0,0.31758421228602285,Low,5522,31.76
PO007616,SUP012,P00078,Electrical,10,16523.6,SITE04,2022-02-14,2022-03-05,2022-03-07,19,21,2,0.79,0.3208,0.0,Low,1,0,0.3175479019484663,Low,5523,31.75
PO028741,SUP030,P00293,Hydraulics,9,6922.08,SITE06,2024-02-12,2024-03-27,2024-03-29,44,46,2,1.16,0.4222,0.0007,Low,1,0,0.317421143077523,Low,5524,31.74
PO017035,SUP032,P00174,Hydraulics,1,476.71,SITE02,2023-03-20,2023-04-22,2023-04-22,33,33,0,0.91,0.3656,0.0028,Low,0,0,0.31713384942365747,Low,5525,31.71
PO005666,SUP001,P00058,Hydraulics,4,6289.96,SITE05,2022-01-31,2022-03-15,2022-03-17,43,45,2,1.29,0.4286,0.0,Low,1,0,0.31710888979410556,Low,5526,31.71
PO023888,SUP017,P00244,Hydraulics,7,7304.99,SITE06,2024-01-08,2024-02-08,2024-02-07,31,30,-1,1.07,0.4121,0.0008,Low,0,0,0.3167704865906728,Low,5527,31.68
PO000212,SUP028,P00002,Cabin,50,33542.0,SITE04,2024-11-25,2024-12-24,2024-12-25,29,30,1,1.1,0.4107,0.0008,Low,1,0,0.3167655697719331,Low,5528,31.68
PO002641,SUP030,P00026,Fasteners,21,22994.37,SITE06,2023-07-24,2023-08-29,2023-08-29,36,36,0,1.17,0.4183,0.0006,Low,0,0,0.31662658592808157,Low,5529,31.66
PO016750,SUP001,P00170,Structure,25,12710.5,SITE04,2023-11-06,2023-12-10,2023-12-09,34,33,-1,1.24,0.4265,0.0007,Low,0,0,0.3166032405910136,Low,5530,31.66
PO007530,SUP012,P00077,Fasteners,28,101094.28,SITE04,2024-08-12,2024-09-12,2024-09-09,31,28,-3,1.08,0.4163,0.0007,Low,0,0,0.31652696641196193,Low,5531,31.65
PO013035,SUP037,P00132,Fasteners,13,12346.75,SITE03,2024-03-18,2024-04-20,2024-04-18,33,31,-2,1.23,0.45,0.0009,Low,0,0,0.31623482406722325,Low,5532,31.62
PO012256,SUP029,P00123,Cabin,21,63015.33,SITE03,2024-07-29,2024-09-10,2024-09-09,43,42,-1,1.2,0.4303,0.001,Low,0,0,0.316166812319542,Low,5533,31.62
PO001682,SUP022,P00016,LandingGear,14,28618.1,SITE04,2023-09-04,2023-09-20,2023-09-19,16,15,-1,1.13,0.4232,0.0004,Low,0,0,0.31603461452792064,Low,5534,31.6
PO008902,SUP029,P00088,Structure,12,21248.76,SITE05,2024-12-23,2025-01-29,2025-01-26,37,34,-3,1.2,0.4292,0.0008,Low,0,0,0.3159010037407653,Low,5535,31.59
PO016993,SUP019,P00173,Structure,4,3886.2,SITE05,2024-12-16,2025-01-17,2025-01-21,32,36,4,1.22,0.4357,0.0014,Low,1,0,0.31574328898359505,Low,5536,31.57
PO024707,SUP037,P00255,Fasteners,3,3442.23,SITE05,2022-03-21,2022-04-27,2022-04-30,37,40,3,1.12,0.3571,0.0,Low,1,0,0.31561202787120074,Low,5537,31.56
PO026878,SUP037,P00273,Fasteners,40,76465.2,SITE04,2024-05-13,2024-06-12,2024-06-10,30,28,-2,1.22,0.4402,0.001,Low,0,0,0.3154929910086552,Low,5538,31.55
PO027066,SUP004,P00274,Avionics,11,2409.77,SITE05,2024-05-27,2024-07-10,2024-07-13,44,47,3,1.19,0.4426,0.0006,Low,1,0,0.31547185955598456,Low,5539,31.55
PO026632,SUP036,P00272,Avionics,24,4854.24,SITE01,2023-06-05,2023-07-24,2023-07-23,49,48,-1,1.2,0.4225,0.0028,Low,0,0,0.31545944753387906,Low,5540,31.55
PO005706,SUP036,P00059,Cabin,11,13023.67,SITE01,2023-07-17,2023-09-09,2023-09-08,54,53,-1,1.17,0.4136,0.0026,Low,0,0,0.3153816718923945,Low,5541,31.54
PO024486,SUP032,P00252,Engine,1,528.44,SITE05,2022-03-28,2022-05-09,2022-05-09,42,42,0,1.11,0.5143,0.0,Low,0,0,0.3148547333532966,Low,5542,31.49
PO011567,SUP034,P00117,Engine,5,6281.15,SITE01,2022-05-02,2022-06-18,2022-06-22,47,51,4,1.28,0.4167,0.0029,Low,1,0,0.3145943847818848,Low,5543,31.46
PO011641,SUP035,P00118,Engine,7,2469.32,SITE02,2023-04-03,2023-05-14,2023-05-20,41,47,6,1.39,0.4486,0.0032,Low,1,0,0.3143407787742557,Low,5544,31.43
PO022070,SUP012,P00223,Avionics,13,6938.49,SITE05,2023-02-20,2023-03-26,2023-03-31,34,39,5,0.97,0.3951,0.0006,Low,1,0,0.3143075006909511,Low,5545,31.43
PO004261,SUP017,P00044,Hydraulics,6,7335.42,SITE04,2024-01-22,2024-02-14,2024-02-16,23,25,2,1.07,0.4105,0.0008,Low,1,0,0.3142737168172011,Low,5546,31.43
PO007366,SUP031,P00075,Engine,4,6686.2,SITE06,2024-12-02,2025-01-13,2025-01-19,42,48,6,1.29,0.4427,0.0005,Low,1,0,0.31402379650657714,Low,5547,31.4
PO015604,SUP019,P00157,LandingGear,6,15021.24,SITE02,2024-11-18,2024-12-13,2024-12-17,25,29,4,1.21,0.436,0.0015,Low,1,0,0.3140123081140986,Low,5548,31.4
PO023129,SUP028,P00235,Engine,3,15194.55,SITE06,2024-08-19,2024-09-26,2024-09-28,38,40,2,1.08,0.4014,0.0009,Low,1,0,0.3139362022257716,Low,5549,31.39
PO000178,SUP028,P00002,Cabin,47,31529.48,SITE03,2024-12-02,2024-12-31,2024-12-28,29,26,-3,1.1,0.4121,0.0008,Low,0,0,0.3138046121932315,Low,5550,31.38
PO012440,SUP020,P00124,Electrical,28,28524.16,SITE06,2023-11-13,2023-11-29,2023-11-28,16,15,-1,1.09,0.3921,0.0012,Low,0,0,0.31372250440116956,Low,5551,31.37
PO009326,SUP030,P00093,Engine,5,2545.2,SITE01,2022-02-14,2022-04-03,2022-03-31,48,45,-3,1.39,0.4576,0.0,Low,0,0,0.31351495766304266,Low,5552,31.35
PO006999,SUP007,P00071,Avionics,5,6946.4,SITE01,2023-04-03,2023-05-08,2023-05-10,35,37,2,1.35,0.4688,0.0,Low,1,0,0.31324834280183866,Low,5553,31.32
PO018323,SUP012,P00187,Structure,7,6658.19,SITE01,2023-03-13,2023-04-09,2023-04-07,27,25,-2,1.01,0.4046,0.0006,Low,0,0,0.3132207859806639,Low,5554,31.32
PO016724,SUP001,P00170,Structure,10,5084.2,SITE03,2024-10-14,2024-11-19,2024-11-23,36,40,4,1.18,0.4164,0.0004,Low,1,0,0.3129646975972897,Low,5555,31.3
PO011533,SUP038,P00116,Cabin,31,90639.97,SITE06,2022-04-18,2022-06-10,2022-06-12,53,55,2,2.19,0.6706,0.0,Medium,1,0,0.31251538183226946,Low,5556,31.25
PO025381,SUP030,P00262,Structure,5,2046.75,SITE01,2024-09-23,2024-10-29,2024-10-30,36,37,1,1.2,0.4224,0.0009,Low,1,0,0.31219571124838014,Low,5557,31.22
PO024288,SUP031,P00249,Hydraulics,3,1487.19,SITE02,2023-12-11,2024-01-27,2024-01-24,47,44,-3,1.26,0.4302,0.0006,Low,0,0,0.3118049838751267,Low,5558,31.18
PO003533,SUP017,P00038,Fasteners,37,42330.96,SITE01,2024-03-25,2024-04-21,2024-04-19,27,25,-2,1.09,0.4112,0.0008,Low,0,0,0.3115905995603319,Low,5559,31.16
PO013821,SUP030,P00140,Structure,28,6896.68,SITE02,2024-07-22,2024-08-21,2024-08-20,30,29,-1,1.2,0.4267,0.001,Low,0,0,0.3115294133711851,Low,5560,31.15
PO023694,SUP019,P00242,Electrical,9,9060.21,SITE03,2024-08-05,2024-08-26,2024-08-29,21,24,3,1.19,0.4309,0.0016,Low,1,0,0.31148670827802233,Low,5561,31.15
PO023647,SUP012,P00241,Engine,3,1164.63,SITE06,2024-05-27,2024-06-28,2024-06-26,32,30,-2,1.05,0.4104,0.0007,Low,0,0,0.31141172700190245,Low,5562,31.14
PO017278,SUP034,P00176,Fasteners,23,13815.87,SITE01,2024-06-03,2024-07-10,2024-07-11,37,38,1,1.26,0.4559,0.0013,Low,1,0,0.31120049212862727,Low,5563,31.12
PO011570,SUP034,P00117,Engine,7,8793.61,SITE01,2023-12-04,2024-01-23,2024-01-27,50,54,4,1.23,0.4558,0.0016,Low,1,0,0.3110420108975249,Low,5564,31.1
PO014196,SUP010,P00143,Avionics,16,4194.56,SITE04,2022-12-05,2023-01-01,2022-12-29,27,24,-3,1.41,0.4646,0.0005,Low,0,0,0.31074454191415923,Low,5565,31.07
PO002875,SUP036,P00029,Structure,2,8393.92,SITE03,2023-01-02,2023-02-05,2023-02-02,34,31,-3,1.19,0.4266,0.004,Low,0,0,0.31074209023141375,Low,5566,31.07
PO001169,SUP012,P00009,Structure,8,24099.76,SITE04,2024-08-19,2024-09-09,2024-09-06,21,18,-3,1.08,0.4172,0.0006,Low,0,0,0.31070832655603764,Low,5567,31.07
PO020894,SUP029,P00213,Avionics,2,749.34,SITE05,2024-02-26,2024-04-04,2024-04-06,38,40,2,1.22,0.4309,0.001,Low,1,0,0.3105971766020646,Low,5568,31.06
PO022215,SUP028,P00224,Fasteners,6,17146.86,SITE06,2022-06-13,2022-07-08,2022-07-07,25,24,-1,0.91,0.3813,0.0011,Low,0,0,0.31053668414883034,Low,5569,31.05
PO015230,SUP012,P00154,Avionics,11,2546.5,SITE02,2024-07-22,2024-08-23,2024-08-24,32,33,1,1.07,0.4128,0.0007,Low,1,0,0.31031962226222654,Low,5570,31.03
PO029562,SUP035,P00300,Fasteners,7,23457.42,SITE01,2024-10-07,2024-11-09,2024-11-07,33,31,-2,1.24,0.4446,0.0016,Low,0,0,0.31023865498094805,Low,5571,31.02
PO014458,SUP020,P00146,Electrical,10,42651.8,SITE01,2022-09-26,2022-10-09,2022-10-10,13,14,1,1.05,0.3814,0.0008,Low,1,0,0.3101342336477248,Low,5572,31.01
PO017685,SUP031,P00180,LandingGear,6,16553.58,SITE01,2022-10-24,2022-11-28,2022-12-01,35,38,3,1.14,0.3879,0.0005,Low,1,0,0.3100453250716226,Low,5573,31.0
PO011298,SUP008,P00115,Cabin,19,56206.37,SITE03,2024-08-26,2024-10-09,2024-10-08,44,43,-1,1.14,0.4368,0.001,Low,0,0,0.3098304554352675,Low,5574,30.98
PO021199,SUP008,P00216,Avionics,20,6137.2,SITE04,2023-11-06,2023-12-02,2023-12-03,26,27,1,1.17,0.4253,0.0011,Low,1,0,0.30978458782844226,Low,5575,30.98
PO023816,SUP017,P00244,Hydraulics,5,5217.85,SITE01,2023-03-06,2023-04-05,2023-04-02,30,27,-3,1.09,0.4286,0.0007,Low,0,0,0.3097280418787508,Low,5576,30.97
PO014226,SUP010,P00143,Avionics,14,3670.24,SITE05,2022-11-21,2022-12-20,2022-12-17,29,26,-3,1.43,0.4729,0.0003,Low,0,0,0.3096114955234209,Low,5577,30.96
PO019125,SUP036,P00195,LandingGear,3,26551.68,SITE01,2023-10-23,2023-11-24,2023-11-21,32,29,-3,1.13,0.4016,0.0022,Low,0,0,0.30947356568574586,Low,5578,30.95
PO005216,SUP030,P00055,Structure,4,17418.36,SITE01,2023-03-06,2023-04-11,2023-04-08,36,33,-3,1.17,0.4177,0.0005,Low,0,0,0.30928533291860033,Low,5579,30.93
PO023088,SUP004,P00234,Electrical,8,36879.84,SITE06,2022-12-05,2023-01-04,2023-01-01,30,27,-3,1.2,0.4822,0.0013,Low,0,0,0.3090761767576035,Low,5580,30.91
PO002867,SUP036,P00029,Structure,3,12590.88,SITE01,2023-10-30,2023-12-01,2023-12-04,32,35,3,1.13,0.4024,0.0021,Low,1,0,0.3090704971506617,Low,5581,30.91
PO006826,SUP037,P00069,Avionics,11,22814.77,SITE04,2022-10-17,2022-11-20,2022-11-20,34,34,0,1.28,0.4688,0.0024,Low,0,0,0.3089187425812349,Low,5582,30.89
PO003095,SUP029,P00032,Electrical,3,2973.36,SITE01,2022-05-30,2022-07-04,2022-07-11,35,42,7,1.24,0.4253,0.0026,Low,1,0,0.3088779241421055,Low,5583,30.89
PO015633,SUP019,P00157,LandingGear,6,15021.24,SITE04,2024-08-05,2024-08-25,2024-08-23,20,18,-2,1.18,0.4303,0.0016,Low,0,0,0.3087197532996414,Low,5584,30.87
PO025879,SUP020,P00266,Fasteners,17,22999.81,SITE05,2024-06-24,2024-07-22,2024-07-19,28,25,-3,1.03,0.3935,0.0009,Low,0,0,0.30869551281589075,Low,5585,30.87
PO009476,SUP011,P00094,LandingGear,3,5761.41,SITE05,2024-06-24,2024-07-22,2024-07-22,28,28,0,1.24,0.4241,0.0009,Low,0,0,0.3086656631364043,Low,5586,30.87
PO012322,SUP029,P00123,Cabin,43,129031.39,SITE06,2022-06-06,2022-07-19,2022-07-21,43,45,2,1.26,0.4286,0.0025,Low,1,0,0.3085187488824282,Low,5587,30.85
PO017432,SUP010,P00177,Avionics,5,1638.5,SITE01,2023-07-17,2023-08-22,2023-08-26,36,40,4,1.35,0.4528,0.0005,Low,1,0,0.308508109537385,Low,5588,30.85
PO014219,SUP010,P00143,Avionics,13,3408.08,SITE05,2022-04-11,2022-05-14,2022-05-15,33,34,1,1.83,0.5802,0.0,Low,1,0,0.30847527637872446,Low,5589,30.85
PO003101,SUP029,P00032,Electrical,8,7928.96,SITE01,2024-11-25,2024-12-27,2024-12-29,32,34,2,1.21,0.4331,0.0009,Low,1,0,0.30846859696330403,Low,5590,30.85
PO013876,SUP030,P00140,Structure,10,2463.1,SITE05,2022-09-05,2022-09-29,2022-10-05,24,30,6,1.26,0.4453,0.0006,Low,1,0,0.3084378553442986,Low,5591,30.84
PO012422,SUP020,P00124,Electrical,4,4074.88,SITE05,2024-03-04,2024-03-21,2024-03-19,17,15,-2,1.05,0.3933,0.001,Low,0,0,0.30831358254454033,Low,5592,30.83
PO015659,SUP019,P00157,LandingGear,17,42560.18,SITE06,2023-05-15,2023-06-09,2023-06-06,25,22,-3,1.09,0.4032,0.0013,Low,0,0,0.30806513762570104,Low,5593,30.81
PO025885,SUP020,P00266,Fasteners,25,33823.25,SITE06,2022-01-17,2022-02-15,2022-02-16,29,30,1,0.67,0.2222,0.0,Low,1,0,0.307918043848638,Low,5594,30.79
PO020127,SUP032,P00204,Fasteners,11,20123.62,SITE05,2024-06-03,2024-07-08,2024-07-07,35,34,-1,0.97,0.375,0.0017,Low,0,0,0.3078681360011765,Low,5595,30.79
PO003419,SUP037,P00036,Structure,22,18811.1,SITE04,2022-11-14,2022-12-21,2022-12-26,37,42,5,1.31,0.4739,0.0021,Low,1,0,0.3077869139296482,Low,5596,30.78
PO022205,SUP028,P00224,Fasteners,9,25720.29,SITE05,2023-05-22,2023-06-18,2023-06-15,27,24,-3,0.96,0.388,0.0008,Low,0,0,0.3076285761691128,Low,5597,30.76
PO023038,SUP004,P00234,Electrical,3,13829.94,SITE02,2023-11-27,2023-12-24,2023-12-24,27,27,0,1.17,0.4509,0.0006,Low,0,0,0.30760588282647106,Low,5598,30.76
PO016752,SUP001,P00170,Structure,17,8643.14,SITE04,2023-12-18,2024-01-21,2024-01-21,34,34,0,1.24,0.4233,0.0006,Low,0,0,0.30744839214393815,Low,5599,30.74
PO006827,SUP037,P00069,Avionics,11,22814.77,SITE04,2022-11-28,2023-01-09,2023-01-11,42,44,2,1.32,0.4692,0.002,Low,1,0,0.3074361619160548,Low,5600,30.74
PO014806,SUP028,P00149,Fasteners,11,22480.81,SITE05,2023-01-23,2023-02-19,2023-02-25,27,33,6,0.96,0.3849,0.0008,Low,1,0,0.30733653937015254,Low,5601,30.73
PO011338,SUP008,P00115,Cabin,43,127203.89,SITE04,2024-12-09,2025-01-25,2025-01-23,47,45,-2,1.16,0.4423,0.001,Low,0,0,0.30723598082377584,Low,5602,30.72
PO006397,SUP032,P00064,Structure,18,32647.68,SITE05,2024-08-12,2024-09-10,2024-09-09,29,28,-1,0.96,0.3769,0.0018,Low,0,0,0.30722266088479555,Low,5603,30.72
PO027226,SUP007,P00276,Engine,2,2476.8,SITE05,2023-09-11,2023-10-20,2023-10-22,39,41,2,1.3,0.4668,0.0002,Low,1,0,0.3071748370601346,Low,5604,30.72
PO013039,SUP037,P00132,Fasteners,13,12346.75,SITE03,2024-06-17,2024-07-17,2024-07-15,30,28,-2,1.19,0.435,0.0011,Low,0,0,0.3068661197431389,Low,5605,30.69
PO000255,SUP028,P00002,Cabin,51,34212.84,SITE06,2022-08-01,2022-08-30,2022-08-28,29,27,-2,1.01,0.4011,0.0008,Low,0,0,0.30669295059868784,Low,5606,30.67
PO024473,SUP032,P00252,Engine,4,2113.76,SITE02,2024-04-08,2024-05-16,2024-05-14,38,36,-2,0.99,0.375,0.0019,Low,0,0,0.30660859465737517,Low,5607,30.66
PO014175,SUP010,P00143,Avionics,23,6029.68,SITE03,2023-11-27,2023-12-24,2023-12-22,27,25,-2,1.34,0.4469,0.0005,Low,0,0,0.3065676757345682,Low,5608,30.66
PO020395,SUP020,P00207,Fasteners,3,1955.19,SITE02,2024-09-30,2024-10-29,2024-10-30,29,30,1,1.04,0.3936,0.001,Low,1,0,0.30648933949847085,Low,5609,30.65
PO020876,SUP029,P00213,Avionics,10,3746.7,SITE04,2023-04-10,2023-05-22,2023-05-21,42,41,-1,1.21,0.4366,0.0009,Low,0,0,0.30614028673424215,Low,5610,30.61
PO004322,SUP019,P00045,Fasteners,3,12135.45,SITE02,2024-05-27,2024-06-26,2024-06-23,30,27,-3,1.2,0.4346,0.0018,Low,0,0,0.30604759317635255,Low,5611,30.6
PO014132,SUP010,P00143,Avionics,24,6291.84,SITE01,2023-12-04,2023-12-31,2024-01-02,27,29,2,1.33,0.4457,0.0005,Low,1,0,0.3059867555166867,Low,5612,30.6
PO022049,SUP012,P00223,Avionics,10,5337.3,SITE04,2024-01-08,2024-02-07,2024-02-04,30,27,-3,1.01,0.4028,0.0005,Low,0,0,0.3059675065797906,Low,5613,30.6
PO004290,SUP017,P00044,Hydraulics,17,20783.69,SITE06,2023-05-29,2023-06-21,2023-06-21,23,23,0,1.12,0.4307,0.0006,Low,0,0,0.3056576308526116,Low,5614,30.57
PO001738,SUP031,P00017,Cabin,6,38774.82,SITE01,2022-05-02,2022-06-18,2022-06-20,47,49,2,1.2,0.4,0.0013,Low,1,0,0.3054360288626595,Low,5615,30.54
PO020322,SUP011,P00206,Fasteners,3,1478.88,SITE02,2022-09-19,2022-10-30,2022-10-27,41,38,-3,1.09,0.3759,0.0,Low,0,0,0.3048237454979436,Low,5616,30.48
PO025127,SUP017,P00258,LandingGear,10,30323.8,SITE06,2024-05-27,2024-06-19,2024-06-16,23,20,-3,1.1,0.411,0.0008,Low,0,0,0.3044204400301011,Low,5617,30.44
PO017458,SUP010,P00177,Avionics,9,2949.3,SITE04,2022-02-21,2022-03-30,2022-03-31,37,38,1,1.71,0.5,0.0,Low,1,0,0.30409598802613463,Low,5618,30.41
PO013402,SUP034,P00136,LandingGear,8,24787.68,SITE04,2024-02-26,2024-03-26,2024-03-23,29,26,-3,1.23,0.4523,0.0015,Low,0,0,0.30394112158783093,Low,5619,30.39
PO027092,SUP004,P00274,Avionics,12,2628.84,SITE06,2023-09-18,2023-10-30,2023-10-28,42,40,-2,1.18,0.4593,0.0007,Low,0,0,0.30392789263096454,Low,5620,30.39
PO002264,SUP029,P00023,Structure,1,2333.09,SITE02,2023-03-13,2023-04-23,2023-04-25,41,43,2,1.11,0.4086,0.0006,Low,1,0,0.30378729862056153,Low,5621,30.38
PO009330,SUP030,P00093,Engine,7,3563.28,SITE01,2023-03-06,2023-04-15,2023-04-17,40,42,2,1.17,0.416,0.0005,Low,1,0,0.3036410120032274,Low,5622,30.36
PO010822,SUP017,P00108,Cabin,17,10229.24,SITE05,2024-12-16,2025-01-18,2025-01-21,33,36,3,1.11,0.413,0.0007,Low,1,0,0.30362783349563843,Low,5623,30.36
PO026219,SUP036,P00268,Cabin,39,16668.6,SITE04,2022-09-12,2022-10-28,2022-10-28,46,46,0,1.12,0.402,0.0018,Low,0,0,0.3035897871354942,Low,5624,30.36
PO003418,SUP037,P00036,Structure,24,20521.2,SITE04,2022-11-07,2022-12-06,2022-12-09,29,32,3,1.3,0.4715,0.0022,Low,1,0,0.3035348911627343,Low,5625,30.35
PO021755,SUP010,P00221,Electrical,5,9301.35,SITE04,2024-05-20,2024-06-13,2024-06-11,24,22,-2,1.29,0.4367,0.0006,Low,0,0,0.30338535139406464,Low,5626,30.34
PO029073,SUP007,P00296,Fasteners,4,2882.52,SITE04,2024-12-09,2025-01-05,2025-01-07,27,29,2,1.31,0.4718,0.0001,Low,1,0,0.30285714008140424,Low,5627,30.29
PO016698,SUP001,P00170,Structure,15,7626.3,SITE02,2023-10-09,2023-11-13,2023-11-10,35,32,-3,1.23,0.426,0.0007,Low,0,0,0.3027635439791847,Low,5628,30.28
PO026253,SUP036,P00268,Cabin,23,9830.2,SITE05,2023-01-30,2023-03-19,2023-03-20,48,49,1,1.18,0.4231,0.0035,Low,1,0,0.30266302920280985,Low,5629,30.27
PO025068,SUP017,P00258,LandingGear,12,36388.56,SITE02,2024-11-11,2024-12-02,2024-12-03,21,22,1,1.11,0.4136,0.0007,Low,1,0,0.30263358522569045,Low,5630,30.26
PO016360,SUP012,P00165,Electrical,4,5749.24,SITE01,2024-11-11,2024-11-28,2024-11-29,17,18,1,1.1,0.4201,0.0006,Low,1,0,0.30258226911449887,Low,5631,30.26
PO012338,SUP029,P00123,Cabin,21,63015.33,SITE06,2023-09-11,2023-10-30,2023-10-28,49,47,-2,1.23,0.4378,0.0006,Low,0,0,0.3020781889546798,Low,5632,30.21
PO023127,SUP028,P00235,Engine,1,5064.85,SITE06,2023-12-25,2024-01-29,2024-01-27,35,33,-2,1.06,0.4067,0.001,Low,0,0,0.30203176880430904,Low,5633,30.2
PO014248,SUP010,P00143,Avionics,11,2883.76,SITE05,2024-12-16,2025-01-14,2025-01-16,29,31,2,1.27,0.4318,0.0006,Low,1,0,0.30202747231486626,Low,5634,30.2
PO026262,SUP036,P00268,Cabin,10,4274.0,SITE05,2023-12-04,2024-01-18,2024-01-18,45,45,0,1.19,0.4135,0.002,Low,0,0,0.3016907274014637,Low,5635,30.17
PO028141,SUP035,P00287,Cabin,31,64069.25,SITE01,2023-06-26,2023-08-05,2023-08-02,40,37,-3,1.34,0.457,0.0027,Low,0,0,0.30159294624743815,Low,5636,30.16
PO017466,SUP010,P00177,Avionics,8,2621.6,SITE04,2023-12-11,2024-01-16,2024-01-13,36,33,-3,1.32,0.4439,0.0005,Low,0,0,0.3015084333854359,Low,5637,30.15
PO024509,SUP028,P00253,Hydraulics,8,4166.72,SITE01,2023-10-16,2023-11-05,2023-11-08,20,23,3,1.05,0.4115,0.001,Low,1,0,0.30150815212232124,Low,5638,30.15
PO014472,SUP020,P00146,Electrical,9,38386.62,SITE02,2022-07-04,2022-07-16,2022-07-19,12,15,3,1.04,0.4054,0.0011,Low,1,0,0.3013326766092188,Low,5639,30.13
PO026338,SUP011,P00269,Avionics,10,7944.1,SITE02,2023-08-14,2023-09-25,2023-09-22,42,39,-3,1.2,0.4079,0.001,Low,0,0,0.30118502668186214,Low,5640,30.12
PO008586,SUP022,P00086,Cabin,11,14350.93,SITE01,2024-07-22,2024-08-21,2024-08-25,30,34,4,1.14,0.4429,0.0008,Low,1,0,0.3009647796647796,Low,5641,30.1
PO013398,SUP034,P00136,LandingGear,9,27886.14,SITE04,2023-09-04,2023-09-30,2023-10-05,26,31,5,1.18,0.4414,0.0018,Low,1,0,0.30091830417475945,Low,5642,30.09
PO020888,SUP029,P00213,Avionics,10,3746.7,SITE04,2024-04-22,2024-05-31,2024-05-30,39,38,-1,1.22,0.4375,0.0009,Low,0,0,0.30072112710251797,Low,5643,30.07
PO000261,SUP028,P00002,Cabin,31,20796.04,SITE06,2023-01-30,2023-03-01,2023-02-28,30,29,-1,0.98,0.3864,0.0008,Low,0,0,0.3006957503784709,Low,5644,30.07
PO015995,SUP012,P00161,Engine,2,8145.96,SITE01,2024-12-02,2025-01-11,2025-01-08,40,37,-3,1.09,0.4181,0.0006,Low,0,0,0.3003814718300568,Low,5645,30.04
PO003658,SUP017,P00038,Fasteners,28,32034.24,SITE06,2024-11-25,2024-12-19,2024-12-19,24,24,0,1.11,0.4144,0.0007,Low,0,0,0.29972513684590907,Low,5646,29.97
PO009364,SUP030,P00093,Engine,10,5090.4,SITE04,2023-01-09,2023-02-18,2023-02-15,40,37,-3,1.19,0.4251,0.0006,Low,0,0,0.29963426432717444,Low,5647,29.96
PO022082,SUP012,P00223,Avionics,44,23484.12,SITE06,2022-03-14,2022-04-15,2022-04-14,32,31,-1,0.87,0.3953,0.0,Low,0,0,0.29962342194812697,Low,5648,29.96
PO001685,SUP022,P00016,LandingGear,12,24529.8,SITE04,2024-05-27,2024-06-11,2024-06-11,15,15,0,1.17,0.445,0.0007,Low,0,0,0.29953802453891165,Low,5649,29.95
PO029606,SUP035,P00300,Fasteners,31,103882.86,SITE04,2023-04-24,2023-05-27,2023-05-24,33,30,-3,1.38,0.4452,0.003,Low,0,0,0.29951842555215996,Low,5650,29.95
PO010521,SUP001,P00106,Avionics,8,1421.36,SITE01,2022-02-21,2022-04-08,2022-04-08,46,46,0,1.18,0.475,0.0,Low,0,0,0.29934945880454705,Low,5651,29.93
PO012989,SUP037,P00132,Fasteners,16,15196.0,SITE01,2023-04-24,2023-05-22,2023-05-26,28,32,4,1.23,0.4494,0.0013,Low,1,0,0.2992131483134933,Low,5652,29.92
PO006661,SUP031,P00067,LandingGear,12,9458.4,SITE06,2024-01-22,2024-02-21,2024-02-20,30,29,-1,1.25,0.4296,0.0005,Low,0,0,0.29910367348340455,Low,5653,29.91
PO000138,SUP028,P00002,Cabin,31,20796.04,SITE02,2024-07-15,2024-08-13,2024-08-13,29,29,0,1.1,0.4102,0.0009,Low,0,0,0.2990908288068372,Low,5654,29.91
PO027511,SUP012,P00279,Fasteners,4,43976.12,SITE04,2023-02-27,2023-03-31,2023-04-05,32,37,5,0.98,0.3987,0.0006,Low,1,0,0.29869416494559287,Low,5655,29.87
PO008566,SUP022,P00086,Cabin,4,5218.52,SITE01,2022-05-02,2022-06-03,2022-06-05,32,34,2,0.97,0.3723,0.0,Low,1,0,0.29843402913083766,Low,5656,29.84
PO016414,SUP012,P00165,Electrical,6,8623.86,SITE05,2022-11-28,2022-12-12,2022-12-09,14,11,-3,0.92,0.3814,0.0005,Low,0,0,0.2983102370565651,Low,5657,29.83
PO012377,SUP020,P00124,Electrical,8,8149.76,SITE03,2022-05-09,2022-05-28,2022-05-27,19,18,-1,1.04,0.4286,0.0,Low,0,0,0.2982897698081082,Low,5658,29.83
PO026754,SUP036,P00272,Avionics,25,5056.5,SITE05,2024-10-21,2024-12-09,2024-12-11,49,51,2,1.22,0.4189,0.0014,Low,1,0,0.29827423324253305,Low,5659,29.83
PO014133,SUP010,P00143,Avionics,20,5243.2,SITE01,2024-01-22,2024-02-21,2024-02-21,30,30,0,1.3,0.4411,0.0005,Low,0,0,0.2980680634362864,Low,5660,29.81
PO009791,SUP029,P00099,Engine,3,3615.39,SITE06,2023-10-23,2023-12-18,2023-12-15,56,53,-3,1.25,0.4377,0.0008,Low,0,0,0.2975704491768722,Low,5661,29.76
PO001337,SUP030,P00011,Fasteners,10,5380.2,SITE03,2022-07-04,2022-08-09,2022-08-09,36,36,0,1.33,0.4745,0.0004,Low,0,0,0.2975047157492905,Low,5662,29.75
PO020190,SUP010,P00205,LandingGear,15,13897.05,SITE02,2022-12-12,2023-01-05,2023-01-03,24,22,-2,1.41,0.4656,0.0005,Low,0,0,0.29712483156035757,Low,5663,29.71
PO005718,SUP036,P00059,Cabin,4,4735.88,SITE01,2024-05-06,2024-06-16,2024-06-16,41,41,0,1.21,0.4164,0.0017,Low,0,0,0.29702487308013625,Low,5664,29.7
PO010825,SUP017,P00108,Cabin,25,15043.0,SITE06,2022-05-30,2022-07-02,2022-07-03,33,34,1,1.24,0.4395,0.0,Low,1,0,0.29697082198250213,Low,5665,29.7
PO027417,SUP022,P00278,Fasteners,16,87134.56,SITE04,2022-05-23,2022-06-14,2022-06-12,22,20,-2,1.04,0.3772,0.0,Low,0,0,0.2969690537307639,Low,5666,29.7
PO002446,SUP030,P00025,Structure,8,3598.4,SITE05,2022-07-11,2022-08-18,2022-08-15,38,35,-3,1.3,0.4615,0.0004,Low,0,0,0.2969069260811884,Low,5667,29.69
PO007234,SUP035,P00073,Avionics,8,27421.2,SITE02,2024-09-23,2024-10-21,2024-10-18,28,25,-3,1.24,0.4431,0.0016,Low,0,0,0.296812880986794,Low,5668,29.68
PO008004,SUP037,P00081,Electrical,8,27879.04,SITE02,2024-03-11,2024-03-30,2024-04-01,19,21,2,1.22,0.4437,0.0009,Low,1,0,0.2965234136053233,Low,5669,29.65
PO008042,SUP037,P00081,Electrical,7,24394.16,SITE05,2023-08-28,2023-09-18,2023-09-16,21,19,-2,1.17,0.4286,0.0012,Low,0,0,0.29638321711501037,Low,5670,29.64
PO020325,SUP011,P00206,Fasteners,5,2464.8,SITE02,2023-08-21,2023-10-01,2023-10-02,41,42,1,1.25,0.4097,0.001,Low,1,0,0.29612868485830757,Low,5671,29.61
PO014152,SUP010,P00143,Avionics,14,3670.24,SITE02,2023-11-27,2023-12-26,2023-12-26,29,29,0,1.34,0.4476,0.0005,Low,0,0,0.2959699824636916,Low,5672,29.6
PO008251,SUP030,P00083,Fasteners,23,14577.63,SITE04,2023-01-02,2023-02-10,2023-02-13,39,42,3,1.2,0.4282,0.0006,Low,1,0,0.29572278371915,Low,5673,29.57
PO002102,SUP007,P00019,Fasteners,19,53926.75,SITE06,2022-05-23,2022-06-29,2022-06-26,37,34,-3,1.44,0.4796,0.0,Low,0,0,0.29566003077561726,Low,5674,29.57
PO008825,SUP029,P00088,Structure,5,8853.65,SITE01,2024-02-26,2024-03-29,2024-03-29,32,32,0,1.22,0.4318,0.001,Low,0,0,0.29549325077872113,Low,5675,29.55
PO026189,SUP036,P00268,Cabin,4,1709.6,SITE03,2023-05-15,2023-06-29,2023-06-27,45,43,-2,1.2,0.4267,0.0028,Low,0,0,0.29546915635558735,Low,5676,29.55
PO016376,SUP012,P00165,Electrical,21,30183.51,SITE03,2022-05-16,2022-06-04,2022-06-05,19,20,1,0.93,0.3767,0.0,Low,1,0,0.29537566418612615,Low,5677,29.54
PO001192,SUP036,P00010,Electrical,11,16378.01,SITE01,2023-05-15,2023-06-17,2023-06-15,33,31,-2,1.2,0.4274,0.0028,Low,0,0,0.29501465684042427,Low,5678,29.5
PO007624,SUP012,P00078,Electrical,23,38004.28,SITE04,2023-04-17,2023-05-05,2023-05-04,18,17,-1,1.02,0.4035,0.0005,Low,0,0,0.2948777139127997,Low,5679,29.49
PO017499,SUP010,P00177,Avionics,11,3604.7,SITE06,2024-08-19,2024-09-20,2024-09-19,32,31,-1,1.27,0.4355,0.0006,Low,0,0,0.2947228879237527,Low,5680,29.47
PO006354,SUP032,P00064,Structure,9,16323.84,SITE03,2023-06-26,2023-07-23,2023-07-20,27,24,-3,0.87,0.3439,0.0022,Low,0,0,0.2946885940611362,Low,5681,29.47
PO003435,SUP037,P00036,Structure,28,23941.4,SITE04,2024-04-08,2024-05-11,2024-05-08,33,30,-3,1.26,0.4526,0.0009,Low,0,0,0.29463173856849195,Low,5682,29.46
PO011312,SUP008,P00115,Cabin,46,136078.58,SITE04,2022-10-24,2022-12-04,2022-12-04,41,41,0,1.4,0.4865,0.0,Low,0,0,0.293958992807767,Low,5683,29.4
PO021599,SUP017,P00218,Cabin,21,49145.25,SITE06,2024-07-08,2024-08-12,2024-08-09,35,32,-3,1.1,0.4101,0.0008,Low,0,0,0.2939028029910573,Low,5684,29.39
PO027060,SUP004,P00274,Avionics,13,2847.91,SITE05,2023-09-04,2023-10-09,2023-10-07,35,33,-2,1.18,0.4582,0.0007,Low,0,0,0.2927932325056265,Low,5685,29.28
PO017359,SUP034,P00176,Fasteners,26,15617.94,SITE04,2024-05-20,2024-07-02,2024-07-05,43,46,3,1.27,0.4565,0.0013,Low,1,0,0.29268723343842235,Low,5686,29.27
PO025868,SUP020,P00266,Fasteners,21,28411.53,SITE05,2023-07-17,2023-08-16,2023-08-16,30,30,0,1.07,0.3889,0.0008,Low,0,0,0.2926340367955946,Low,5687,29.26
PO007485,SUP012,P00077,Fasteners,3,10831.53,SITE02,2024-07-22,2024-08-24,2024-08-23,33,32,-1,1.07,0.4127,0.0007,Low,0,0,0.2924561290326178,Low,5688,29.25
PO014170,SUP010,P00143,Avionics,32,8389.12,SITE03,2022-11-28,2022-12-27,2022-12-29,29,31,2,1.42,0.4702,0.0003,Low,1,0,0.29239349771960066,Low,5689,29.24
PO003478,SUP037,P00036,Structure,18,15390.9,SITE06,2024-11-18,2024-12-24,2024-12-25,36,37,1,1.24,0.4457,0.0012,Low,1,0,0.2923623372644642,Low,5690,29.24
PO002444,SUP030,P00025,Structure,11,4947.8,SITE05,2022-02-21,2022-03-30,2022-04-01,37,39,2,1.49,0.459,0.0,Low,1,0,0.29227847740337354,Low,5691,29.23
PO017063,SUP032,P00174,Hydraulics,2,953.42,SITE06,2023-05-29,2023-06-28,2023-06-25,30,27,-3,0.89,0.3462,0.0024,Low,0,0,0.29226029715584506,Low,5692,29.23
PO018409,SUP012,P00187,Structure,18,17121.06,SITE06,2023-04-17,2023-05-12,2023-05-10,25,23,-2,1.02,0.4043,0.0005,Low,0,0,0.2922256927553216,Low,5693,29.22
PO016798,SUP001,P00170,Structure,10,5084.2,SITE06,2024-04-22,2024-05-26,2024-05-23,34,31,-3,1.19,0.4138,0.0005,Low,0,0,0.29217403165276523,Low,5694,29.22
PO002522,SUP030,P00026,Fasteners,59,64603.23,SITE01,2024-08-26,2024-09-24,2024-09-21,29,26,-3,1.2,0.423,0.0009,Low,0,0,0.29174050306611105,Low,5695,29.17
PO026408,SUP011,P00269,Avionics,7,5560.87,SITE05,2022-05-16,2022-07-02,2022-07-02,47,47,0,1.16,0.3377,0.0,Low,0,0,0.2916661629741986,Low,5696,29.17
PO012946,SUP010,P00130,Structure,4,4225.12,SITE06,2024-07-01,2024-07-25,2024-07-26,24,25,1,1.28,0.4339,0.0006,Low,1,0,0.2916353660599301,Low,5697,29.16
PO005723,SUP036,P00059,Cabin,15,17759.55,SITE01,2024-08-19,2024-10-02,2024-10-02,44,44,0,1.22,0.4209,0.0014,Low,0,0,0.291617798010436,Low,5698,29.16
PO015546,SUP011,P00156,Cabin,39,151488.48,SITE06,2022-06-20,2022-08-03,2022-08-03,44,44,0,1.1,0.3478,0.0,Low,0,0,0.2915660282660449,Low,5699,29.16
PO004251,SUP017,P00044,Hydraulics,23,28119.11,SITE04,2023-01-16,2023-02-08,2023-02-05,23,20,-3,1.13,0.4381,0.0005,Low,0,0,0.2913316919118107,Low,5700,29.13
PO025412,SUP030,P00262,Structure,24,9824.4,SITE03,2022-09-05,2022-10-04,2022-10-06,29,31,2,1.27,0.4473,0.0006,Low,1,0,0.29103692756974686,Low,5701,29.1
PO025450,SUP030,P00262,Structure,25,10233.75,SITE04,2023-01-30,2023-03-01,2023-03-06,30,35,5,1.18,0.4206,0.0005,Low,1,0,0.29065073772443767,Low,5702,29.07
PO006795,SUP010,P00068,LandingGear,30,32453.1,SITE06,2024-01-22,2024-02-14,2024-02-14,23,23,0,1.31,0.4418,0.0005,Low,0,0,0.29058537423341274,Low,5703,29.06
PO019129,SUP036,P00195,LandingGear,2,17701.12,SITE02,2022-09-19,2022-10-21,2022-10-20,32,31,-1,1.11,0.4039,0.0017,Low,0,0,0.2905500379950708,Low,5704,29.06
PO011391,SUP008,P00115,Cabin,25,73955.75,SITE06,2024-07-01,2024-08-19,2024-08-18,49,48,-1,1.14,0.4351,0.0011,Low,0,0,0.290507636350372,Low,5705,29.05
PO018654,SUP007,P00190,Structure,4,16921.28,SITE06,2024-10-21,2024-11-15,2024-11-13,25,23,-2,1.29,0.4632,0.0001,Low,0,0,0.290495517309382,Low,5706,29.05
PO004302,SUP017,P00044,Hydraulics,7,8557.99,SITE06,2024-08-19,2024-09-15,2024-09-16,27,28,1,1.1,0.4131,0.0008,Low,1,0,0.2903588554473941,Low,5707,29.04
PO001314,SUP030,P00011,Fasteners,8,4304.16,SITE01,2024-11-04,2024-12-16,2024-12-14,42,40,-2,1.21,0.4274,0.0009,Low,0,0,0.29010182128237044,Low,5708,29.01
PO022021,SUP012,P00223,Avionics,38,20281.74,SITE03,2024-10-21,2024-12-01,2024-11-28,41,38,-3,1.1,0.4196,0.0006,Low,0,0,0.289942730204527,Low,5709,28.99
PO023050,SUP004,P00234,Electrical,12,55319.76,SITE03,2023-05-29,2023-06-23,2023-06-23,25,25,0,1.16,0.4601,0.0008,Low,0,0,0.28972114249883696,Low,5710,28.97
PO006829,SUP037,P00069,Avionics,9,18666.63,SITE04,2023-05-01,2023-06-05,2023-06-02,35,32,-3,1.24,0.4524,0.0013,Low,0,0,0.28956395653375805,Low,5711,28.96
PO000221,SUP028,P00002,Cabin,9,6037.56,SITE05,2022-08-29,2022-09-28,2022-09-27,30,29,-1,0.97,0.3959,0.001,Low,0,0,0.2895272595888046,Low,5712,28.95
PO026837,SUP037,P00273,Fasteners,13,24851.19,SITE03,2023-12-25,2024-01-24,2024-01-26,30,32,2,1.2,0.4392,0.001,Low,1,0,0.28942277463046784,Low,5713,28.94
PO021410,SUP007,P00217,Fasteners,24,16590.72,SITE06,2023-04-10,2023-05-15,2023-05-15,35,35,0,1.34,0.4685,0.0,Low,0,0,0.28914752445393543,Low,5714,28.91
PO028367,SUP004,P00289,Structure,2,712.86,SITE01,2024-01-15,2024-02-22,2024-02-22,38,38,0,1.2,0.4549,0.0005,Low,0,0,0.28888028142612093,Low,5715,28.89
PO025814,SUP020,P00266,Fasteners,13,17588.09,SITE03,2024-01-08,2024-02-05,2024-02-06,28,29,1,1.07,0.3929,0.0011,Low,1,0,0.28885795871461106,Low,5716,28.89
PO027004,SUP004,P00274,Avionics,11,2409.77,SITE03,2024-03-25,2024-05-02,2024-05-01,38,37,-1,1.19,0.4492,0.0005,Low,0,0,0.28861091374456854,Low,5717,28.86
PO018830,SUP017,P00192,Structure,14,6980.54,SITE04,2023-12-18,2024-01-13,2024-01-11,26,24,-2,1.08,0.4145,0.0008,Low,0,0,0.28853806442416075,Low,5718,28.85
PO016905,SUP019,P00173,Structure,13,12630.15,SITE01,2023-02-06,2023-03-08,2023-03-08,30,30,0,1.13,0.418,0.0012,Low,0,0,0.2884983392129832,Low,5719,28.85
PO014076,SUP031,P00142,LandingGear,5,2807.75,SITE04,2023-02-06,2023-03-06,2023-03-06,28,28,0,1.18,0.4126,0.0003,Low,0,0,0.28823361249762697,Low,5720,28.82
PO006392,SUP032,P00064,Structure,7,12696.32,SITE05,2023-03-13,2023-04-11,2023-04-10,29,28,-1,0.93,0.3722,0.0028,Low,0,0,0.28789451123269155,Low,5721,28.79
PO021156,SUP008,P00216,Avionics,10,3068.6,SITE02,2024-11-11,2024-12-11,2024-12-13,30,32,2,1.14,0.4388,0.0011,Low,1,0,0.28775221130221135,Low,5722,28.78
PO019246,SUP012,P00197,Electrical,3,3169.71,SITE01,2022-10-31,2022-11-20,2022-11-17,20,17,-3,0.93,0.3884,0.0005,Low,0,0,0.28755514502851315,Low,5723,28.76
PO014186,SUP010,P00143,Avionics,11,2883.76,SITE04,2022-04-25,2022-05-24,2022-05-23,29,28,-1,1.64,0.5417,0.0,Low,0,0,0.2870984690824803,Low,5724,28.71
PO002558,SUP030,P00026,Fasteners,15,16424.55,SITE03,2023-12-25,2024-01-29,2024-02-02,35,39,4,1.19,0.4257,0.0006,Low,1,0,0.2868913313974952,Low,5725,28.69
PO011320,SUP008,P00115,Cabin,37,109454.51,SITE04,2023-04-24,2023-06-09,2023-06-14,46,51,5,1.23,0.4458,0.0005,Low,1,0,0.28681852255577917,Low,5726,28.68
PO012179,SUP029,P00123,Cabin,42,126030.66,SITE01,2022-09-05,2022-10-23,2022-10-20,48,45,-3,1.19,0.4286,0.0015,Low,0,0,0.28658947643204075,Low,5727,28.66
PO008924,SUP029,P00088,Structure,8,14165.84,SITE06,2024-12-02,2025-01-06,2025-01-04,35,33,-2,1.21,0.4346,0.0009,Low,0,0,0.28623170399491804,Low,5728,28.62
PO007759,SUP012,P00079,Electrical,19,25321.3,SITE05,2024-01-08,2024-01-28,2024-02-02,20,25,5,1.0,0.401,0.0005,Low,1,0,0.2858693587007211,Low,5729,28.59
PO013858,SUP030,P00140,Structure,19,4679.89,SITE04,2023-10-30,2023-11-28,2023-11-27,29,28,-1,1.17,0.4239,0.0006,Low,0,0,0.2857943458225282,Low,5730,28.58
PO020071,SUP032,P00204,Fasteners,6,10976.52,SITE03,2022-11-14,2022-12-17,2022-12-14,33,30,-3,1.04,0.4219,0.0008,Low,0,0,0.2857549198542697,Low,5731,28.58
PO021249,SUP008,P00216,Avionics,19,5830.34,SITE06,2023-05-08,2023-06-04,2023-06-10,27,33,6,1.25,0.4462,0.001,Low,1,0,0.28550460111325254,Low,5732,28.55
PO024637,SUP034,P00254,Hydraulics,35,25909.1,SITE04,2024-06-24,2024-07-30,2024-07-29,36,35,-1,1.27,0.4559,0.0021,Low,0,0,0.28518622059185605,Low,5733,28.52
PO001470,SUP030,P00012,Engine,4,1420.12,SITE06,2024-07-22,2024-09-05,2024-09-06,45,46,1,1.2,0.4247,0.001,Low,1,0,0.2851326395997011,Low,5734,28.51
PO011937,SUP035,P00121,Avionics,10,2963.5,SITE03,2024-04-08,2024-05-03,2024-04-30,25,22,-3,1.26,0.4442,0.0019,Low,0,0,0.28510106926714734,Low,5735,28.51
PO014146,SUP010,P00143,Avionics,6,1572.96,SITE02,2022-10-24,2022-11-24,2022-12-02,31,39,8,1.36,0.4661,0.0003,Low,1,0,0.28489620989620995,Low,5736,28.49
PO026267,SUP036,P00268,Cabin,14,5983.6,SITE05,2024-03-18,2024-05-06,2024-05-03,49,46,-3,1.21,0.4121,0.0018,Low,0,0,0.284668261584185,Low,5737,28.47
PO001633,SUP022,P00016,LandingGear,8,16353.2,SITE01,2023-09-04,2023-09-21,2023-09-19,17,15,-2,1.13,0.4242,0.0004,Low,0,0,0.28446636373446665,Low,5738,28.45
PO004294,SUP017,P00044,Hydraulics,11,13448.27,SITE06,2023-08-21,2023-09-11,2023-09-08,21,18,-3,1.08,0.4221,0.0006,Low,0,0,0.28427713055892206,Low,5739,28.43
PO004028,SUP017,P00041,Fasteners,18,12614.04,SITE06,2022-09-12,2022-10-09,2022-10-09,27,27,0,1.13,0.4261,0.0003,Low,0,0,0.2842452812170911,Low,5740,28.42
PO002434,SUP030,P00025,Structure,50,22490.0,SITE04,2024-07-15,2024-08-21,2024-08-24,37,40,3,1.2,0.4232,0.001,Low,1,0,0.2840341351350436,Low,5741,28.4
PO021691,SUP010,P00221,Electrical,9,16742.43,SITE01,2022-02-21,2022-03-17,2022-03-16,24,23,-1,1.69,0.5128,0.0,Low,0,0,0.28381007989122353,Low,5742,28.38
PO003574,SUP017,P00038,Fasteners,37,42330.96,SITE03,2024-01-29,2024-02-25,2024-02-28,27,30,3,1.07,0.4102,0.0008,Low,1,0,0.28326656184693294,Low,5743,28.33
PO004796,SUP034,P00049,Fasteners,4,42870.48,SITE01,2024-10-21,2024-12-04,2024-12-02,44,42,-2,1.28,0.4559,0.002,Low,0,0,0.2828229415445043,Low,5744,28.28
PO007293,SUP012,P00074,Electrical,6,41161.92,SITE04,2024-08-26,2024-09-17,2024-09-17,22,22,0,1.08,0.4178,0.0006,Low,0,0,0.28269822405656936,Low,5745,28.27
PO020309,SUP010,P00205,LandingGear,15,13897.05,SITE06,2024-10-21,2024-11-14,2024-11-13,24,23,-1,1.27,0.4331,0.0006,Low,0,0,0.28228275664815694,Low,5746,28.23
PO018389,SUP012,P00187,Structure,16,15218.72,SITE04,2024-08-05,2024-08-28,2024-08-30,23,25,2,1.08,0.4156,0.0007,Low,1,0,0.2819286525903273,Low,5747,28.19
PO026282,SUP036,P00268,Cabin,32,13676.8,SITE06,2022-05-09,2022-06-26,2022-06-26,48,48,0,1.16,0.4146,0.0,Low,0,0,0.28191757611695517,Low,5748,28.19
PO027054,SUP004,P00274,Avionics,8,1752.56,SITE05,2023-03-13,2023-04-18,2023-04-18,36,36,0,1.19,0.4586,0.001,Low,0,0,0.281247207687845,Low,5749,28.12
PO025073,SUP017,P00258,LandingGear,8,24259.04,SITE03,2023-04-17,2023-05-05,2023-05-06,18,19,1,1.1,0.4293,0.0006,Low,1,0,0.2806242581686929,Low,5750,28.06
PO022459,SUP001,P00227,LandingGear,4,2957.08,SITE02,2024-03-11,2024-04-19,2024-04-16,39,36,-3,1.23,0.4219,0.0006,Low,0,0,0.2805451609506712,Low,5751,28.05
PO016379,SUP012,P00165,Electrical,6,8623.86,SITE03,2022-08-15,2022-08-30,2022-08-28,15,13,-2,1.0,0.4,0.0004,Low,0,0,0.27996826462266283,Low,5752,28.0
PO015939,SUP017,P00160,Hydraulics,4,8183.6,SITE03,2023-05-01,2023-05-27,2023-05-26,26,25,-1,1.09,0.4293,0.0006,Low,0,0,0.2794553600493756,Low,5753,27.95
PO009371,SUP030,P00093,Engine,5,2545.2,SITE05,2022-04-11,2022-05-20,2022-05-19,39,38,-1,1.37,0.4595,0.0,Low,0,0,0.27926516849214217,Low,5754,27.93
PO024569,SUP028,P00253,Hydraulics,6,3125.04,SITE05,2023-05-08,2023-05-31,2023-06-01,23,24,1,0.98,0.3877,0.0008,Low,1,0,0.27923741650527373,Low,5755,27.92
PO012383,SUP020,P00124,Electrical,9,9168.48,SITE03,2023-04-17,2023-05-02,2023-05-01,15,14,-1,1.08,0.3895,0.0005,Low,0,0,0.27906674940651044,Low,5756,27.91
PO015971,SUP017,P00160,Hydraulics,6,12275.4,SITE05,2023-02-20,2023-03-24,2023-03-26,32,34,2,1.11,0.436,0.0007,Low,1,0,0.2787907975616732,Low,5757,27.88
PO001401,SUP030,P00011,Fasteners,10,5380.2,SITE06,2022-05-16,2022-07-01,2022-07-04,46,49,3,1.36,0.4726,0.0,Low,1,0,0.27863032972140594,Low,5758,27.86
PO014228,SUP010,P00143,Avionics,30,7864.8,SITE05,2023-01-30,2023-02-28,2023-02-25,29,26,-3,1.4,0.4611,0.0004,Low,0,0,0.27847515852008714,Low,5759,27.85
PO000275,SUP028,P00002,Cabin,21,14087.64,SITE06,2024-05-27,2024-06-28,2024-06-25,32,29,-3,1.1,0.4125,0.0009,Low,0,0,0.2784057566017403,Low,5760,27.84
PO008897,SUP029,P00088,Structure,7,12395.11,SITE05,2024-01-08,2024-02-11,2024-02-10,34,33,-1,1.24,0.433,0.0009,Low,0,0,0.27830480049439665,Low,5761,27.83
PO010865,SUP029,P00109,Engine,5,4000.1,SITE01,2024-10-14,2024-12-04,2024-12-02,51,49,-2,1.21,0.4302,0.0009,Low,0,0,0.2781996629697266,Low,5762,27.82
PO021126,SUP008,P00216,Avionics,11,3375.46,SITE01,2023-01-02,2023-01-31,2023-01-31,29,29,0,1.32,0.4785,0.0004,Low,0,0,0.2779504021578603,Low,5763,27.8
PO004873,SUP004,P00050,Structure,7,3137.82,SITE04,2024-12-23,2025-01-26,2025-01-27,34,35,1,1.17,0.4338,0.0007,Low,1,0,0.2778576420357969,Low,5764,27.79
PO007738,SUP012,P00079,Electrical,3,3998.1,SITE04,2023-01-09,2023-01-26,2023-01-26,17,17,0,0.92,0.3799,0.0006,Low,0,0,0.2778020669666168,Low,5765,27.78
PO010890,SUP029,P00109,Engine,8,6400.16,SITE04,2023-12-18,2024-01-30,2024-02-03,43,47,4,1.23,0.4312,0.0009,Low,1,0,0.2775507893422169,Low,5766,27.76
PO022212,SUP028,P00224,Fasteners,8,22862.48,SITE06,2022-02-28,2022-03-26,2022-03-29,26,29,3,0.81,0.3519,0.002,Low,1,0,0.2774063280474113,Low,5767,27.74
PO002605,SUP030,P00026,Fasteners,10,10949.7,SITE05,2022-08-22,2022-09-26,2022-09-27,35,36,1,1.28,0.4528,0.0007,Low,1,0,0.2772179258231283,Low,5768,27.72
PO025912,SUP020,P00266,Fasteners,25,33823.25,SITE06,2024-04-22,2024-05-22,2024-05-19,30,27,-3,1.03,0.3949,0.0009,Low,0,0,0.276104955004498,Low,5769,27.61
PO026258,SUP036,P00268,Cabin,21,8975.4,SITE05,2023-06-12,2023-08-02,2023-08-06,51,55,4,1.18,0.4173,0.0028,Low,1,0,0.2760954316645678,Low,5770,27.61
PO014944,SUP010,P00150,Fasteners,12,25006.68,SITE06,2022-11-21,2022-12-23,2022-12-25,32,34,2,1.42,0.4712,0.0003,Low,1,0,0.275742294881662,Low,5771,27.57
PO004200,SUP028,P00043,Electrical,6,10675.98,SITE04,2022-03-07,2022-03-28,2022-03-30,21,23,2,0.95,0.3793,0.0018,Low,1,0,0.274662797089418,Low,5772,27.47
PO020255,SUP010,P00205,LandingGear,43,39838.21,SITE04,2024-10-28,2024-11-22,2024-11-20,25,23,-2,1.27,0.4323,0.0006,Low,0,0,0.27443669244863067,Low,5773,27.44
PO015279,SUP012,P00154,Avionics,22,5093.0,SITE04,2023-09-25,2023-10-27,2023-10-24,32,29,-3,0.99,0.4006,0.0005,Low,0,0,0.27442408193828166,Low,5774,27.44
PO008872,SUP029,P00088,Structure,8,14165.84,SITE04,2023-10-02,2023-11-06,2023-11-03,35,32,-3,1.23,0.4365,0.0006,Low,0,0,0.27432305241029764,Low,5775,27.43
PO022639,SUP001,P00229,Hydraulics,6,2921.46,SITE06,2023-05-22,2023-07-03,2023-07-02,42,41,-1,1.26,0.45,0.0009,Low,0,0,0.2741041272973505,Low,5776,27.41
PO014340,SUP031,P00144,Fasteners,17,20334.04,SITE03,2024-06-24,2024-07-31,2024-07-28,37,34,-3,1.27,0.4386,0.0006,Low,0,0,0.2739738827878555,Low,5777,27.4
PO013812,SUP030,P00140,Structure,14,3448.34,SITE02,2023-01-23,2023-02-20,2023-02-17,28,25,-3,1.19,0.424,0.0005,Low,0,0,0.2738873252033945,Low,5778,27.39
PO001779,SUP031,P00017,Cabin,19,122786.93,SITE04,2024-09-30,2024-11-08,2024-11-06,39,37,-2,1.26,0.4383,0.0005,Low,0,0,0.27363002122856994,Low,5779,27.36
PO022264,SUP032,P00225,LandingGear,6,4134.6,SITE02,2022-11-07,2022-11-28,2022-11-25,21,18,-3,1.05,0.4252,0.0008,Low,0,0,0.27360380652485916,Low,5780,27.36
PO020852,SUP029,P00213,Avionics,4,1498.68,SITE02,2023-01-02,2023-02-09,2023-02-15,38,44,6,1.12,0.4064,0.0007,Low,1,0,0.2735545312223338,Low,5781,27.36
PO006148,SUP008,P00062,Electrical,2,19606.5,SITE01,2024-03-18,2024-04-12,2024-04-09,25,22,-3,1.15,0.4248,0.0012,Low,0,0,0.2731638102324977,Low,5782,27.32
PO002348,SUP030,P00025,Structure,6,2698.8,SITE01,2022-02-14,2022-03-24,2022-03-24,38,38,0,1.52,0.5,0.0,Low,0,0,0.273124858483285,Low,5783,27.31
PO010735,SUP017,P00108,Cabin,36,21661.92,SITE03,2023-05-29,2023-07-02,2023-07-05,34,37,3,1.11,0.4293,0.0006,Low,1,0,0.27298553024029676,Low,5784,27.3
PO016349,SUP012,P00165,Electrical,5,7186.55,SITE01,2022-08-29,2022-09-15,2022-09-18,17,20,3,0.99,0.397,0.0003,Low,1,0,0.27291328777244966,Low,5785,27.29
PO026665,SUP036,P00272,Avionics,23,4651.98,SITE02,2024-07-08,2024-08-24,2024-08-30,47,53,6,1.21,0.418,0.0015,Low,1,0,0.2719013154663572,Low,5786,27.19
PO017273,SUP034,P00176,Fasteners,8,4805.52,SITE01,2023-09-11,2023-10-25,2023-10-26,44,45,1,1.19,0.4481,0.0018,Low,1,0,0.27078653474111425,Low,5787,27.08
PO015925,SUP017,P00160,Hydraulics,3,6137.7,SITE01,2024-04-01,2024-05-01,2024-04-28,30,27,-3,1.08,0.4092,0.0008,Low,0,0,0.2704152665590236,Low,5788,27.04
PO026190,SUP036,P00268,Cabin,40,17096.0,SITE03,2023-06-19,2023-08-03,2023-08-01,45,43,-2,1.18,0.4181,0.0028,Low,0,0,0.269977445230066,Low,5789,27.0
PO001795,SUP031,P00017,Cabin,17,109861.99,SITE06,2022-06-06,2022-07-17,2022-07-15,41,39,-2,1.18,0.3932,0.0009,Low,0,0,0.26943711844636015,Low,5790,26.94
PO013406,SUP034,P00136,LandingGear,18,55772.28,SITE04,2024-11-18,2024-12-15,2024-12-14,27,26,-1,1.25,0.4486,0.0019,Low,0,0,0.26865245840843216,Low,5791,26.87
PO001367,SUP030,P00011,Fasteners,16,8608.32,SITE04,2022-11-28,2023-01-02,2023-01-07,35,40,5,1.26,0.441,0.0007,Low,1,0,0.26861173256718657,Low,5792,26.86
PO018355,SUP012,P00187,Structure,6,5707.02,SITE03,2022-05-23,2022-06-18,2022-06-17,26,25,-1,0.95,0.3896,0.0,Low,0,0,0.2682403052707111,Low,5793,26.82
PO003601,SUP017,P00038,Fasteners,21,24025.68,SITE04,2024-03-18,2024-04-10,2024-04-08,23,21,-2,1.08,0.4106,0.0008,Low,0,0,0.26823397557972906,Low,5794,26.82
PO013397,SUP034,P00136,LandingGear,5,15492.3,SITE04,2023-07-17,2023-08-15,2023-08-18,29,32,3,1.2,0.4513,0.0019,Low,1,0,0.2679784415686928,Low,5795,26.8
PO025407,SUP030,P00262,Structure,12,4912.2,SITE02,2024-12-09,2025-01-08,2025-01-08,30,30,0,1.19,0.4234,0.0009,Low,0,0,0.2670618190876505,Low,5796,26.71
PO012006,SUP035,P00121,Avionics,18,5334.3,SITE05,2024-03-11,2024-04-05,2024-04-05,25,25,0,1.27,0.4469,0.002,Low,0,0,0.26705237490579087,Low,5797,26.71
PO028457,SUP004,P00289,Structure,12,4277.16,SITE05,2023-10-16,2023-11-16,2023-11-14,31,29,-2,1.19,0.4571,0.0007,Low,0,0,0.2668694633733926,Low,5798,26.69
PO005775,SUP036,P00059,Cabin,36,42622.92,SITE03,2023-07-24,2023-09-05,2023-09-10,43,48,5,1.16,0.4097,0.0026,Low,1,0,0.26640952663898515,Low,5799,26.64
PO008262,SUP030,P00083,Fasteners,20,12676.2,SITE04,2024-04-08,2024-05-15,2024-05-14,37,36,-1,1.18,0.4247,0.0008,Low,0,0,0.26587926258522504,Low,5800,26.59
PO004604,SUP011,P00047,Avionics,3,526.14,SITE04,2024-01-22,2024-03-09,2024-03-11,47,49,2,1.21,0.4103,0.0011,Low,1,0,0.2658420750307314,Low,5801,26.58
PO005613,SUP001,P00058,Hydraulics,8,12579.92,SITE02,2022-05-16,2022-06-25,2022-06-23,40,38,-2,1.37,0.4891,0.0,Low,0,0,0.2656455719203784,Low,5802,26.56
PO013047,SUP037,P00132,Fasteners,12,11397.0,SITE03,2024-12-23,2025-01-24,2025-01-27,32,35,3,1.22,0.4422,0.0012,Low,1,0,0.26552407179989124,Low,5803,26.55
PO018368,SUP012,P00187,Structure,18,17121.06,SITE04,2022-06-20,2022-07-17,2022-07-16,27,26,-1,0.94,0.3833,0.0005,Low,0,0,0.26542224052635904,Low,5804,26.54
PO013875,SUP030,P00140,Structure,20,4926.2,SITE05,2022-07-11,2022-08-08,2022-08-10,28,30,2,1.3,0.4601,0.0004,Low,1,0,0.2651919913408454,Low,5805,26.52
PO028149,SUP035,P00287,Cabin,6,12400.5,SITE01,2024-07-01,2024-08-09,2024-08-07,39,37,-2,1.24,0.4417,0.0018,Low,0,0,0.2650349081855949,Low,5806,26.5
PO005720,SUP036,P00059,Cabin,15,17759.55,SITE01,2024-06-24,2024-08-03,2024-07-31,40,37,-3,1.22,0.4178,0.0016,Low,0,0,0.2647053382028721,Low,5807,26.47
PO022095,SUP012,P00223,Avionics,26,13876.98,SITE06,2023-07-03,2023-08-05,2023-08-05,33,33,0,1.02,0.406,0.0004,Low,0,0,0.26419884041347264,Low,5808,26.42
PO025372,SUP030,P00262,Structure,5,2046.75,SITE01,2023-01-30,2023-02-28,2023-02-26,29,27,-2,1.18,0.4225,0.0005,Low,0,0,0.26390321195085753,Low,5809,26.39
PO011904,SUP035,P00121,Avionics,7,2074.45,SITE02,2022-07-25,2022-08-23,2022-08-22,29,28,-1,1.47,0.4615,0.0,Low,0,0,0.2638165752908257,Low,5810,26.38
PO009347,SUP030,P00093,Engine,6,3054.24,SITE02,2024-01-29,2024-03-15,2024-03-12,46,43,-3,1.17,0.4229,0.0007,Low,0,0,0.2633642761986062,Low,5811,26.34
PO015992,SUP012,P00161,Engine,1,4072.98,SITE01,2023-08-21,2023-09-30,2023-10-01,40,41,1,1.0,0.3981,0.0005,Low,1,0,0.263354065803656,Low,5812,26.34
PO002572,SUP030,P00026,Fasteners,13,14234.61,SITE04,2022-12-26,2023-01-31,2023-01-30,36,35,-1,1.2,0.43,0.0006,Low,0,0,0.2633291899904627,Low,5813,26.33
PO026245,SUP036,P00268,Cabin,18,7693.2,SITE05,2022-03-07,2022-04-28,2022-04-25,52,49,-3,1.15,0.4359,0.0,Low,0,0,0.2629267610400149,Low,5814,26.29
PO014119,SUP010,P00143,Avionics,14,3670.24,SITE01,2022-08-29,2022-09-27,2022-09-30,29,32,3,1.4,0.4928,0.0004,Low,1,0,0.2627930573409763,Low,5815,26.28
PO006764,SUP010,P00068,LandingGear,6,6490.62,SITE05,2023-12-11,2024-01-07,2024-01-04,27,24,-3,1.32,0.4454,0.0005,Low,0,0,0.2627687496947209,Low,5816,26.28
PO019124,SUP036,P00195,LandingGear,4,35402.24,SITE01,2023-08-21,2023-09-22,2023-09-22,32,32,0,1.15,0.4062,0.0024,Low,0,0,0.2619773041814199,Low,5817,26.2
PO012280,SUP029,P00123,Cabin,42,126030.66,SITE04,2023-08-07,2023-09-24,2023-09-24,48,48,0,1.2,0.4309,0.0006,Low,0,0,0.2609628906561701,Low,5818,26.1
PO010905,SUP029,P00109,Engine,4,3200.08,SITE05,2024-10-07,2024-11-26,2024-11-25,50,49,-1,1.2,0.429,0.0009,Low,0,0,0.2608099165529259,Low,5819,26.08
PO014785,SUP028,P00149,Fasteners,18,36786.78,SITE04,2024-01-01,2024-01-31,2024-01-28,30,27,-3,1.06,0.4056,0.001,Low,0,0,0.26009031582733577,Low,5820,26.01
PO029590,SUP035,P00300,Fasteners,57,191010.42,SITE04,2022-03-07,2022-04-05,2022-04-02,29,26,-3,1.34,0.4,0.0,Low,0,0,0.2594712650853728,Low,5821,25.95
PO021382,SUP007,P00217,Fasteners,10,6912.8,SITE05,2022-11-28,2023-01-01,2023-01-04,34,37,3,1.37,0.4565,0.0,Low,1,0,0.2589281645966855,Low,5822,25.89
PO025419,SUP030,P00262,Structure,24,9824.4,SITE03,2023-02-13,2023-03-16,2023-03-17,31,32,1,1.18,0.4236,0.0005,Low,1,0,0.25864101417654267,Low,5823,25.86
PO025325,SUP010,P00261,Electrical,11,46689.5,SITE04,2022-12-05,2022-12-29,2023-01-01,24,27,3,1.4,0.46,0.0005,Low,1,0,0.258599853667407,Low,5824,25.86
PO016400,SUP012,P00165,Electrical,4,5749.24,SITE04,2024-02-19,2024-03-05,2024-03-05,15,15,0,1.0,0.3983,0.0005,Low,0,0,0.25855564032698464,Low,5825,25.86
PO021397,SUP007,P00217,Fasteners,23,15899.44,SITE06,2022-05-02,2022-06-09,2022-06-16,38,45,7,1.42,0.4699,0.0,Low,1,0,0.2583433209383842,Low,5826,25.83
PO026142,SUP036,P00268,Cabin,7,2991.8,SITE01,2024-10-07,2024-11-24,2024-11-23,48,47,-1,1.22,0.4176,0.0014,Low,0,0,0.2580225761892429,Low,5827,25.8
PO001166,SUP012,P00009,Structure,9,27112.23,SITE04,2024-03-04,2024-03-27,2024-03-28,23,24,1,1.0,0.3983,0.0005,Low,1,0,0.25801644639345656,Low,5828,25.8
PO002513,SUP030,P00026,Fasteners,33,36134.01,SITE01,2023-11-06,2023-12-04,2023-12-03,28,27,-1,1.17,0.4251,0.0006,Low,0,0,0.2572700635570369,Low,5829,25.73
PO010933,SUP036,P00110,Fasteners,3,37676.37,SITE01,2022-09-26,2022-11-04,2022-11-07,39,42,3,1.08,0.3942,0.0017,Low,1,0,0.2571621926548397,Low,5830,25.72
PO008256,SUP030,P00083,Fasteners,23,14577.63,SITE04,2023-05-15,2023-06-19,2023-06-18,35,34,-1,1.19,0.4158,0.0004,Low,0,0,0.256794431528558,Low,5831,25.68
PO011264,SUP008,P00115,Cabin,15,44373.45,SITE02,2023-10-23,2023-12-04,2023-12-06,42,44,2,1.19,0.4273,0.0012,Low,1,0,0.25631692936939116,Low,5832,25.63
PO008790,SUP022,P00087,Fasteners,5,27855.55,SITE04,2024-02-12,2024-03-06,2024-03-07,23,24,1,1.18,0.4434,0.0006,Low,1,0,0.25572438524692426,Low,5833,25.57
PO022165,SUP028,P00224,Fasteners,30,85734.3,SITE04,2022-03-14,2022-04-05,2022-04-04,22,21,-1,0.94,0.3881,0.0016,Low,0,0,0.2557011304694184,Low,5834,25.57
PO020084,SUP032,P00204,Fasteners,11,20123.62,SITE04,2022-04-25,2022-05-28,2022-05-30,33,35,2,1.0,0.4314,0.0028,Low,1,0,0.2552348417393174,Low,5835,25.52
PO025524,SUP029,P00263,Structure,30,25609.2,SITE01,2023-06-05,2023-07-16,2023-07-14,41,39,-2,1.21,0.4361,0.0007,Low,0,0,0.2552052111299892,Low,5836,25.52
PO001424,SUP030,P00011,Fasteners,11,5918.22,SITE06,2024-04-08,2024-05-20,2024-05-17,42,39,-3,1.18,0.4257,0.0008,Low,0,0,0.25407355916701235,Low,5837,25.41
PO001309,SUP030,P00011,Fasteners,13,6994.26,SITE01,2024-09-02,2024-10-10,2024-10-07,38,35,-3,1.2,0.4248,0.0009,Low,0,0,0.2526309074352396,Low,5838,25.26
PO006184,SUP007,P00063,Avionics,11,3953.95,SITE01,2024-07-22,2024-08-30,2024-08-30,39,39,0,1.3,0.4704,0.0001,Low,0,0,0.25247329475495395,Low,5839,25.25
PO001815,SUP031,P00017,Cabin,10,64624.7,SITE06,2024-11-25,2025-01-09,2025-01-14,45,50,5,1.29,0.4447,0.0005,Low,1,0,0.25238180638323693,Low,5840,25.24
PO004282,SUP017,P00044,Hydraulics,13,15893.41,SITE06,2022-11-21,2022-12-17,2022-12-14,26,23,-3,1.13,0.4324,0.0004,Low,0,0,0.25182095950070393,Low,5841,25.18
PO005773,SUP036,P00059,Cabin,26,30783.22,SITE03,2023-06-05,2023-07-22,2023-07-28,47,53,6,1.18,0.4211,0.0028,Low,1,0,0.25177730567955164,Low,5842,25.18
PO003982,SUP017,P00041,Fasteners,11,7708.58,SITE04,2022-12-19,2023-01-05,2023-01-05,17,17,0,1.13,0.4355,0.0005,Low,0,0,0.2516464666380301,Low,5843,25.16
PO003652,SUP017,P00038,Fasteners,21,24025.68,SITE06,2024-06-17,2024-07-12,2024-07-11,25,24,-1,1.1,0.4107,0.0008,Low,0,0,0.25110283441334397,Low,5844,25.11
PO021129,SUP008,P00216,Avionics,11,3375.46,SITE01,2023-06-12,2023-07-11,2023-07-20,29,38,9,1.24,0.4489,0.001,Low,1,0,0.2505414134775963,Low,5845,25.05
PO028151,SUP035,P00287,Cabin,15,31001.25,SITE01,2024-07-29,2024-09-03,2024-09-02,36,35,-1,1.22,0.4396,0.0018,Low,0,0,0.24982540828517932,Low,5846,24.98
PO025123,SUP017,P00258,LandingGear,6,18194.28,SITE06,2023-06-12,2023-07-01,2023-06-29,19,17,-2,1.11,0.434,0.0005,Low,0,0,0.2495593467270288,Low,5847,24.96
PO017749,SUP031,P00180,LandingGear,13,35866.09,SITE06,2022-09-05,2022-10-08,2022-10-08,33,33,0,1.13,0.3978,0.0006,Low,0,0,0.24940167559660226,Low,5848,24.94
PO003603,SUP017,P00038,Fasteners,16,18305.28,SITE04,2024-06-03,2024-06-29,2024-07-01,26,28,2,1.1,0.4104,0.0008,Low,1,0,0.24750481719442533,Low,5849,24.75
PO014824,SUP028,P00149,Fasteners,21,42917.91,SITE06,2022-07-25,2022-08-19,2022-08-24,25,30,5,0.98,0.3966,0.0009,Low,1,0,0.2463048628411129,Low,5850,24.63
PO025517,SUP029,P00263,Structure,28,23901.92,SITE01,2022-08-22,2022-09-24,2022-09-25,33,34,1,1.2,0.4307,0.0016,Low,1,0,0.24623752325563805,Low,5851,24.62
PO003605,SUP017,P00038,Fasteners,14,16017.12,SITE04,2024-11-18,2024-12-11,2024-12-11,23,23,0,1.11,0.4137,0.0007,Low,0,0,0.24513794504581615,Low,5852,24.51
PO005722,SUP036,P00059,Cabin,31,36703.07,SITE01,2024-07-15,2024-08-28,2024-08-26,44,42,-2,1.22,0.419,0.0015,Low,0,0,0.24415767925069345,Low,5853,24.42
PO022337,SUP032,P00225,LandingGear,8,5512.8,SITE06,2023-01-30,2023-02-20,2023-02-19,21,20,-1,0.99,0.3902,0.0031,Low,0,0,0.24355039626054364,Low,5854,24.36
PO022335,SUP032,P00225,LandingGear,11,7580.1,SITE06,2023-01-09,2023-01-31,2023-01-31,22,22,0,1.05,0.4118,0.0007,Low,0,0,0.24329011910126813,Low,5855,24.33
PO027872,SUP001,P00284,Fasteners,6,16965.42,SITE02,2024-04-01,2024-05-18,2024-05-18,47,47,0,1.21,0.415,0.0005,Low,0,0,0.2431924591717582,Low,5856,24.32
PO024555,SUP028,P00253,Hydraulics,9,4687.56,SITE04,2024-04-01,2024-04-25,2024-04-23,24,22,-2,1.08,0.4056,0.0009,Low,0,0,0.24222723864424828,Low,5857,24.22
PO002376,SUP030,P00025,Structure,11,4947.8,SITE02,2023-01-02,2023-02-04,2023-02-04,33,33,0,1.18,0.4264,0.0006,Low,0,0,0.24146057188739695,Low,5858,24.15
PO018828,SUP017,P00192,Structure,22,10969.42,SITE04,2023-11-20,2023-12-13,2023-12-12,23,22,-1,1.09,0.4209,0.0005,Low,0,0,0.2412266785596943,Low,5859,24.12
PO003407,SUP037,P00036,Structure,13,11115.65,SITE04,2022-01-24,2022-02-27,2022-02-24,34,31,-3,0.93,0.2,0.0,Low,0,0,0.23982842193963919,Low,5860,23.98
PO017442,SUP010,P00177,Avionics,2,655.4,SITE02,2022-11-28,2022-12-28,2022-12-26,30,28,-2,1.42,0.4704,0.0003,Low,0,0,0.2396403683605697,Low,5861,23.96
PO020099,SUP032,P00204,Fasteners,15,27441.3,SITE04,2023-06-19,2023-07-22,2023-07-26,33,37,4,0.86,0.3425,0.0023,Low,1,0,0.23913233364810244,Low,5862,23.91
PO026405,SUP011,P00269,Avionics,11,8738.51,SITE05,2022-03-14,2022-04-27,2022-04-30,44,47,3,1.15,0.3415,0.0,Low,1,0,0.23824154882406834,Low,5863,23.82
PO007252,SUP035,P00073,Avionics,3,10282.95,SITE04,2024-04-08,2024-05-12,2024-05-09,34,31,-3,1.27,0.4468,0.0019,Low,0,0,0.23795541119390232,Low,5864,23.8
PO010856,SUP017,P00108,Cabin,43,25873.96,SITE06,2024-09-30,2024-11-13,2024-11-14,44,45,1,1.11,0.4147,0.0007,Low,1,0,0.23733425182449086,Low,5865,23.73
PO010842,SUP017,P00108,Cabin,23,13839.56,SITE06,2023-09-04,2023-10-10,2023-10-07,36,33,-3,1.08,0.4189,0.0005,Low,0,0,0.23712249425583698,Low,5866,23.71
PO012231,SUP029,P00123,Cabin,14,42010.22,SITE02,2024-10-28,2024-12-16,2024-12-17,49,50,1,1.21,0.4292,0.0009,Low,1,0,0.23665117232455657,Low,5867,23.67
PO008021,SUP037,P00081,Electrical,7,24394.16,SITE04,2022-12-12,2023-01-04,2023-01-04,23,23,0,1.34,0.4762,0.0019,Low,0,0,0.23559630307341425,Low,5868,23.56
PO029554,SUP035,P00300,Fasteners,5,16755.3,SITE01,2023-04-03,2023-05-08,2023-05-08,35,35,0,1.4,0.449,0.0032,Low,0,0,0.23557319963318424,Low,5869,23.56
PO002373,SUP030,P00025,Structure,13,5847.4,SITE02,2022-09-26,2022-10-31,2022-10-28,35,32,-3,1.28,0.4437,0.0006,Low,0,0,0.23548769178872944,Low,5870,23.55
PO005864,SUP036,P00059,Cabin,29,34335.13,SITE06,2022-08-22,2022-10-05,2022-10-02,44,41,-3,1.15,0.4176,0.0019,Low,0,0,0.23444666057045993,Low,5871,23.44
PO001400,SUP030,P00011,Fasteners,27,14526.54,SITE06,2022-04-11,2022-05-25,2022-05-22,44,41,-3,1.43,0.4712,0.0,Low,0,0,0.23402213409896466,Low,5872,23.4
PO020249,SUP010,P00205,LandingGear,58,53735.26,SITE04,2024-07-29,2024-08-21,2024-08-20,23,22,-1,1.28,0.4362,0.0007,Low,0,0,0.23390992707942834,Low,5873,23.39
PO026628,SUP036,P00272,Avionics,2,404.52,SITE01,2023-03-06,2023-04-26,2023-04-23,51,48,-3,1.22,0.429,0.0032,Low,0,0,0.23351271762713618,Low,5874,23.35
PO006178,SUP007,P00063,Avionics,8,2875.6,SITE01,2023-07-31,2023-09-09,2023-09-10,40,41,1,1.33,0.4699,0.0002,Low,1,0,0.23174503520662734,Low,5875,23.17
PO010576,SUP001,P00106,Avionics,9,1599.03,SITE06,2022-12-26,2023-02-13,2023-02-12,49,48,-1,1.24,0.4608,0.0009,Low,0,0,0.23146380085760063,Low,5876,23.15
PO008031,SUP037,P00081,Electrical,10,34848.8,SITE04,2024-02-19,2024-03-09,2024-03-12,19,22,3,1.21,0.4426,0.001,Low,1,0,0.22973029539714163,Low,5877,22.97
PO013036,SUP037,P00132,Fasteners,16,15196.0,SITE03,2024-04-29,2024-05-30,2024-05-30,31,31,0,1.23,0.4451,0.0009,Low,0,0,0.22769333166095682,Low,5878,22.77
PO012235,SUP029,P00123,Cabin,38,114027.74,SITE03,2022-05-09,2022-06-23,2022-06-20,45,42,-3,1.27,0.4156,0.0036,Low,0,0,0.22762434209159632,Low,5879,22.76
PO014892,SUP010,P00150,Fasteners,7,14587.23,SITE03,2024-02-26,2024-03-27,2024-03-26,30,29,-1,1.3,0.4416,0.0006,Low,0,0,0.2271805102846414,Low,5880,22.72
PO026907,SUP037,P00273,Fasteners,22,42055.86,SITE06,2022-01-24,2022-02-27,2022-02-26,34,33,-1,0.9,0.2381,0.0,Low,0,0,0.22675777707460393,Low,5881,22.68
PO017433,SUP010,P00177,Avionics,7,2293.9,SITE01,2023-10-02,2023-11-06,2023-11-04,35,33,-2,1.36,0.4603,0.0004,Low,0,0,0.22647364414110327,Low,5882,22.65
PO010931,SUP036,P00110,Fasteners,5,62793.95,SITE01,2022-06-27,2022-08-07,2022-08-07,41,41,0,1.06,0.4091,0.0025,Low,0,0,0.2258978712564478,Low,5883,22.59
PO026629,SUP036,P00272,Avionics,13,2629.38,SITE01,2023-04-17,2023-06-13,2023-06-14,57,58,1,1.18,0.4247,0.0029,Low,1,0,0.22554915412358567,Low,5884,22.55
PO026908,SUP037,P00273,Fasteners,23,43967.49,SITE06,2022-02-07,2022-03-10,2022-03-07,31,28,-3,0.86,0.25,0.0,Low,0,0,0.22530251046276858,Low,5885,22.53
PO004342,SUP019,P00045,Fasteners,18,72812.7,SITE04,2022-05-16,2022-06-16,2022-06-16,31,31,0,1.17,0.4321,0.0,Low,0,0,0.22507120278400972,Low,5886,22.51
PO020191,SUP010,P00205,LandingGear,9,8338.23,SITE02,2023-03-06,2023-04-03,2023-04-04,28,29,1,1.43,0.4624,0.0004,Low,1,0,0.22411280167367886,Low,5887,22.41
PO003987,SUP017,P00041,Fasteners,21,14716.38,SITE04,2023-11-20,2023-12-15,2023-12-12,25,22,-3,1.09,0.42,0.0005,Low,0,0,0.22402719643771998,Low,5888,22.4
PO025717,SUP007,P00265,Hydraulics,7,2779.42,SITE04,2023-05-01,2023-06-05,2023-06-05,35,35,0,1.36,0.4682,0.0,Low,0,0,0.22280417446193107,Low,5889,22.28
PO012956,SUP017,P00131,Engine,2,794.98,SITE02,2024-01-22,2024-02-26,2024-03-02,35,40,5,1.07,0.4112,0.0008,Low,1,0,0.21953663220559774,Low,5890,21.95
PO014670,SUP019,P00148,Fasteners,6,72372.72,SITE04,2024-10-21,2024-11-16,2024-11-22,26,32,6,1.2,0.4306,0.0015,Low,1,0,0.21926491496723866,Low,5891,21.93
PO003985,SUP017,P00041,Fasteners,17,11913.26,SITE04,2023-06-19,2023-07-10,2023-07-11,21,22,1,1.11,0.4319,0.0005,Low,1,0,0.21924261227001135,Low,5892,21.92
PO022052,SUP012,P00223,Avionics,15,8005.95,SITE04,2024-04-22,2024-05-19,2024-05-16,27,24,-3,1.01,0.4011,0.0006,Low,0,0,0.21921912884728584,Low,5893,21.92
PO025865,SUP020,P00266,Fasteners,27,36529.11,SITE05,2023-05-08,2023-06-03,2023-06-01,26,24,-2,1.06,0.3911,0.0004,Low,0,0,0.2191831080942469,Low,5894,21.92
PO026449,SUP011,P00269,Avionics,8,6355.28,SITE06,2024-06-10,2024-07-27,2024-07-27,47,47,0,1.26,0.4295,0.0009,Low,0,0,0.21841462780738344,Low,5895,21.84
PO008006,SUP037,P00081,Electrical,9,31363.92,SITE02,2024-05-06,2024-05-28,2024-05-27,22,21,-1,1.23,0.4454,0.001,Low,0,0,0.2181662707481804,Low,5896,21.82
PO023135,SUP030,P00236,Hydraulics,2,12120.88,SITE02,2022-09-19,2022-10-26,2022-10-26,37,37,0,1.29,0.451,0.0006,Low,0,0,0.21722832983713203,Low,5897,21.72
PO012920,SUP010,P00130,Structure,17,17956.76,SITE04,2024-02-05,2024-02-27,2024-02-24,22,19,-3,1.3,0.4389,0.0005,Low,0,0,0.21653713482407516,Low,5898,21.65
PO014671,SUP019,P00148,Fasteners,4,48248.48,SITE04,2024-10-28,2024-11-23,2024-11-20,26,23,-3,1.21,0.4323,0.0015,Low,0,0,0.21651570163907807,Low,5899,21.65
PO007604,SUP012,P00078,Electrical,4,6609.44,SITE03,2022-07-18,2022-08-03,2022-08-03,16,16,0,0.96,0.3897,0.0004,Low,0,0,0.21643100479899777,Low,5900,21.64
PO007730,SUP012,P00079,Electrical,7,9328.9,SITE03,2024-02-12,2024-03-01,2024-02-27,18,15,-3,1.0,0.398,0.0005,Low,0,0,0.2149624074807925,Low,5901,21.5
PO014080,SUP031,P00142,LandingGear,5,2807.75,SITE04,2024-05-27,2024-06-27,2024-06-27,31,31,0,1.27,0.4369,0.0006,Low,0,0,0.21487375340316486,Low,5902,21.49
PO006853,SUP037,P00069,Avionics,15,31111.05,SITE06,2023-02-27,2023-04-01,2023-04-04,33,36,3,1.24,0.4537,0.0015,Low,1,0,0.21382585851742358,Low,5903,21.38
PO027219,SUP007,P00276,Engine,7,8668.8,SITE04,2023-12-11,2024-01-24,2024-01-26,44,46,2,1.27,0.4686,0.0002,Low,1,0,0.21363644097724258,Low,5904,21.36
PO025129,SUP017,P00258,LandingGear,6,18194.28,SITE06,2024-07-08,2024-07-24,2024-07-23,16,15,-1,1.1,0.4093,0.0008,Low,0,0,0.2125037684181399,Low,5905,21.25
PO008904,SUP029,P00088,Structure,15,26560.95,SITE06,2022-03-21,2022-04-25,2022-05-01,35,41,6,0.98,0.3191,0.0047,Low,1,0,0.21101476951512108,Low,5906,21.1
PO008564,SUP022,P00086,Cabin,5,6523.15,SITE01,2022-02-28,2022-04-02,2022-03-30,33,30,-3,0.84,0.3721,0.0,Low,0,0,0.2106706020980215,Low,5907,21.07
PO000169,SUP028,P00002,Cabin,33,22137.72,SITE03,2024-04-08,2024-05-04,2024-05-06,26,28,2,1.08,0.4059,0.0009,Low,1,0,0.20991107432159783,Low,5908,20.99
PO025390,SUP030,P00262,Structure,13,5321.55,SITE02,2023-01-30,2023-03-03,2023-02-28,32,29,-3,1.18,0.4215,0.0005,Low,0,0,0.20948253230858344,Low,5909,20.95
PO022344,SUP032,P00225,LandingGear,9,6201.9,SITE06,2023-08-14,2023-09-06,2023-09-05,23,22,-1,0.84,0.3279,0.0024,Low,0,0,0.20759726180292024,Low,5910,20.76
PO008264,SUP030,P00083,Fasteners,19,12042.39,SITE04,2024-05-06,2024-06-11,2024-06-10,36,35,-1,1.2,0.4261,0.0008,Low,0,0,0.20682045972789073,Low,5911,20.68
PO009445,SUP011,P00094,LandingGear,15,28807.05,SITE04,2023-02-27,2023-03-28,2023-03-25,29,26,-3,1.13,0.3923,0.0004,Low,0,0,0.2063361609467859,Low,5912,20.63
PO023035,SUP004,P00234,Electrical,4,18439.92,SITE02,2023-08-28,2023-09-26,2023-09-26,29,29,0,1.19,0.4605,0.0007,Low,0,0,0.20620955395899784,Low,5913,20.62
PO006863,SUP037,P00069,Avionics,7,14518.49,SITE06,2024-05-20,2024-06-21,2024-06-18,32,29,-3,1.22,0.439,0.001,Low,0,0,0.20292528031711957,Low,5914,20.29
PO008012,SUP037,P00081,Electrical,3,10454.64,SITE03,2023-06-05,2023-06-28,2023-06-28,23,23,0,1.18,0.433,0.0014,Low,0,0,0.2024286065101695,Low,5915,20.24
PO012991,SUP037,P00132,Fasteners,29,27542.75,SITE01,2023-06-19,2023-07-21,2023-07-21,32,32,0,1.18,0.4312,0.0013,Low,0,0,0.2004333915430407,Low,5916,20.04
PO025901,SUP020,P00266,Fasteners,21,28411.53,SITE06,2023-07-03,2023-08-01,2023-07-29,29,26,-3,1.07,0.3894,0.0008,Low,0,0,0.20018010815300583,Low,5917,20.02
PO013724,SUP001,P00139,Structure,7,11193.98,SITE02,2024-01-01,2024-01-31,2024-02-01,30,31,1,1.23,0.4219,0.0006,Low,1,0,0.1963527855586679,Low,5918,19.64
PO027883,SUP001,P00284,Fasteners,10,28275.7,SITE03,2023-05-22,2023-07-13,2023-07-14,52,53,1,1.26,0.4503,0.0009,Low,1,0,0.19430329374421196,Low,5919,19.43
PO014238,SUP010,P00143,Avionics,13,3408.08,SITE05,2024-02-12,2024-03-08,2024-03-11,25,28,3,1.29,0.436,0.0006,Low,1,0,0.19316666450355885,Low,5920,19.32
PO018385,SUP012,P00187,Structure,16,15218.72,SITE04,2023-09-11,2023-10-05,2023-10-06,24,25,1,1.0,0.4027,0.0005,Low,1,0,0.19279068780005812,Low,5921,19.28
PO026140,SUP036,P00268,Cabin,7,2991.8,SITE01,2024-09-16,2024-11-02,2024-11-02,47,47,0,1.23,0.4194,0.0014,Low,0,0,0.192413361330028,Low,5922,19.24
PO014760,SUP028,P00149,Fasteners,6,12262.26,SITE03,2023-11-06,2023-12-01,2023-12-04,25,28,3,1.05,0.4104,0.0011,Low,1,0,0.18900316932019584,Low,5923,18.9
PO022341,SUP032,P00225,LandingGear,25,17227.5,SITE06,2023-06-12,2023-07-04,2023-07-01,22,19,-3,0.86,0.338,0.0023,Low,0,0,0.18784902247036303,Low,5924,18.78
PO026631,SUP036,P00272,Avionics,5,1011.3,SITE01,2023-05-29,2023-07-14,2023-07-13,46,45,-1,1.19,0.4242,0.0029,Low,0,0,0.18271896970838825,Low,5925,18.27
PO022509,SUP001,P00227,LandingGear,29,21438.83,SITE04,2024-06-03,2024-07-05,2024-07-06,32,33,1,1.18,0.4103,0.0005,Low,1,0,0.18162122448797394,Low,5926,18.16
PO014109,SUP031,P00142,LandingGear,7,3930.85,SITE06,2024-07-01,2024-07-30,2024-07-29,29,28,-1,1.27,0.4383,0.0006,Low,0,0,0.17343458236624062,Low,5927,17.34
PO011315,SUP008,P00115,Cabin,55,162702.65,SITE04,2023-01-02,2023-02-12,2023-02-11,41,40,-1,1.34,0.4837,0.0004,Low,0,0,0.17075150404962636,Low,5928,17.08
PO027422,SUP022,P00278,Fasteners,37,201498.67,SITE04,2023-05-01,2023-05-22,2023-05-23,21,22,1,1.08,0.4179,0.0002,Low,1,0,0.16918023549260391,Low,5929,16.92
PO010852,SUP017,P00108,Cabin,41,24670.52,SITE06,2024-06-03,2024-07-10,2024-07-07,37,34,-3,1.11,0.4117,0.0008,Low,0,0,0.16601974366826358,Low,5930,16.6
PO013871,SUP030,P00140,Structure,20,4926.2,SITE04,2024-12-16,2025-01-16,2025-01-18,31,33,2,1.18,0.4216,0.0008,Low,1,0,0.16232699585600122,Low,5931,16.23
PO000277,SUP028,P00002,Cabin,27,18112.68,SITE06,2024-07-01,2024-08-03,2024-08-06,33,36,3,1.1,0.4106,0.0009,Low,1,0,0.14057262492915854,Low,5932,14.06
PO004634,SUP011,P00047,Avionics,7,1227.66,SITE06,2024-10-28,2024-12-15,2024-12-16,48,49,1,1.25,0.4272,0.0008,Low,1,0,0.14028541957839857,Low,5933,14.03
PO022339,SUP032,P00225,LandingGear,12,8269.2,SITE06,2023-04-10,2023-05-03,2023-05-01,23,21,-2,0.92,0.3586,0.0026,Low,0,0,0.11975830441489126,Low,5934,11.98
